Id,Label,timeset,abundance,type,class,gene,Degree,Weighted Degree,Eccentricity,closnesscentrality,harmonicclosnesscentrality,betweenesscentrality,Authority,Hub,modularity_class,componentnumber,pageranks,clustering,triangles,eigencentrality
1,2024 Branch,,0,ARG,Aminoglycoside,2024 Branch,0,0,0,0,0,0,0,0,0,0,0.000677,0,0,0
2,a 2394 Branch,,0,ARG,Aminoglycoside,a 2394 Branch,0,0,0,0,0,0,0,0,1,1,0.000677,0,0,0
3,ant6 Ib,,1484.74,ARG,Aminoglycoside,ant6 Ib,22,22,6,0.355556,0.430769,32.848161,0.00738,0.00738,82,2,0.004878,0.891775,206,0.124197
4,bacA,,3951.08,ARG,Bacitracin,bacA,46,46,6,0.427105,0.527484,2020.144542,0.114122,0.114122,82,2,0.007974,0.457971,474,0.746881
5,cfxA 2366,,39694.32,ARG,Beta-lactam,cfxA 2366,3,3,7,0.286107,0.322081,0.196078,0.00641,0.00641,74,2,0.001369,0.666667,2,0.038248
6,cfxA 2367,,62364.79,ARG,Beta-lactam,cfxA 2367,6,6,7,0.313253,0.352129,294.460791,0.000567,0.000567,67,2,0.003264,0.4,6,0.010436
7,cfxA2,,6834.41,ARG,Beta-lactam,cfxA2,19,19,7,0.318043,0.389709,5.644109,0.007998,0.007998,35,2,0.004355,0.988304,169,0.0935
8,cfxA3,,2394.6,ARG,Beta-lactam,cfxA3,27,27,7,0.399232,0.479373,111.761092,0.011696,0.011696,70,2,0.005608,0.763533,268,0.18576
9,cfxA6,,42116.69,ARG,Beta-lactam,cfxA6,26,26,6,0.361739,0.438782,247.145501,0.09696,0.09696,14,2,0.004583,0.729231,237,0.57378
10,pbp2,,2447.91,ARG,Beta-lactam,pbp2,43,43,5,0.452174,0.540385,277.481431,0.167066,0.167066,14,2,0.006691,0.811739,733,0.988012
11,pbp4,,0,ARG,Beta-lactam,pbp4,0,0,0,0,0,0,0,0,2,3,0.000677,0,0,0
12,bla 1029 Branch,,0,ARG,Beta-lactam,bla 1029 Branch,0,0,0,0,0,0,0,0,3,4,0.000677,0,0,0
13,bla 1030 Branch,,0,ARG,Beta-lactam,bla 1030 Branch,0,0,0,0,0,0,0,0,4,5,0.000677,0,0,0
14,blaACI 1,,40511.4,ARG,Beta-lactam,blaACI 1,8,8,7,0.288889,0.329773,349.372541,0.001795,0.001795,67,2,0.003779,0.535714,15,0.018626
15,blaAmpC,,1158.34,ARG,Beta-lactam,blaAmpC,35,35,6,0.381651,0.476923,550.379803,0.011871,0.011871,82,2,0.007222,0.478992,285,0.210655
16,blaAmpH,,1749.77,ARG,Beta-lactam,blaAmpH,32,32,6,0.370107,0.454647,807.600501,0.108828,0.108828,14,2,0.006316,0.631048,313,0.640387
17,blaCMY 111,,0,ARG,Beta-lactam,blaCMY 111,0,0,0,0,0,0,0,0,5,6,0.000677,0,0,0
18,blaCMY 27,,4329.24,ARG,Beta-lactam,blaCMY 27,6,6,6,0.297994,0.338301,52.799647,0.004452,0.004452,24,2,0.002896,0.866667,13,0.029124
19,blaCMY 32,,0,ARG,Beta-lactam,blaCMY 32,0,0,0,0,0,0,0,0,6,7,0.000677,0,0,0
20,baeR,,0,ARG,MDR,baeR,0,0,0,0,0,0,0,0,7,8,0.000677,0,0,0
21,evgA,,3263.43,ARG,MDR,evgA,9,9,5,0.363002,0.404087,399.467649,0.003432,0.003432,67,2,0.003172,0.416667,15,0.033902
22,H NS,,0,ARG,MDR,H NS,0,0,0,0,0,0,0,0,8,9,0.000677,0,0,0
23,acrF,,1032.44,ARG,MDR,acrF,41,41,5,0.441614,0.528766,96.882214,0.166207,0.166207,14,2,0.006288,0.886585,727,0.979459
24,pmrA,,1074.54,ARG,Polymyxin,pmrA,41,41,5,0.441614,0.528766,96.882214,0.166207,0.166207,14,2,0.006288,0.886585,727,0.979459
25,pmrB,,1475.61,ARG,Polymyxin,pmrB,16,16,6,0.371429,0.426042,47.371766,0.006712,0.006712,57,2,0.004068,0.841667,101,0.070826
26,pmrC,,2827.06,ARG,Polymyxin,pmrC,38,38,6,0.370766,0.47508,490.956139,0.012165,0.012165,82,2,0.007901,0.44239,311,0.221485
27,pmrE,,0,ARG,Polymyxin,pmrE,0,0,0,0,0,0,0,0,9,10,0.000677,0,0,0
28,pmrF,,1392.11,ARG,Polymyxin,pmrF,15,15,7,0.31563,0.37737,435.10722,0.003672,0.003672,74,2,0.005189,0.438095,46,0.035455
29,ermC,,627.49,ARG,Macrolide,ermC,27,27,7,0.399232,0.479373,111.761092,0.011696,0.011696,70,2,0.005608,0.763533,268,0.18576
30,tolC,,5343.24,ARG,MDR,tolC,44,44,5,0.467416,0.551843,795.807822,0.167882,0.167882,14,2,0.006846,0.778013,736,1
31,acrD,,0,ARG,MDR,acrD,0,0,0,0,0,0,0,0,10,11,0.000677,0,0,0
32,marA,,960.01,ARG,MDR,marA,10,10,7,0.305882,0.362111,22.599039,0.000448,0.000448,57,2,0.00323,0.822222,37,0.020678
33,mdtA,,1589.02,ARG,MDR,mdtA,11,11,7,0.268387,0.315877,53.816342,0.000216,0.000216,57,2,0.003773,0.454545,25,0.015732
34,mdtB,,856.51,ARG,MDR,mdtB,41,41,5,0.441614,0.528766,96.882214,0.166207,0.166207,14,2,0.006288,0.886585,727,0.979459
35,mdtC,,660.15,ARG,MDR,mdtC,27,27,7,0.399232,0.479373,111.761092,0.011696,0.011696,70,2,0.005608,0.763533,268,0.18576
36,mdtD,,1462.21,ARG,MDR,mdtD,41,41,5,0.441614,0.528766,96.882214,0.166207,0.166207,14,2,0.006288,0.886585,727,0.979459
37,mdtE,,5950.96,ARG,MDR,mdtE,15,15,7,0.316591,0.382944,87.45669,0.001247,0.001247,57,2,0.004265,0.447619,47,0.04473
38,mdtG,,923.86,ARG,MDR,mdtG,10,10,7,0.305882,0.362111,22.599039,0.000448,0.000448,57,2,0.00323,0.822222,37,0.020678
39,mdtN,,470.66,ARG,MDR,mdtN,22,22,6,0.355556,0.430769,32.848161,0.00738,0.00738,82,2,0.004878,0.891775,206,0.124197
40,mdtO,,1698.85,ARG,MDR,mdtO,19,19,6,0.328594,0.390705,198.574352,0.004523,0.004523,70,2,0.004725,0.608187,104,0.097443
41,mdtP,,3481.58,ARG,MDR,mdtP,25,25,6,0.389513,0.461138,840.298927,0.012063,0.012063,82,2,0.005736,0.49,147,0.154849
42,mdtH,,1700.47,ARG,MDR,mdtH,9,9,7,0.280323,0.333299,58.824781,0.000267,0.000267,57,2,0.00301,0.75,27,0.016376
43,mdtL,,1368.24,ARG,MDR,mdtL,17,17,6,0.381651,0.43726,136.766417,0.014949,0.014949,57,2,0.004127,0.713235,97,0.117482
44,mdtM,,0,ARG,MDR,mdtM,0,0,0,0,0,0,0,0,11,12,0.000677,0,0,0
45,gadX,,1221.66,ARG,MDR,gadX,6,6,7,0.202729,0.229773,121.955025,0.000003,0.000003,67,2,0.005388,0.6,9,0.002858
46,mdfA,,668.14,ARG,MDR,mdfA,41,41,5,0.441614,0.528766,96.882214,0.166207,0.166207,14,2,0.006288,0.886585,727,0.979459
47,emrE,,0,ARG,MDR,emrE,0,0,0,0,0,0,0,0,12,13,0.000677,0,0,0
48,emrY,,0,ARG,MDR,emrY,0,0,0,0,0,0,0,0,13,14,0.000677,0,0,0
49,mdtK,,2228.93,ARG,MDR,mdtK,43,43,5,0.453159,0.541587,320.434201,0.163473,0.163473,14,2,0.006746,0.775194,700,0.975188
50,acrE,,701.05,ARG,MDR,acrE,9,9,6,0.316591,0.363862,199.910621,0.000864,0.000864,70,2,0.003356,0.611111,22,0.025806
51,emrA,,736.43,ARG,MDR,emrA,41,41,5,0.441614,0.528766,96.882214,0.166207,0.166207,14,2,0.006288,0.886585,727,0.979459
52,emrK,,1995.33,ARG,Tetracycline,emrK,23,23,7,0.333333,0.411264,103.900991,0.00616,0.00616,70,2,0.005343,0.620553,157,0.128458
53,arnA,,1282.8,ARG,Polymyxin,arnA,56,56,6,0.419355,0.539263,2716.262955,0.15849,0.15849,14,2,0.009575,0.498701,768,0.971555
54,cpxR,,5020.49,ARG,MDR,cpxR,49,49,6,0.443497,0.546474,1322.361493,0.154147,0.154147,14,2,0.007874,0.571429,672,0.967314
55,crp,,7720.44,ARG,MDR,crp,38,38,6,0.412698,0.504006,101.317104,0.152779,0.152779,14,2,0.005852,0.870555,612,0.906278
56,acrS,,596.64,ARG,MDR,acrS,19,19,7,0.318043,0.389709,5.644109,0.007998,0.007998,35,2,0.004355,0.988304,169,0.0935
57,phoP,,453.91,ARG,MDR,phoP,9,9,6,0.316591,0.363862,199.910621,0.000864,0.000864,70,2,0.003356,0.611111,22,0.025806
58,baeS,,451.5,ARG,MDR,baeS,1,1,8,0.22438,0.241981,0,0.000048,0.000048,67,2,0.001079,0,0,0.001054
59,cpxA,,2314.06,ARG,MDR,cpxA,6,6,6,0.308148,0.342228,3.740331,0.000415,0.000415,67,2,0.002316,0.866667,13,0.013406
60,evgS,,1787.11,ARG,MDR,evgS,41,41,5,0.444444,0.531571,250.872671,0.157691,0.157691,14,2,0.006422,0.793902,651,0.940926
61,phoQ,,1215.04,ARG,MDR,phoQ,20,20,7,0.329114,0.401969,78.687273,0.00509,0.00509,70,2,0.004809,0.605263,115,0.109247
62,tetBP,,9868.28,ARG,Tetracycline,tetBP,7,7,6,0.345515,0.385497,17.092084,0.021194,0.021194,14,2,0.001833,0.809524,17,0.131704
63,tetL,,1118.98,ARG,Tetracycline,tetL,12,12,7,0.280702,0.327976,21.339693,0.00058,0.00058,74,2,0.004292,0.848485,56,0.016523
64,tetQ,,153223.67,ARG,Tetracycline,tetQ,5,5,7,0.272966,0.310668,45.035562,0.000216,0.000216,67,2,0.002944,0.6,6,0.006532
65,emrB,,629.6,ARG,MDR,emrB,8,8,6,0.298851,0.337179,85.681072,0.000221,0.000221,24,2,0.003761,0.75,21,0.009732
66,mdtF,,0,ARG,MDR,mdtF,0,0,0,0,0,0,0,0,15,15,0.000677,0,0,0
67,88 Branch,,1254.28,Virulence,Unknown,88 Branch,27,27,7,0.399232,0.479373,111.761092,0.011696,0.011696,70,2,0.005608,0.763533,268,0.18576
68,int,,29421.51,MGE,Plasmid,int,4,4,7,0.224622,0.250332,337.370896,0.000004,0.000004,67,2,0.003412,0.5,3,0.002334
69,rteC,,1851.45,Virulence,Two-component system response regulator,rteC,18,18,7,0.323988,0.388668,0.374914,0.005788,0.005788,70,2,0.003889,0.986928,151,0.117824
70,traE,,437.12,MGE,Plasmid,traE,41,41,5,0.441614,0.528766,96.882214,0.166207,0.166207,14,2,0.006288,0.886585,727,0.979459
71,traF,,0,MGE,Plasmid,traF,0,0,0,0,0,0,0,0,16,16,0.000677,0,0,0
72,transposon 46242809,,28423.93,MGE,Transposon,transposon 46242809,11,11,5,0.328076,0.374119,747.079121,0.003789,0.003789,24,2,0.004962,0.4,22,0.029457
73,transposon 46242811,,33139.11,MGE,Transposon,transposon 46242811,8,8,6,0.282609,0.317788,530.524747,0.000136,0.000136,24,2,0.004214,0.642857,18,0.006779
74,cfxA 33413459,,130295.54,ARG,Beta-lactam,cfxA 33413459,26,26,6,0.336026,0.417067,791.207417,0.006835,0.006835,35,2,0.006774,0.504615,164,0.093205
75,colA,,0,Virulence,Collagenase,colA,0,0,0,0,0,0,0,0,17,17,0.000677,0,0,0
76,pfoA,,0,Virulence,Citolysis,pfoA,0,0,0,0,0,0,0,0,18,18,0.000677,0,0,0
77,repB,,2389.42,MGE,Plasmid,repB,12,12,7,0.297568,0.348603,120.500447,0.000939,0.000939,74,2,0.004166,0.757576,50,0.020467
78,tetL-Ef,,5168.13,ARG,Tetracycline,tetL-Ef,12,12,7,0.280702,0.327976,21.339693,0.00058,0.00058,74,2,0.004292,0.848485,56,0.016523
79,aadE,,0,ARG,Aminoglycoside,aadE,0,0,0,0,0,0,0,0,19,19,0.000677,0,0,0
80,Transposon 807609,,0,MGE,Transposon,Transposon 807609,0,0,0,0,0,0,0,0,20,20,0.000677,0,0,0
81,astA,,1641.86,Virulence,N-succinyltransferase,astA,16,16,6,0.371429,0.426042,47.371766,0.006712,0.006712,57,2,0.004068,0.841667,101,0.070826
82,blc,,0,ARG,Beta-lactam,blc,0,0,0,0,0,0,0,0,21,21,0.000677,0,0,0
83,cmy-13,,0,ARG,Beta-lactam,cmy-13,0,0,0,0,0,0,0,0,22,22,0.000677,0,0,0
84,lacY,,544.61,Virulence,Beta-galactosides,lacY,41,41,5,0.441614,0.528766,96.882214,0.166207,0.166207,14,2,0.006288,0.886585,727,0.979459
85,lpfA,,0,Virulence,Fimbrial major protein,lpfA,0,0,0,0,0,0,0,0,23,23,0.000677,0,0,0
86,ompA,,4319.79,Virulence,Peptidoglycan,ompA,20,20,6,0.346667,0.408413,476.23734,0.002737,0.002737,57,2,0.005263,0.421053,80,0.056218
87,sugE,,3206.02,ARG,MDR,sugE,40,40,6,0.403101,0.499199,1112.347281,0.152142,0.152142,14,2,0.007109,0.784615,612,0.895852
88,traA,,1873.09,MGE,Plasmid,traA,41,41,5,0.441614,0.528766,96.882214,0.166207,0.166207,14,2,0.006288,0.886585,727,0.979459
89,yddA,,865.65,Virulence,Inner membrane ABC transporter,yddA,10,10,7,0.305882,0.362111,22.599039,0.000448,0.000448,57,2,0.00323,0.822222,37,0.020678
90,blc 3334641,,0,ARG,Beta-lactam,blc 3334641,0,0,0,0,0,0,0,0,25,24,0.000677,0,0,0
91,Plasmid 38606113,,532.35,MGE,Plasmid,Plasmid 38606113,22,22,6,0.355556,0.430769,32.848161,0.00738,0.00738,82,2,0.004878,0.891775,206,0.124197
92,exc1,,1995.53,MGE,Plasmid,exc1,41,41,5,0.441614,0.528766,96.882214,0.166207,0.166207,14,2,0.006288,0.886585,727,0.979459
93,Rom,,1526.9,MGE,Plasmid,Rom,41,41,5,0.441614,0.528766,96.882214,0.166207,0.166207,14,2,0.006288,0.886585,727,0.979459
94,Plasmid 4775492,,808.47,MGE,Plasmid,Plasmid 4775492,41,41,5,0.441614,0.528766,96.882214,0.166207,0.166207,14,2,0.006288,0.886585,727,0.979459
95,tnp,,2303.56,MGE,Transposon,tnp,41,41,5,0.441614,0.528766,96.882214,0.166207,0.166207,14,2,0.006288,0.886585,727,0.979459
96,MobA 32395281,,16808.12,MGE,Insertional sequence,MobA 32395281,3,3,7,0.242424,0.267926,34.168421,0.000061,0.000061,67,2,0.002156,0,0,0.002149
97,cfxA 32395282,,49612.76,ARG,Beta-lactam,cfxA 32395282,6,6,7,0.273325,0.313072,70.444244,0.000217,0.000217,67,2,0.003564,0.533333,8,0.006917
98,tetA,,436.49,ARG,Tetracycline,tetA,22,22,6,0.355556,0.430769,32.848161,0.00738,0.00738,82,2,0.004878,0.891775,206,0.124197
99,fyuA,,0,Virulence,Biofilm,fyuA,0,0,0,0,0,0,0,0,26,25,0.000677,0,0,0
100,ybtP,,0,Virulence,Siderophore,ybtP,0,0,0,0,0,0,0,0,27,26,0.000677,0,0,0
101,Cronobacter phage vB_CsaP_GAP52,,73.01,Phage,Podoviridae,Cronobacter phage vB_CsaP_GAP52,7,7,6,0.279946,0.313622,158.082317,0.00013,0.00013,24,2,0.003551,0.714286,15,0.006127
102,Karamvirus_u_s,,3.17,Phage,Myoviridae,Karamvirus_u_s,8,8,5,0.305882,0.35016,126.825547,0.004561,0.004561,24,2,0.003758,0.714286,20,0.031011
103,Escherichia virus CC31,,0,Phage,Myoviridae,Escherichia virus CC31,0,0,0,0,0,0,0,0,28,27,0.000677,0,0,0
104,Enterobacteria phage BP-4795,,367.6,Phage,Siphoviridae,Enterobacteria phage BP-4795,40,40,5,0.435146,0.523718,318.508482,0.152831,0.152831,14,2,0.006406,0.787179,614,0.906547
105,Escherichia virus HK106,,0,Phage,Siphoviridae,Escherichia virus HK106,0,0,0,0,0,0,0,0,29,28,0.000677,0,0,0
106,Enterobacteria phage HK140,,24.69,Phage,Siphoviridae,Enterobacteria phage HK140,22,22,6,0.355556,0.430769,32.848161,0.00738,0.00738,82,2,0.004878,0.891775,206,0.124197
107,Escherichia virus HK544,,0,Phage,Siphoviridae,Escherichia virus HK544,0,0,0,0,0,0,0,0,30,29,0.000677,0,0,0
108,Escherichia virus HK629,,7.61,Phage,Siphoviridae,Escherichia virus HK629,22,22,6,0.355556,0.430769,32.848161,0.00738,0.00738,82,2,0.004878,0.891775,206,0.124197
109,Escherichia virus HK633,,6.51,Phage,Siphoviridae,Escherichia virus HK633,22,22,6,0.355556,0.430769,32.848161,0.00738,0.00738,82,2,0.004878,0.891775,206,0.124197
110,Enterobacteria phage IME10,,110.61,Phage,Podoviridae,Enterobacteria phage IME10,40,40,5,0.438819,0.525561,208.689125,0.161126,0.161126,14,2,0.006186,0.875641,683,0.952314
111,Escherichia virus If1,,103.04,Phage,Inoviridae,Escherichia virus If1,27,27,7,0.399232,0.479373,111.761092,0.011696,0.011696,70,2,0.005608,0.763533,268,0.18576
112,Enterobacteria phage P4,,1419.51,Phage,Caudovirales_u_f,Enterobacteria phage P4,5,5,6,0.247619,0.276122,207,0.000071,0.000071,70,2,0.00309,0.6,6,0.005038
113,Enterobacteria phage Sf101,,226.07,Phage,Podoviridae,Enterobacteria phage Sf101,10,10,7,0.305882,0.362111,22.599039,0.000448,0.000448,57,2,0.00323,0.822222,37,0.020678
114,Enterobacteria phage SfI,,79.77,Phage,Myoviridae,Enterobacteria phage SfI,18,18,5,0.37276,0.429087,817.745954,0.003194,0.003194,57,2,0.004722,0.640523,98,0.055697
115,Enterobacteria phage SfV,,98.34,Phage,Myoviridae,Enterobacteria phage SfV,8,8,6,0.328594,0.367228,546.585023,0.000297,0.000297,24,2,0.003608,0.607143,17,0.011468
116,Enterobacteria phage VT2phi_272,,0,Phage,Podoviridae,Enterobacteria phage VT2phi_272,0,0,0,0,0,0,0,0,31,30,0.000677,0,0,0
117,Enterobacteria phage YYZ-2008,,147.37,Phage,Siphoviridae,Enterobacteria phage YYZ-2008,32,32,5,0.373429,0.452244,1164.808688,0.125813,0.125813,14,2,0.005817,0.818548,406,0.736716
118,Enterobacteria phage cdtI,,86.13,Phage,Siphoviridae,Enterobacteria phage cdtI,20,20,7,0.333333,0.405254,75.181282,0.005692,0.005692,70,2,0.00439,0.778947,148,0.119755
119,Escherichia virus fiAA91ss,,568.26,Phage,Myoviridae,Escherichia virus fiAA91ss,5,5,6,0.257426,0.288141,135.536291,0.000074,0.000074,70,2,0.002585,0.6,6,0.005398
120,Enterobacteria phage mEp043 c-1,,0,Phage,Siphoviridae,Enterobacteria phage mEp043 c-1,0,0,0,0,0,0,0,0,32,31,0.000677,0,0,0
121,Enterobacteria phage mEp235,,0,Phage,Siphoviridae,Enterobacteria phage mEp235,0,0,0,0,0,0,0,0,33,32,0.000677,0,0,0
122,Enterobacteria phage mEp237,,4.83,Phage,Siphoviridae,Enterobacteria phage mEp237,10,10,6,0.327559,0.378446,277.823105,0.004494,0.004494,67,2,0.003547,0.511111,23,0.037174
123,Enterobacteria phage mEp460,,439.61,Phage,Siphoviridae,Enterobacteria phage mEp460,21,21,6,0.340984,0.409295,268.736454,0.005062,0.005062,70,2,0.004945,0.680952,143,0.112775
124,Escherichia virus mEpX1,,0,Phage,Siphoviridae,Escherichia virus mEpX1,0,0,0,0,0,0,0,0,34,33,0.000677,0,0,0
125,Escherichia virus mEpX2,,5.09,Phage,Siphoviridae,Escherichia virus mEpX2,22,22,6,0.355556,0.430769,32.848161,0.00738,0.00738,82,2,0.004878,0.891775,206,0.124197
126,Enterobacteria phage vB_EcoP_ACG-C91,,8.57,Phage,Autographiviridae,Enterobacteria phage vB_EcoP_ACG-C91,19,19,7,0.318043,0.389709,5.644109,0.007998,0.007998,35,2,0.004355,0.988304,169,0.0935
127,Enterobacterial phage mEp213,,0,Phage,Siphoviridae,Enterobacterial phage mEp213,0,0,0,0,0,0,0,0,36,34,0.000677,0,0,0
128,Vequintavirus_u_s,,0,Phage,Myoviridae,Vequintavirus_u_s,0,0,0,0,0,0,0,0,37,35,0.000677,0,0,0
129,Escherichia virus Cajan,,0,Phage,Siphoviridae,Escherichia virus Cajan,0,0,0,0,0,0,0,0,38,36,0.000677,0,0,0
130,Escherichia phage D108,,34.58,Phage,Myoviridae,Escherichia phage D108,42,42,5,0.42449,0.517147,296.516587,0.163953,0.163953,14,2,0.006744,0.8223,708,0.964348
131,Escherichia virus FFH2,,0,Phage,Myoviridae,Escherichia virus FFH2,0,0,0,0,0,0,0,0,39,37,0.000677,0,0,0
132,Escherichia virus Min27,,0,Phage,Podoviridae,Escherichia virus Min27,0,0,0,0,0,0,0,0,40,38,0.000677,0,0,0
133,Escherichia virus Seurat,,0,Phage,Siphoviridae,Escherichia virus Seurat,0,0,0,0,0,0,0,0,41,39,0.000677,0,0,0
134,Escherichia phage TL-2011b,,116.78,Phage,Podoviridae,Escherichia phage TL-2011b,8,8,6,0.328594,0.371474,115.688131,0.000877,0.000877,67,2,0.002612,0.428571,12,0.026462
135,Escherichia virus phiV10,,156.73,Phage,Podoviridae,Escherichia virus phiV10,19,19,7,0.318043,0.389709,5.644109,0.007998,0.007998,35,2,0.004355,0.988304,169,0.0935
136,Escherichia virus pro147,,228.45,Phage,Myoviridae,Escherichia virus pro147,22,22,6,0.355556,0.430769,32.848161,0.00738,0.00738,82,2,0.004878,0.891775,206,0.124197
137,Escherichia virus pro483,,121.82,Phage,Myoviridae,Escherichia virus pro483,20,20,7,0.31853,0.392113,13.19832,0.010517,0.010517,35,2,0.004508,0.9,171,0.108427
138,Escherichia phage slur01,,0,Phage,Siphoviridae,Escherichia phage slur01,0,0,0,0,0,0,0,0,42,40,0.000677,0,0,0
139,Escherichia virus 24B,,0,Phage,Podoviridae,Escherichia virus 24B,0,0,0,0,0,0,0,0,43,41,0.000677,0,0,0
140,Escherichia virus 186,,0,Phage,Myoviridae,Escherichia virus 186,0,0,0,0,0,0,0,0,44,42,0.000677,0,0,0
141,Escherichia virus HK022,,0,Phage,Siphoviridae,Escherichia virus HK022,0,0,0,0,0,0,0,0,45,43,0.000677,0,0,0
142,Escherichia virus HK97,,16.02,Phage,Siphoviridae,Escherichia virus HK97,16,16,6,0.371429,0.426042,47.371766,0.006712,0.006712,57,2,0.004068,0.841667,101,0.070826
143,Escherichia virus K1-5,,28.45,Phage,Autographiviridae,Escherichia virus K1-5,19,19,7,0.318043,0.389709,5.644109,0.007998,0.007998,35,2,0.004355,0.988304,169,0.0935
144,Escherichia virus K1E,,5.48,Phage,Autographiviridae,Escherichia virus K1E,19,19,7,0.318043,0.389709,5.644109,0.007998,0.007998,35,2,0.004355,0.988304,169,0.0935
145,Escherichia virus P2,,463.85,Phage,Myoviridae,Escherichia virus P2,43,43,5,0.428866,0.523718,716.637842,0.146717,0.146717,14,2,0.007138,0.653378,590,0.880569
146,Escherichia virus Wphi,,35.05,Phage,Myoviridae,Escherichia virus Wphi,23,23,6,0.367491,0.444872,248.132285,0.008135,0.008135,82,2,0.005078,0.774704,196,0.129891
147,Lactobacillus phage LfeSau,,4.93,Phage,Siphoviridae,Lactobacillus phage LfeSau,19,19,7,0.318043,0.389709,5.644109,0.007998,0.007998,35,2,0.004355,0.988304,169,0.0935
148,Lactobacillus phage Lrm1,,4.66,Phage,Siphoviridae,Lactobacillus phage Lrm1,22,22,6,0.355556,0.430769,32.848161,0.00738,0.00738,82,2,0.004878,0.891775,206,0.124197
149,Lactobacillus phage iA2,,30.95,Phage,Siphoviridae,Lactobacillus phage iA2,19,19,7,0.318043,0.389709,5.644109,0.007998,0.007998,35,2,0.004355,0.988304,169,0.0935
150,Lactobacillus phage phiAT3,,99.27,Phage,Siphoviridae,Lactobacillus phage phiAT3,8,8,7,0.262958,0.301213,0,0.000411,0.000411,74,2,0.003071,1,28,0.011473
151,Lactococcus phage Tuc2009,,0,Phage,Siphoviridae,Lactococcus phage Tuc2009,0,0,0,0,0,0,0,0,46,44,0.000677,0,0,0
152,Mycobacterium phage Enkosi,,0,Phage,Siphoviridae,Mycobacterium phage Enkosi,0,0,0,0,0,0,0,0,47,45,0.000677,0,0,0
153,Seunavirus_u_s,,5.3,Phage,Myoviridae,Seunavirus_u_s,19,19,7,0.318043,0.389709,5.644109,0.007998,0.007998,35,2,0.004355,0.988304,169,0.0935
154,Salmonella phage BP12B,,4.34,Phage,Autographiviridae,Salmonella phage BP12B,19,19,7,0.318043,0.389709,5.644109,0.007998,0.007998,35,2,0.004355,0.988304,169,0.0935
155,Salmonella virus FSLSP004,,86.2,Phage,Myoviridae,Salmonella virus FSLSP004,12,12,7,0.289291,0.337912,129.211345,0.00063,0.00063,74,2,0.004223,0.772727,51,0.017226
156,Salmonella virus SP31,,0,Phage,Siphoviridae,Salmonella virus SP31,0,0,0,0,0,0,0,0,48,46,0.000677,0,0,0
157,Salmonella phage RE-2010,,120.17,Phage,Myoviridae,Salmonella phage RE-2010,28,28,6,0.402321,0.479167,290.428933,0.027496,0.027496,70,2,0.005531,0.650794,246,0.27036
158,Salmonella phage SEN1,,0,Phage,Myoviridae,Salmonella phage SEN1,0,0,0,0,0,0,0,0,49,47,0.000677,0,0,0
159,Salmonella virus SJ46,,45.44,Phage,Myoviridae,Salmonella virus SJ46,41,41,5,0.441614,0.528766,96.882214,0.166207,0.166207,14,2,0.006288,0.886585,727,0.979459
160,Salmonella virus SPN3US,,4.43,Phage,Myoviridae,Salmonella virus SPN3US,22,22,6,0.355556,0.430769,32.848161,0.00738,0.00738,82,2,0.004878,0.891775,206,0.124197
161,Salmonella phage g341c,,0,Phage,Podoviridae,Salmonella phage g341c,0,0,0,0,0,0,0,0,50,48,0.000677,0,0,0
162,Salmonella phage vB_SemP_Emek,,10.55,Phage,Podoviridae,Salmonella phage vB_SemP_Emek,27,27,7,0.399232,0.479373,111.761092,0.011696,0.011696,70,2,0.005608,0.763533,268,0.18576
163,Salmonella virus HK620,,12.29,Phage,Podoviridae,Salmonella virus HK620,10,10,7,0.305882,0.362111,22.599039,0.000448,0.000448,57,2,0.00323,0.822222,37,0.020678
164,Salmonella virus PsP3,,0,Phage,Myoviridae,Salmonella virus PsP3,0,0,0,0,0,0,0,0,51,49,0.000677,0,0,0
165,Shigella phage SfII,,30,Phage,Myoviridae,Shigella phage SfII,10,10,6,0.307692,0.345353,0,0.002011,0.002011,57,2,0.002834,1,45,0.030681
166,Shigella phage SfIV,,262.32,Phage,Myoviridae,Shigella phage SfIV,20,20,6,0.352542,0.424519,214.109319,0.006686,0.006686,82,2,0.004579,0.863158,164,0.108801
167,Shigella virus SfMu,,21.12,Phage,Myoviridae,Shigella virus SfMu,17,17,6,0.35924,0.416987,287.668594,0.003186,0.003186,57,2,0.004345,0.720588,98,0.054847
168,Shigella virus Sf6,,114.75,Phage,Podoviridae,Shigella virus Sf6,20,20,6,0.369449,0.432212,432.06249,0.014218,0.014218,82,2,0.004529,0.652632,124,0.142801
169,Streptococcus phage 20617,,6.35,Phage,Siphoviridae,Streptococcus phage 20617,7,7,7,0.300144,0.347402,24.480705,0.003411,0.003411,74,2,0.00284,0.761905,16,0.024923
170,Stx2-converting phage 1717,,407.52,Phage,Siphoviridae,Stx2-converting phage 1717,16,16,6,0.371429,0.426042,47.371766,0.006712,0.006712,57,2,0.004068,0.841667,101,0.070826
171,Stx2-converting phage 86,,7.15,Phage,Podoviridae,Stx2-converting phage 86,19,19,7,0.318043,0.389709,5.644109,0.007998,0.007998,35,2,0.004355,0.988304,169,0.0935
172,Punavirus_u_s,,0,Phage,Myoviridae,Punavirus_u_s,0,0,0,0,0,0,0,0,52,50,0.000677,0,0,0
173,Candidatus Phytoplasma,,0,Taxa,Acholeplasmataceae,Candidatus Phytoplasma,0,0,0,0,0,0,0,0,53,51,0.000677,0,0,0
174,Succiniclasticum,,6.42,Taxa,Acidaminococcaceae,Succiniclasticum,41,41,5,0.441614,0.528766,96.882214,0.166207,0.166207,14,2,0.006288,0.886585,727,0.979459
175,Acidithiobacillus,,6.1,Taxa,Acidithiobacillaceae,Acidithiobacillus,19,19,7,0.318043,0.389709,5.644109,0.007998,0.007998,35,2,0.004355,0.988304,169,0.0935
176,Actinobacteria_u_g,,18.64,Taxa,Actinobacteria_u_f,Actinobacteria_u_g,19,19,7,0.318043,0.389709,5.644109,0.007998,0.007998,35,2,0.004355,0.988304,169,0.0935
177,Thermobispora,,0,Taxa,Actinobacteria_u_f,Thermobispora,0,0,0,0,0,0,0,0,54,52,0.000677,0,0,0
178,Taylorella,,3.84,Taxa,Alcaligenaceae,Taylorella,19,19,7,0.318043,0.389709,5.644109,0.007998,0.007998,35,2,0.004355,0.988304,169,0.0935
179,Alphaproteobacteria_u_g,,6.84,Taxa,Alphaproteobacteria_u_f,Alphaproteobacteria_u_g,19,19,7,0.318043,0.389709,5.644109,0.007998,0.007998,35,2,0.004355,0.988304,169,0.0935
180,Anaeromyxobacter,,1.18,Taxa,Anaeromyxobacteraceae,Anaeromyxobacter,8,8,5,0.305882,0.35016,126.825547,0.004561,0.004561,24,2,0.003758,0.714286,20,0.031011
181,Atopobium,,7564.5,Taxa,Atopobiaceae,Atopobium,12,12,7,0.280702,0.327976,21.339693,0.00058,0.00058,74,2,0.004292,0.848485,56,0.016523
182,Olsenella,,2591.24,Taxa,Atopobiaceae,Olsenella,13,13,6,0.32,0.375321,480.628017,0.008223,0.008223,74,2,0.004271,0.666667,52,0.060203
183,Bacillus,,617.94,Taxa,Bacillaceae,Bacillus,9,9,6,0.27882,0.325481,235.081884,0.000216,0.000216,74,2,0.003348,0.583333,21,0.012802
184,Geobacillus,,0,Taxa,Bacillaceae,Geobacillus,0,0,0,0,0,0,0,0,55,53,0.000677,0,0,0
185,Gemella,,9.89,Taxa,Bacillales_u_f,Gemella,23,23,7,0.350168,0.426568,22.407156,0.006821,0.006821,70,2,0.004854,0.87747,222,0.146091
186,Bacteroidales_u_g,,55574.82,Taxa,Bacteroidales_u_f,Bacteroidales_u_g,5,5,7,0.257426,0.287546,106.513804,0.000333,0.000333,67,2,0.003274,0.2,2,0.004376
187,Brachyspira,,0,Taxa,Brachyspiraceae,Brachyspira,0,0,0,0,0,0,0,0,56,54,0.000677,0,0,0
188,Ochrobactrum,,33.9,Taxa,Brucellaceae,Ochrobactrum,14,14,6,0.34609,0.40016,189.613661,0.002798,0.002798,57,2,0.003608,0.67033,61,0.050646
189,Campylobacter,,9.77,Taxa,Campylobacteraceae,Campylobacter,16,16,6,0.371429,0.426042,47.371766,0.006712,0.006712,57,2,0.004068,0.841667,101,0.070826
190,Candidatus Paracaedibacteraceae_u_g,,3.14,Taxa,Candidatus Paracaedibacteraceae,Candidatus Paracaedibacteraceae_u_g,4,4,7,0.191705,0.213198,0,0.000003,0.000003,67,2,0.003701,1,6,0.002099
191,Cardiobacterium,,0,Taxa,Cardiobacteriaceae,Cardiobacterium,0,0,0,0,0,0,0,0,58,55,0.000677,0,0,0
192,Catabacter,,1972.71,Taxa,Catabacteriaceae,Catabacter,6,6,6,0.301887,0.347436,32.705204,0.000932,0.000932,82,2,0.002087,0.4,6,0.024029
193,Alkaliphilus,,5.88,Taxa,Clostridiaceae,Alkaliphilus,6,6,7,0.202729,0.229773,121.955025,0.000003,0.000003,67,2,0.005388,0.6,9,0.002858
194,Butyricicoccus,,254.16,Taxa,Clostridiaceae,Butyricicoccus,4,4,7,0.309064,0.351648,19.247884,0.00657,0.00657,14,2,0.001469,0.5,3,0.041981
195,Caloramator,,22.19,Taxa,Clostridiaceae,Caloramator,5,5,6,0.236633,0.264263,0,0.000395,0.000395,24,2,0.002745,1,10,0.005428
196,Clostridiales Family XIII. Incertae Sedis_u_g,,12552.4,Taxa,Clostridiales Family XIII. Incertae Sedis,Clostridiales Family XIII. Incertae Sedis_u_g,3,3,5,0.313253,0.346154,45.77502,0.003473,0.003473,82,2,0.001337,0.333333,1,0.02412
197,Mogibacterium,,57.62,Taxa,Clostridiales Family XIII. Incertae Sedis,Mogibacterium,18,18,6,0.33121,0.392388,89.808315,0.003485,0.003485,82,2,0.004437,0.705882,108,0.082924
198,Thermaerobacter,,7.04,Taxa,Clostridiales Family XVII. Incertae Sedis,Thermaerobacter,20,20,5,0.330159,0.394792,494.945623,0.003279,0.003279,82,2,0.005283,0.663158,126,0.082561
199,Collinsella,,922.43,Taxa,Coriobacteriaceae,Collinsella,10,10,6,0.314675,0.362901,189.555674,0.004327,0.004327,74,2,0.003497,0.822222,37,0.035498
200,Corynebacterium,,685.83,Taxa,Corynebacteriaceae,Corynebacterium,12,12,7,0.302766,0.352129,244.354995,0.001017,0.001017,74,2,0.004073,0.666667,44,0.022849
201,Cytophaga,,0,Taxa,Cytophagaceae,Cytophaga,0,0,0,0,0,0,0,0,59,56,0.000677,0,0,0
202,Runella,,0,Taxa,Cytophagaceae,Runella,0,0,0,0,0,0,0,0,60,57,0.000677,0,0,0
203,Deinococcus-Thermus_u_g,,0,Taxa,Deinococcus-Thermus_u_f,Deinococcus-Thermus_u_g,0,0,0,0,0,0,0,0,61,58,0.000677,0,0,0
204,Desulfobulbus,,1.85,Taxa,Desulfobulbaceae,Desulfobulbus,12,12,7,0.280702,0.327976,21.339693,0.00058,0.00058,74,2,0.004292,0.848485,56,0.016523
205,Desulfomicrobium,,2.78,Taxa,Desulfomicrobiaceae,Desulfomicrobium,7,7,7,0.300144,0.347402,24.480705,0.003411,0.003411,74,2,0.00284,0.761905,16,0.024923
206,Hippea,,1.57,Taxa,Desulfurellaceae,Hippea,3,3,6,0.286107,0.318429,897.070319,0.00337,0.00337,67,2,0.002038,0,0,0.020499
207,Slackia,,191.22,Taxa,Eggerthellaceae,Slackia,5,5,6,0.307238,0.342228,69.377325,0.010988,0.010988,14,2,0.001795,0.4,4,0.06523
208,Escherichia,,1967.53,Taxa,Enterobacteriaceae,Escherichia,10,10,7,0.323988,0.379533,105.545947,0.001753,0.001753,57,2,0.002894,0.4,18,0.04108
209,Leclercia,,0,Taxa,Enterobacteriaceae,Leclercia,0,0,0,0,0,0,0,0,62,59,0.000677,0,0,0
210,Salmonella,,1.92,Taxa,Enterobacteriaceae,Salmonella,27,27,7,0.399232,0.479373,111.761092,0.011696,0.011696,70,2,0.005608,0.763533,268,0.18576
211,Shigella,,184.5,Taxa,Enterobacteriaceae,Shigella,19,19,6,0.39619,0.458093,316.882511,0.018135,0.018135,57,2,0.00445,0.561404,96,0.143515
212,Erysipelotrichaceae_u_g,,8165.81,Taxa,Erysipelotrichaceae,Erysipelotrichaceae_u_g,36,36,5,0.416834,0.504087,393.076263,0.145887,0.145887,14,2,0.005691,0.884127,557,0.860503
213,Kandleria,,3344.56,Taxa,Erysipelotrichaceae,Kandleria,37,37,5,0.403883,0.494071,641.588949,0.148562,0.148562,14,2,0.005938,0.872372,581,0.874236
214,Turicibacter,,3690.56,Taxa,Erysipelotrichaceae,Turicibacter,34,34,5,0.401544,0.486458,784.04133,0.130592,0.130592,14,2,0.005743,0.787879,442,0.772588
215,Ferrimonas,,0,Taxa,Ferrimonadaceae,Ferrimonas,0,0,0,0,0,0,0,0,63,60,0.000677,0,0,0
216,Firmicutes_u_g,,1249.66,Taxa,Firmicutes_u_f,Firmicutes_u_g,28,28,6,0.380952,0.455929,347.525925,0.112849,0.112849,14,2,0.004733,0.857143,324,0.66105
217,Imtechella,,117.48,Taxa,Flavobacteriaceae,Imtechella,28,28,7,0.352542,0.441392,334.564771,0.006986,0.006986,70,2,0.006294,0.616402,233,0.152185
218,Flavobacteriales_u_g,,0,Taxa,Flavobacteriales_u_f,Flavobacteriales_u_g,0,0,0,0,0,0,0,0,64,61,0.000677,0,0,0
219,Cetobacterium,,7.36,Taxa,Fusobacteriaceae,Cetobacterium,19,19,7,0.317073,0.384146,265.4046,0.003472,0.003472,70,2,0.004757,0.479532,82,0.084456
220,Glycomyces,,6.49,Taxa,Glycomycetaceae,Glycomyces,27,27,7,0.399232,0.479373,111.761092,0.011696,0.011696,70,2,0.005608,0.763533,268,0.18576
221,Gordonia,,39.57,Taxa,Gordoniaceae,Gordonia,8,8,6,0.281081,0.316346,61.72107,0.000152,0.000152,24,2,0.003942,0.678571,19,0.007077
222,Halorubrum,,5.84,Taxa,Halorubraceae,Halorubrum,4,4,6,0.31853,0.359375,220.800029,0.011962,0.011962,14,2,0.00167,0.333333,2,0.071922
223,Holophagaceae_u_g,,12.86,Taxa,Holophagaceae,Holophagaceae_u_g,7,7,6,0.256158,0.288141,11.383138,0.000609,0.000609,24,2,0.003572,0.809524,17,0.007918
224,Holospora,,26.19,Taxa,Holosporaceae,Holospora,3,3,7,0.245283,0.267319,3.100726,0.00003,0.00003,67,2,0.002202,0.666667,2,0.002011
225,Hungateiclostridiaceae_u_g,,0,Taxa,Hungateiclostridiaceae,Hungateiclostridiaceae_u_g,0,0,0,0,0,0,0,0,65,62,0.000677,0,0,0
226,Coprococcus,,438.47,Taxa,Lachnospiraceae,Coprococcus,10,10,7,0.317557,0.370478,34.919935,0.008313,0.008313,67,2,0.003261,0.777778,35,0.058264
227,Dorea,,292.37,Taxa,Lachnospiraceae,Dorea,34,34,6,0.380256,0.466907,535.99697,0.113778,0.113778,14,2,0.006293,0.634581,356,0.673787
228,Lachnobacterium,,274.38,Taxa,Lachnospiraceae,Lachnobacterium,12,12,6,0.343234,0.396715,141.776757,0.015398,0.015398,67,2,0.003588,0.606061,40,0.099743
229,Lachnoclostridium,,1163.09,Taxa,Lachnospiraceae,Lachnoclostridium,5,5,6,0.330684,0.370593,8.638408,0.014981,0.014981,14,2,0.001558,0.5,5,0.090253
230,Lachnospira,,807.46,Taxa,Lachnospiraceae,Lachnospira,38,38,5,0.427105,0.514904,68.43028,0.156982,0.156982,14,2,0.005839,0.923186,649,0.92509
231,Pseudobutyrivibrio,,512.06,Taxa,Lachnospiraceae,Pseudobutyrivibrio,10,10,7,0.320493,0.375446,28.743128,0.00516,0.00516,67,2,0.003198,0.711111,32,0.043822
232,Roseburia,,730.99,Taxa,Lachnospiraceae,Roseburia,11,11,7,0.323484,0.380895,91.02798,0.008345,0.008345,67,2,0.003561,0.672727,37,0.059586
233,Shuttleworthia,,0,Taxa,Lachnospiraceae,Shuttleworthia,0,0,0,0,0,0,0,0,66,63,0.000677,0,0,0
234,Tyzzerella,,189.34,Taxa,Lachnospiraceae,Tyzzerella,11,11,7,0.322481,0.379853,55.717462,0.005207,0.005207,67,2,0.003594,0.672727,37,0.044815
235,Methanosarcina,,0,Taxa,Methanosarcinaceae,Methanosarcina,0,0,0,0,0,0,0,0,68,64,0.000677,0,0,0
236,Methylobacterium,,10.53,Taxa,Methylobacteriaceae,Methylobacterium,2,2,8,0.168831,0.184404,0,0,0,67,2,0.002206,1,1,0.001083
237,Microvirga,,8.66,Taxa,Methylobacteriaceae,Microvirga,24,24,7,0.364912,0.438828,118.404027,0.006894,0.006894,70,2,0.005073,0.807971,223,0.148324
238,Clavibacter,,0,Taxa,Microbacteriaceae,Clavibacter,0,0,0,0,0,0,0,0,69,65,0.000677,0,0,0
239,Microbacterium,,196.06,Taxa,Microbacteriaceae,Microbacterium,1,1,7,0.198663,0.212592,0,0.000002,0.000002,70,2,0.001202,0,0,0.000583
240,Kocuria,,66.6,Taxa,Micrococcaceae,Kocuria,4,4,6,0.293371,0.316506,138.206332,0.000485,0.000485,67,2,0.002212,0.166667,1,0.005252
241,Micrococcaceae_u_g,,1.88,Taxa,Micrococcaceae,Micrococcaceae_u_g,9,9,6,0.316591,0.363862,199.910621,0.000864,0.000864,70,2,0.003356,0.611111,22,0.025806
242,Micromonospora,,18.81,Taxa,Micromonosporaceae,Micromonospora,7,7,6,0.309985,0.349599,249.342088,0.000395,0.000395,67,2,0.002902,0.333333,7,0.01082
243,Ureaplasma,,3.28,Taxa,Mycoplasmataceae,Ureaplasma,32,32,6,0.371429,0.455128,723.747088,0.008493,0.008493,70,2,0.006889,0.489919,243,0.160989
244,Myxococcaceae_u_g,,12.79,Taxa,Myxococcaceae,Myxococcaceae_u_g,8,8,6,0.258385,0.292548,34.461082,0.000613,0.000613,24,2,0.004,0.642857,18,0.008622
245,Nitrospiraceae_u_g,,0,Taxa,Nitrospiraceae,Nitrospiraceae_u_g,0,0,0,0,0,0,0,0,71,66,0.000677,0,0,0
246,Thermobifida,,563.47,Taxa,Nocardiopsaceae,Thermobifida,6,6,6,0.282225,0.320112,172.196331,0.000294,0.000294,24,2,0.002768,0.6,9,0.011292
247,Opitutales_u_g,,9.64,Taxa,Opitutales_u_f,Opitutales_u_g,12,12,7,0.280702,0.327976,21.339693,0.00058,0.00058,74,2,0.004292,0.848485,56,0.016523
248,Saccharibacillus,,0,Taxa,Paenibacillaceae,Saccharibacillus,0,0,0,0,0,0,0,0,72,67,0.000677,0,0,0
249,Gallibacterium,,0,Taxa,Pasteurellaceae,Gallibacterium,0,0,0,0,0,0,0,0,73,68,0.000677,0,0,0
250,Desulfotomaculum,,13.78,Taxa,Peptococcaceae,Desulfotomaculum,21,21,6,0.311844,0.378926,286.150459,0.00412,0.00412,35,2,0.004867,0.757143,159,0.074913
251,Peptococcaceae_u_g,,4.9,Taxa,Peptococcaceae,Peptococcaceae_u_g,7,7,7,0.300144,0.347402,24.480705,0.003411,0.003411,74,2,0.00284,0.761905,16,0.024923
252,Anaerococcus,,0,Taxa,Peptoniphilaceae,Anaerococcus,0,0,0,0,0,0,0,0,75,69,0.000677,0,0,0
253,Helcococcus,,4.32,Taxa,Peptoniphilaceae,Helcococcus,12,12,6,0.328076,0.372276,390.776613,0.002125,0.002125,57,2,0.003428,0.69697,46,0.033716
254,Parvimonas,,13.98,Taxa,Peptoniphilaceae,Parvimonas,5,5,7,0.280702,0.311584,125.173892,0.000148,0.000148,67,2,0.003059,0.3,3,0.004149
255,Intestinibacter,,250.2,Taxa,Peptostreptococcaceae,Intestinibacter,38,38,5,0.405458,0.495112,207.289838,0.146914,0.146914,14,2,0.006177,0.803698,565,0.867567
256,Paeniclostridium,,279.32,Taxa,Peptostreptococcaceae,Paeniclostridium,0,0,0,0,0,0,0,0,76,70,0.000677,0,0,0
257,Peptostreptococcaceae_u_g,,441.93,Taxa,Peptostreptococcaceae,Peptostreptococcaceae_u_g,29,29,6,0.40625,0.482612,453.370069,0.030943,0.030943,70,2,0.005705,0.568966,231,0.287663
258,Peptostreptococcus,,115.76,Taxa,Peptostreptococcaceae,Peptostreptococcus,36,36,6,0.397706,0.487179,8.066912,0.151674,0.151674,14,2,0.005512,0.961905,606,0.890987
259,Aminobacter,,0,Taxa,Phyllobacteriaceae,Aminobacter,0,0,0,0,0,0,0,0,77,71,0.000677,0,0,0
260,Phyllobacteriaceae_u_g,,1.76,Taxa,Phyllobacteriaceae,Phyllobacteriaceae_u_g,19,19,7,0.318043,0.389709,5.644109,0.007998,0.007998,35,2,0.004355,0.988304,169,0.0935
261,Ureibacillus,,25.4,Taxa,Planococcaceae,Ureibacillus,26,26,6,0.356164,0.439343,538.684054,0.007058,0.007058,82,2,0.00613,0.584615,190,0.122654
262,Porphyromonas,,264.79,Taxa,Porphyromonadaceae,Porphyromonas,19,19,6,0.392453,0.452083,612.914881,0.013801,0.013801,57,2,0.00478,0.578947,99,0.117521
263,Acidipropionibacterium,,0,Taxa,Propionibacteriaceae,Acidipropionibacterium,0,0,0,0,0,0,0,0,78,72,0.000677,0,0,0
264,Cutibacterium,,0,Taxa,Propionibacteriaceae,Cutibacterium,0,0,0,0,0,0,0,0,79,73,0.000677,0,0,0
265,Propionibacteriaceae_u_g,,0,Taxa,Propionibacteriaceae,Propionibacteriaceae_u_g,0,0,0,0,0,0,0,0,80,74,0.000677,0,0,0
266,Pseudonocardia,,0,Taxa,Pseudonocardiaceae,Pseudonocardia,0,0,0,0,0,0,0,0,81,75,0.000677,0,0,0
267,Saccharomonospora,,457.15,Taxa,Pseudonocardiaceae,Saccharomonospora,22,22,5,0.358003,0.43101,295.367132,0.007008,0.007008,82,2,0.005151,0.78355,181,0.117375
268,Saccharopolyspora,,180.2,Taxa,Pseudonocardiaceae,Saccharopolyspora,8,8,6,0.298851,0.337179,85.681072,0.000221,0.000221,24,2,0.003761,0.75,21,0.009732
269,Halocynthiibacter,,0,Taxa,Rhodobacteraceae,Halocynthiibacter,0,0,0,0,0,0,0,0,83,76,0.000677,0,0,0
270,Thalassospira,,0,Taxa,Rhodospirillaceae,Thalassospira,0,0,0,0,0,0,0,0,84,77,0.000677,0,0,0
271,Rickettsiales_u_g,,0,Taxa,Rickettsiales_u_f,Rickettsiales_u_g,0,0,0,0,0,0,0,0,85,78,0.000677,0,0,0
272,Rikenellaceae_u_g,,5.86,Taxa,Rikenellaceae,Rikenellaceae_u_g,27,27,7,0.399232,0.479373,111.761092,0.011696,0.011696,70,2,0.005608,0.763533,268,0.18576
273,Anaerotruncus,,0,Taxa,Ruminococcaceae,Anaerotruncus,0,0,0,0,0,0,0,0,86,79,0.000677,0,0,0
274,Ethanoligenens,,6.94,Taxa,Ruminococcaceae,Ethanoligenens,41,41,5,0.441614,0.528766,96.882214,0.166207,0.166207,14,2,0.006288,0.886585,727,0.979459
275,Megamonas,,9.61,Taxa,Selenomonadaceae,Megamonas,22,22,7,0.343802,0.416392,263.540567,0.006764,0.006764,70,2,0.004956,0.69697,161,0.128417
276,Selenomonadaceae_u_g,,26.52,Taxa,Selenomonadaceae,Selenomonadaceae_u_g,7,7,6,0.298422,0.340705,110.406872,0.004462,0.004462,24,2,0.003364,0.809524,17,0.029669
277,Shewanella,,2.48,Taxa,Shewanellaceae,Shewanella,6,6,7,0.290909,0.332337,14.544583,0.003937,0.003937,74,2,0.0026,0.466667,7,0.025972
278,Sphaerobacteraceae_u_g,,0,Taxa,Sphaerobacteraceae,Sphaerobacteraceae_u_g,0,0,0,0,0,0,0,0,87,80,0.000677,0,0,0
279,Sphingobacteriaceae_u_g,,0,Taxa,Sphingobacteriaceae,Sphingobacteriaceae_u_g,0,0,0,0,0,0,0,0,88,81,0.000677,0,0,0
280,Treponema,,535.63,Taxa,Spirochaetaceae,Treponema,36,36,6,0.3859,0.477083,638.933656,0.127597,0.127597,14,2,0.006596,0.679365,428,0.75146
281,Sporolactobacillus,,3.47,Taxa,Sporolactobacillaceae,Sporolactobacillus,5,5,7,0.230343,0.257017,697.502393,0.00009,0.00009,67,2,0.004329,0.6,6,0.002921
282,Pelosinus,,104.94,Taxa,Sporomusaceae,Pelosinus,16,16,6,0.371429,0.426042,47.371766,0.006712,0.006712,57,2,0.004068,0.841667,101,0.070826
283,Staphylococcus,,0,Taxa,Staphylococcaceae,Staphylococcus,0,0,0,0,0,0,0,0,89,82,0.000677,0,0,0
284,Succinatimonas,,449.91,Taxa,Succinivibrionaceae,Succinatimonas,13,13,6,0.322481,0.372516,341.478649,0.001255,0.001255,67,2,0.004551,0.282051,22,0.023423
285,Succinivibrio,,78886.56,Taxa,Succinivibrionaceae,Succinivibrio,9,9,7,0.301449,0.351889,7.465001,0.004998,0.004998,67,2,0.003091,0.888889,32,0.038778
286,Laceyella,,0,Taxa,Thermoactinomycetaceae,Laceyella,0,0,0,0,0,0,0,0,90,83,0.000677,0,0,0
287,Thermoactinomyces,,978.79,Taxa,Thermoactinomycetaceae,Thermoactinomyces,18,18,6,0.319018,0.38133,341.557226,0.002846,0.002846,82,2,0.004522,0.601307,92,0.071324
288,Thermoanaerobacterales_u_g,,87.78,Taxa,Thermoanaerobacterales_u_f,Thermoanaerobacterales_u_g,5,5,7,0.202532,0.22737,18.955025,0.000003,0.000003,67,2,0.004456,0.8,8,0.002528
289,Megasphaera,,212.28,Taxa,Veillonellaceae,Megasphaera,39,39,5,0.41517,0.505529,46.586418,0.160724,0.160724,14,2,0.005991,0.920378,682,0.944201
290,Veillonellaceae_u_g,,246.59,Taxa,Veillonellaceae,Veillonellaceae_u_g,24,24,6,0.368794,0.440064,676.076422,0.02495,0.02495,70,2,0.005563,0.402174,111,0.212147
291,Pseudoxanthomonas,,3.54,Taxa,Xanthomonadaceae,Pseudoxanthomonas,27,27,7,0.399232,0.479373,111.761092,0.011696,0.011696,70,2,0.005608,0.763533,268,0.18576
292,Xylella,,2.97,Taxa,Xanthomonadaceae,Xylella,7,7,7,0.300144,0.347402,24.480705,0.003411,0.003411,74,2,0.00284,0.761905,16,0.024923
293,Yersinia,,0,Taxa,Yersiniaceae,Yersinia,0,0,0,0,0,0,0,0,91,84,0.000677,0,0,0