Id,Label,timeset,abundance,type,class,gene,Degree,Weighted Degree,Eccentricity,closnesscentrality,harmonicclosnesscentrality,betweenesscentrality,Authority,Hub,modularity_class,pageranks,componentnumber,clustering,triangles,eigencentrality
1,2024 Branch,,449.82,ARG,Aminoglycoside,2024 Branch,30,24.193708,7,0.39959,0.482442,165.563727,0.198278,0.198278,103,0.006903,0,0.763218,332,0.934191
2,a 2394 Branch,,0,ARG,Aminoglycoside,a 2394 Branch,17,14.877915,8,0.284672,0.356758,15.013683,0.00274,0.00274,27,0.005347,0,0.919118,125,0.142319
3,ant6 Ib,,1058.78,ARG,Aminoglycoside,ant6 Ib,5,3.401058,6,0.275035,0.30641,161.197234,0.000962,0.000962,8,0.003176,0,0.4,4,0.014886
4,bacA,,925.85,ARG,Bacitracin,bacA,26,16.687208,7,0.35649,0.437228,810.299686,0.114598,0.114598,12,0.005696,0,0.44,143,0.605619
5,cfxA 2366,,22269.78,ARG,Beta-lactam,cfxA 2366,12,6.651049,9,0.301858,0.363958,136.380425,0.010025,0.010025,81,0.0032,0,0.409091,27,0.149307
6,cfxA 2367,,69468,ARG,Beta-lactam,cfxA 2367,10,5.656476,7,0.312,0.355519,127.364959,0.004622,0.004622,12,0.003084,0,0.666667,30,0.081994
7,cfxA2,,0,ARG,Beta-lactam,cfxA2,0,0,0,0,0,0,0,0,0,0.000712,1,0,0,0
8,cfxA3,,0,ARG,Beta-lactam,cfxA3,0,0,0,0,0,0,0,0,1,0.000712,2,0,0,0
9,cfxA6,,28000.61,ARG,Beta-lactam,cfxA6,3,1.698028,7,0.305643,0.337228,29.587426,0.001677,0.001677,12,0.001502,0,0.333333,1,0.025022
10,pbp2,,591.21,ARG,Beta-lactam,pbp2,25,18.939261,8,0.370019,0.453596,192.805571,0.038198,0.038197,81,0.006873,0,0.673333,202,0.433791
11,pbp4,,1519.36,ARG,Beta-lactam,pbp4,0,0,0,0,0,0,0,0,2,0.000712,3,0,0,0
12,bla 1029 Branch,,0,ARG,Beta-lactam,bla 1029 Branch,20,15.096789,6,0.379377,0.448462,244.41634,0.01476,0.01476,12,0.00609,0,0.636842,121,0.212146
13,bla 1030 Branch,,0,ARG,Beta-lactam,bla 1030 Branch,18,12.190793,8,0.343915,0.416245,493.819869,0.025217,0.025217,3,0.005201,0,0.601307,92,0.203448
14,blaACI 1,,52379.5,ARG,Beta-lactam,blaACI 1,4,2.382504,9,0.300462,0.344214,64.583755,0.002681,0.002681,3,0.001872,0,0.5,3,0.036599
15,blaAmpC,,0,ARG,Beta-lactam,blaAmpC,0,0,0,0,0,0,0,0,4,0.000712,4,0,0,0
16,blaAmpH,,0,ARG,Beta-lactam,blaAmpH,0,0,0,0,0,0,0,0,5,0.000712,5,0,0,0
17,blaCMY 111,,0,ARG,Beta-lactam,blaCMY 111,0,0,0,0,0,0,0,0,6,0.000712,6,0,0,0
18,blaCMY 27,,0,ARG,Beta-lactam,blaCMY 27,17,14.877915,8,0.284672,0.356758,15.013683,0.00274,0.00274,27,0.005347,0,0.919118,125,0.142319
19,blaCMY 32,,0,ARG,Beta-lactam,blaCMY 32,0,0,0,0,0,0,0,0,7,0.000712,7,0,0,0
20,baeR,,677.67,ARG,MDR,baeR,17,11.524985,8,0.308544,0.373767,134.097386,0.024045,0.024045,3,0.004236,0,0.588235,80,0.182898
21,evgA,,1203.68,ARG,MDR,evgA,8,5.48548,7,0.274262,0.316716,296.346176,0.003239,0.003239,8,0.005114,0,0.464286,13,0.023941
22,H NS,,1627.72,ARG,MDR,H NS,13,9.583218,8,0.33913,0.403254,96.768309,0.039592,0.039592,103,0.003613,0,0.666667,52,0.219799
23,acrF,,2371.47,ARG,MDR,acrF,0,0,0,0,0,0,0,0,9,0.000712,8,0,0,0
24,pmrA,,1451.24,ARG,Polymyxin,pmrA,26,17.904192,8,0.370019,0.451972,293.539263,0.044408,0.044407,58,0.00632,0,0.646154,210,0.516796
25,pmrB,,859.77,ARG,Polymyxin,pmrB,0,0,0,0,0,0,0,0,10,0.000712,9,0,0,0
26,pmrC,,732.06,ARG,Polymyxin,pmrC,18,11.434066,8,0.340909,0.41163,4.116763,0.038409,0.038408,58,0.003962,0,0.980392,150,0.435656
27,pmrE,,0,ARG,Polymyxin,pmrE,0,0,0,0,0,0,0,0,11,0.000712,10,0,0,0
28,pmrF,,2761.45,ARG,Polymyxin,pmrF,4,2.925373,10,0.254902,0.28988,116.539148,0.00071,0.00071,29,0.003268,0,0.5,3,0.013634
29,ermC,,0,ARG,Macrolide,ermC,10,7.513036,7,0.335628,0.382698,222.453439,0.003847,0.003847,81,0.004365,0,0.644444,29,0.065561
30,tolC,,2179.58,ARG,MDR,tolC,8,5.911046,8,0.302795,0.350177,21.583082,0.004896,0.004896,12,0.003312,0,0.714286,20,0.069448
31,acrD,,1645.86,ARG,MDR,acrD,0,0,0,0,0,0,0,0,13,0.000712,11,0,0,0
32,marA,,1524.22,ARG,MDR,marA,17,14.465843,7,0.346359,0.413553,59.797283,0.026356,0.026356,3,0.005086,0,0.867647,118,0.21205
33,mdtA,,792.08,ARG,MDR,mdtA,20,15.096789,6,0.379377,0.448462,244.41634,0.01476,0.01476,12,0.00609,0,0.636842,121,0.212146
34,mdtB,,806.86,ARG,MDR,mdtB,27,21.104455,7,0.396341,0.47304,181.368871,0.049733,0.049732,58,0.007013,0,0.723647,254,0.581176
35,mdtC,,1535.8,ARG,MDR,mdtC,20,15.096789,6,0.379377,0.448462,244.41634,0.01476,0.01476,12,0.00609,0,0.636842,121,0.212146
36,mdtD,,1205.56,ARG,MDR,mdtD,17,14.465843,7,0.346359,0.413553,59.797283,0.026356,0.026356,3,0.005086,0,0.867647,118,0.21205
37,mdtE,,3697.7,ARG,MDR,mdtE,30,24.193708,7,0.39959,0.482442,165.563727,0.198278,0.198278,103,0.006903,0,0.763218,332,0.934191
38,mdtG,,3269.4,ARG,MDR,mdtG,17,14.877915,8,0.284672,0.356758,15.013683,0.00274,0.00274,27,0.005347,0,0.919118,125,0.142319
39,mdtN,,3866.77,ARG,MDR,mdtN,0,0,0,0,0,0,0,0,14,0.000712,12,0,0,0
40,mdtO,,1819.49,ARG,MDR,mdtO,33,22.054425,8,0.359116,0.454878,538.980272,0.165449,0.165449,103,0.006618,0,0.526515,278,0.82767
41,mdtP,,2412.65,ARG,MDR,mdtP,32,21.566046,8,0.377176,0.473767,331.05109,0.057594,0.057592,58,0.007103,0,0.542339,269,0.690208
42,mdtH,,1943.51,ARG,MDR,mdtH,17,10.775274,8,0.361781,0.427613,472.389795,0.034438,0.034437,58,0.003792,0,0.882353,120,0.395772
43,mdtL,,3104.62,ARG,MDR,mdtL,17,10.259238,8,0.33913,0.404621,522.931791,0.027894,0.027893,58,0.004219,0,0.654412,89,0.332962
44,mdtM,,463.25,ARG,MDR,mdtM,0,0,0,0,0,0,0,0,15,0.000712,13,0,0,0
45,gadX,,2545.54,ARG,MDR,gadX,7,4.708404,8,0.276596,0.31804,182.872757,0.001372,0.001372,8,0.004455,0,0.619048,13,0.023101
46,mdfA,,0,ARG,MDR,mdfA,20,15.096789,6,0.379377,0.448462,244.41634,0.01476,0.01476,12,0.00609,0,0.636842,121,0.212146
47,emrE,,0,ARG,MDR,emrE,17,14.465843,7,0.346359,0.413553,59.797283,0.026356,0.026356,3,0.005086,0,0.867647,118,0.21205
48,emrY,,1649.25,ARG,MDR,emrY,17,14.877915,8,0.284672,0.356758,15.013683,0.00274,0.00274,27,0.005347,0,0.919118,125,0.142319
49,mdtK,,679.16,ARG,MDR,mdtK,27,21.104455,7,0.396341,0.47304,181.368871,0.049733,0.049732,58,0.007013,0,0.723647,254,0.581176
50,acrE,,1574.62,ARG,MDR,acrE,16,10.125831,8,0.299539,0.358297,122.527479,0.019443,0.019443,3,0.003829,0,0.583333,70,0.157995
51,emrA,,1598.03,ARG,MDR,emrA,27,21.104455,7,0.396341,0.47304,181.368871,0.049733,0.049732,58,0.007013,0,0.723647,254,0.581176
52,emrK,,2950.42,ARG,Tetracycline,emrK,23,18.617961,8,0.36862,0.443852,28.57324,0.046367,0.046366,58,0.006073,0,0.87747,222,0.535827
53,arnA,,667.38,ARG,Polymyxin,arnA,0,0,0,0,0,0,0,0,16,0.000712,14,0,0,0
54,cpxR,,2295.49,ARG,MDR,cpxR,26,16.370041,8,0.35649,0.440177,583.992913,0.146858,0.146858,103,0.005025,0,0.575385,187,0.764464
55,crp,,1012.69,ARG,MDR,crp,25,16.986082,7,0.320724,0.401673,676.353947,0.00763,0.00763,27,0.006297,0,0.486667,146,0.220712
56,acrS,,0,ARG,MDR,acrS,28,18.904465,8,0.362454,0.451032,858.266053,0.120774,0.120774,3,0.005964,0,0.502646,190,0.637001
57,phoP,,499.49,ARG,MDR,phoP,0,0,0,0,0,0,0,0,17,0.000712,15,0,0,0
58,baeS,,0,ARG,MDR,baeS,24,17.372639,8,0.366541,0.444707,154.213559,0.043903,0.043902,58,0.005957,0,0.731884,202,0.507345
59,cpxA,,3458.36,ARG,MDR,cpxA,24,15.555509,7,0.380859,0.459792,649.91597,0.028954,0.028953,12,0.005873,0,0.460145,127,0.374573
60,evgS,,0,ARG,MDR,evgS,0,0,0,0,0,0,0,0,18,0.000712,16,0,0,0
61,phoQ,,514.15,ARG,MDR,phoQ,27,21.104455,7,0.396341,0.47304,181.368871,0.049733,0.049732,58,0.007013,0,0.723647,254,0.581176
62,tetBP,,12243.12,ARG,Tetracycline,tetBP,15,11.74447,8,0.281792,0.348211,11.780414,0.002366,0.002366,27,0.004411,0,0.885714,93,0.122836
63,tetL,,0,ARG,Tetracycline,tetL,0,0,0,0,0,0,0,0,19,0.000712,17,0,0,0
64,tetQ,,149920.71,ARG,Tetracycline,tetQ,6,3.369538,6,0.302795,0.337778,178.022961,0.001246,0.001246,12,0.002623,0,0.2,3,0.01819
65,emrB,,1081.35,ARG,MDR,emrB,11,6.247274,8,0.29771,0.346502,256.545126,0.018204,0.018204,58,0.003003,0,0.672727,37,0.220314
66,mdtF,,1443.33,ARG,MDR,mdtF,27,21.104455,7,0.396341,0.47304,181.368871,0.049733,0.049732,58,0.007013,0,0.723647,254,0.581176
67,88 Branch,,0,Virulence,Unknown,88 Branch,0,0,0,0,0,0,0,0,20,0.000712,18,0,0,0
68,int,,25654.78,MGE,Plasmid,int,17,14.465843,7,0.346359,0.413553,59.797283,0.026356,0.026356,3,0.005086,0,0.867647,118,0.21205
69,rteC,,1303.26,Virulence,Two-component system response regulator,rteC,0,0,0,0,0,0,0,0,21,0.000712,19,0,0,0
70,traE,,0,MGE,Plasmid,traE,0,0,0,0,0,0,0,0,22,0.000712,20,0,0,0
71,traF,,0,MGE,Plasmid,traF,0,0,0,0,0,0,0,0,23,0.000712,21,0,0,0
72,transposon 46242809,,16152.1,MGE,Transposon,transposon 46242809,0,0,0,0,0,0,0,0,24,0.000712,22,0,0,0
73,transposon 46242811,,18988.11,MGE,Transposon,transposon 46242811,17,14.877915,8,0.284672,0.356758,15.013683,0.00274,0.00274,27,0.005347,0,0.919118,125,0.142319
74,cfxA 33413459,,120776.87,ARG,Beta-lactam,cfxA 33413459,6,3.304841,7,0.309524,0.345946,159.172561,0.001684,0.001684,12,0.00255,0,0.133333,2,0.031207
75,colA,,0,Virulence,Collagenase,colA,0,0,0,0,0,0,0,0,25,0.000712,23,0,0,0
76,pfoA,,0,Virulence,Citolysis,pfoA,0,0,0,0,0,0,0,0,26,0.000712,24,0,0,0
77,repB,,1037.29,MGE,Plasmid,repB,13,9.583218,8,0.33913,0.403254,96.768309,0.039592,0.039592,103,0.003613,0,0.666667,52,0.219799
78,tetL-Ef,,0,ARG,Tetracycline,tetL-Ef,9,6.799809,8,0.233533,0.276905,174.183036,0.000048,0.000048,82,0.006142,0,0.694444,25,0.014129
79,aadE,,0,ARG,Aminoglycoside,aadE,17,14.877915,8,0.284672,0.356758,15.013683,0.00274,0.00274,27,0.005347,0,0.919118,125,0.142319
80,Transposon 807609,,1523.43,MGE,Transposon,Transposon 807609,0,0,0,0,0,0,0,0,28,0.000712,25,0,0,0
81,astA,,0,Virulence,N-succinyltransferase,astA,4,2.925373,10,0.254902,0.28988,116.539148,0.00071,0.00071,29,0.003268,0,0.5,3,0.013634
82,blc,,441.59,ARG,Beta-lactam,blc,7,5.394741,8,0.302326,0.347613,14.178962,0.003223,0.003223,12,0.003139,0,0.809524,17,0.049028
83,cmy-13,,0,ARG,Beta-lactam,cmy-13,0,0,0,0,0,0,0,0,30,0.000712,26,0,0,0
84,lacY,,0,Virulence,Beta-galactosides,lacY,17,14.465843,7,0.346359,0.413553,59.797283,0.026356,0.026356,3,0.005086,0,0.867647,118,0.21205
85,lpfA,,0,Virulence,Fimbrial major protein,lpfA,0,0,0,0,0,0,0,0,31,0.000712,27,0,0,0
86,ompA,,1326.51,Virulence,Peptidoglycan,ompA,0,0,0,0,0,0,0,0,32,0.000712,28,0,0,0
87,sugE,,2068.72,ARG,MDR,sugE,17,14.465843,7,0.346359,0.413553,59.797283,0.026356,0.026356,3,0.005086,0,0.867647,118,0.21205
88,traA,,2586.04,MGE,Plasmid,traA,0,0,0,0,0,0,0,0,33,0.000712,29,0,0,0
89,yddA,,975.15,Virulence,Inner membrane ABC transporter,yddA,0,0,0,0,0,0,0,0,34,0.000712,30,0,0,0
90,blc 3334641,,0,ARG,Beta-lactam,blc 3334641,8,5.911046,8,0.302795,0.350177,21.583082,0.004896,0.004896,12,0.003312,0,0.714286,20,0.069448
91,Plasmid 38606113,,969.74,MGE,Plasmid,Plasmid 38606113,0,0,0,0,0,0,0,0,35,0.000712,31,0,0,0
92,exc1,,0,MGE,Plasmid,exc1,0,0,0,0,0,0,0,0,36,0.000712,32,0,0,0
93,Rom,,0,MGE,Plasmid,Rom,0,0,0,0,0,0,0,0,37,0.000712,33,0,0,0
94,Plasmid 4775492,,0,MGE,Plasmid,Plasmid 4775492,0,0,0,0,0,0,0,0,38,0.000712,34,0,0,0
95,tnp,,3948.53,MGE,Transposon,tnp,17,14.877915,8,0.284672,0.356758,15.013683,0.00274,0.00274,27,0.005347,0,0.919118,125,0.142319
96,MobA 32395281,,22834.42,MGE,Insertional sequence,MobA 32395281,6,3.215248,7,0.313505,0.356801,138.821502,0.012938,0.012938,12,0.002087,0,0.2,3,0.074096
97,cfxA 32395282,,58478,ARG,Beta-lactam,cfxA 32395282,15,9.301538,6,0.343915,0.396581,230.794336,0.007064,0.007064,12,0.004621,0,0.571429,60,0.122631
98,tetA,,0,ARG,Tetracycline,tetA,0,0,0,0,0,0,0,0,39,0.000712,35,0,0,0
99,fyuA,,0,Virulence,Biofilm,fyuA,17,14.465843,7,0.346359,0.413553,59.797283,0.026356,0.026356,3,0.005086,0,0.867647,118,0.21205
100,ybtP,,0,Virulence,Siderophore,ybtP,37,23.746559,7,0.410526,0.506972,1067.143694,0.14913,0.149129,58,0.007242,0,0.447447,298,1
101,Cronobacter phage vB_CsaP_GAP52,,18.97,Phage,Podoviridae,Cronobacter phage vB_CsaP_GAP52,0,0,0,0,0,0,0,0,40,0.000712,36,0,0,0
102,Karamvirus_u_s,,0,Phage,Myoviridae,Karamvirus_u_s,0,0,0,0,0,0,0,0,41,0.000712,37,0,0,0
103,Escherichia virus CC31,,6.45,Phage,Myoviridae,Escherichia virus CC31,0,0,0,0,0,0,0,0,42,0.000712,38,0,0,0
104,Enterobacteria phage BP-4795,,229.18,Phage,Siphoviridae,Enterobacteria phage BP-4795,17,13.585335,8,0.284672,0.356758,17.081331,0.002736,0.002736,27,0.005001,0,0.875,119,0.140456
105,Escherichia virus HK106,,17.96,Phage,Siphoviridae,Escherichia virus HK106,0,0,0,0,0,0,0,0,43,0.000712,39,0,0,0
106,Enterobacteria phage HK140,,29.04,Phage,Siphoviridae,Enterobacteria phage HK140,0,0,0,0,0,0,0,0,44,0.000712,40,0,0,0
107,Escherichia virus HK544,,0,Phage,Siphoviridae,Escherichia virus HK544,0,0,0,0,0,0,0,0,45,0.000712,41,0,0,0
108,Escherichia virus HK629,,0,Phage,Siphoviridae,Escherichia virus HK629,13,9.583218,8,0.33913,0.403254,96.768309,0.039592,0.039592,103,0.003613,0,0.666667,52,0.219799
109,Escherichia virus HK633,,0,Phage,Siphoviridae,Escherichia virus HK633,30,24.193708,7,0.39959,0.482442,165.563727,0.198278,0.198278,103,0.006903,0,0.763218,332,0.934191
110,Enterobacteria phage IME10,,7.97,Phage,Podoviridae,Enterobacteria phage IME10,28,21.766013,7,0.383858,0.469621,150.340333,0.184554,0.184554,103,0.006267,0,0.76455,289,0.868145
111,Escherichia virus If1,,113.62,Phage,Inoviridae,Escherichia virus If1,0,0,0,0,0,0,0,0,46,0.000712,42,0,0,0
112,Enterobacteria phage P4,,241.12,Phage,Caudovirales_u_f,Enterobacteria phage P4,29,22.331662,7,0.393145,0.476459,114.834858,0.195384,0.195385,103,0.006359,0,0.795567,323,0.920954
113,Enterobacteria phage Sf101,,60.83,Phage,Podoviridae,Enterobacteria phage Sf101,0,0,0,0,0,0,0,0,47,0.000712,43,0,0,0
114,Enterobacteria phage SfI,,104.57,Phage,Myoviridae,Enterobacteria phage SfI,4,2.359227,9,0.276989,0.320368,265.218559,0.001368,0.001368,29,0.002304,0,0.166667,1,0.025681
115,Enterobacteria phage SfV,,279.47,Phage,Myoviridae,Enterobacteria phage SfV,25,19.94399,8,0.377176,0.455818,75.633215,0.047948,0.047947,58,0.006568,0,0.8,240,0.5571
116,Enterobacteria phage VT2phi_272,,0,Phage,Podoviridae,Enterobacteria phage VT2phi_272,0,0,0,0,0,0,0,0,48,0.000712,44,0,0,0
117,Enterobacteria phage YYZ-2008,,349.48,Phage,Siphoviridae,Enterobacteria phage YYZ-2008,2,1.517894,10,0.160758,0.180197,194,0,0,82,0.003489,0,0,0,0.001748
118,Enterobacteria phage cdtI,,165.64,Phage,Siphoviridae,Enterobacteria phage cdtI,9,5.124953,7,0.325543,0.374664,0.800621,0.011161,0.011161,12,0.002391,0,0.972222,35,0.130474
119,Escherichia virus fiAA91ss,,399.13,Phage,Myoviridae,Escherichia virus fiAA91ss,29,23.614377,7,0.393145,0.476459,114.834858,0.195384,0.195385,103,0.006688,0,0.795567,323,0.920954
120,Enterobacteria phage mEp043 c-1,,0,Phage,Siphoviridae,Enterobacteria phage mEp043 c-1,26,19.437785,8,0.31759,0.400775,46.091567,0.158623,0.158623,103,0.005783,0,0.692308,225,0.736671
121,Enterobacteria phage mEp235,,8.46,Phage,Siphoviridae,Enterobacteria phage mEp235,0,0,0,0,0,0,0,0,49,0.000712,45,0,0,0
122,Enterobacteria phage mEp237,,0,Phage,Siphoviridae,Enterobacteria phage mEp237,0,0,0,0,0,0,0,0,50,0.000712,46,0,0,0
123,Enterobacteria phage mEp460,,236.04,Phage,Siphoviridae,Enterobacteria phage mEp460,29,18.425288,8,0.375723,0.465476,342.004351,0.051464,0.051463,58,0.006245,0,0.517241,210,0.622428
124,Escherichia virus mEpX1,,11.32,Phage,Siphoviridae,Escherichia virus mEpX1,0,0,0,0,0,0,0,0,51,0.000712,47,0,0,0
125,Escherichia virus mEpX2,,0,Phage,Siphoviridae,Escherichia virus mEpX2,30,24.193708,7,0.39959,0.482442,165.563727,0.198278,0.198278,103,0.006903,0,0.763218,332,0.934191
126,Enterobacteria phage vB_EcoP_ACG-C91,,0,Phage,Autographiviridae,Enterobacteria phage vB_EcoP_ACG-C91,0,0,0,0,0,0,0,0,52,0.000712,48,0,0,0
127,Enterobacterial phage mEp213,,0,Phage,Siphoviridae,Enterobacterial phage mEp213,0,0,0,0,0,0,0,0,53,0.000712,49,0,0,0
128,Vequintavirus_u_s,,0,Phage,Myoviridae,Vequintavirus_u_s,17,14.465843,7,0.346359,0.413553,59.797283,0.026356,0.026356,3,0.005086,0,0.867647,118,0.21205
129,Escherichia virus Cajan,,585.26,Phage,Siphoviridae,Escherichia virus Cajan,0,0,0,0,0,0,0,0,54,0.000712,50,0,0,0
130,Escherichia phage D108,,377.3,Phage,Myoviridae,Escherichia phage D108,25,18.939261,8,0.370019,0.453596,192.805571,0.038198,0.038197,81,0.006873,0,0.673333,202,0.433791
131,Escherichia virus FFH2,,0,Phage,Myoviridae,Escherichia virus FFH2,0,0,0,0,0,0,0,0,55,0.000712,51,0,0,0
132,Escherichia virus Min27,,0,Phage,Podoviridae,Escherichia virus Min27,0,0,0,0,0,0,0,0,56,0.000712,52,0,0,0
133,Escherichia virus Seurat,,348.76,Phage,Siphoviridae,Escherichia virus Seurat,0,0,0,0,0,0,0,0,57,0.000712,53,0,0,0
134,Escherichia phage TL-2011b,,154.47,Phage,Podoviridae,Escherichia phage TL-2011b,16,11.025543,8,0.327181,0.389066,197.645141,0.029075,0.029074,58,0.004131,0,0.875,105,0.354051
135,Escherichia virus phiV10,,205.46,Phage,Podoviridae,Escherichia virus phiV10,25,18.939261,8,0.370019,0.453596,192.805571,0.038198,0.038197,81,0.006873,0,0.673333,202,0.433791
136,Escherichia virus pro147,,13.65,Phage,Myoviridae,Escherichia virus pro147,28,21.764886,7,0.371429,0.452955,82.949536,0.189701,0.189702,103,0.006213,0,0.820106,310,0.882689
137,Escherichia virus pro483,,425.08,Phage,Myoviridae,Escherichia virus pro483,18,12.665932,8,0.348837,0.418297,498.665711,0.040489,0.040489,3,0.004442,0,0.562092,86,0.29934
138,Escherichia phage slur01,,462.84,Phage,Siphoviridae,Escherichia phage slur01,0,0,0,0,0,0,0,0,59,0.000712,54,0,0,0
139,Escherichia virus 24B,,0,Phage,Podoviridae,Escherichia virus 24B,0,0,0,0,0,0,0,0,60,0.000712,55,0,0,0
140,Escherichia virus 186,,0,Phage,Myoviridae,Escherichia virus 186,0,0,0,0,0,0,0,0,61,0.000712,56,0,0,0
141,Escherichia virus HK022,,0,Phage,Siphoviridae,Escherichia virus HK022,18,14.29221,8,0.315534,0.391032,638.168952,0.004025,0.004025,27,0.005392,0,0.738562,113,0.15336
142,Escherichia virus HK97,,13.86,Phage,Siphoviridae,Escherichia virus HK97,3,2.041179,8,0.293233,0.323254,84.465676,0.001114,0.001114,81,0.001886,0,0,0,0.013489
143,Escherichia virus K1-5,,0,Phage,Autographiviridae,Escherichia virus K1-5,0,0,0,0,0,0,0,0,62,0.000712,57,0,0,0
144,Escherichia virus K1E,,0,Phage,Autographiviridae,Escherichia virus K1E,0,0,0,0,0,0,0,0,63,0.000712,58,0,0,0
145,Escherichia virus P2,,352.19,Phage,Myoviridae,Escherichia virus P2,30,23.869338,7,0.39959,0.482442,165.563727,0.198278,0.198278,103,0.006818,0,0.763218,332,0.934191
146,Escherichia virus Wphi,,215.27,Phage,Myoviridae,Escherichia virus Wphi,30,24.193708,7,0.39959,0.482442,165.563727,0.198278,0.198278,103,0.006903,0,0.763218,332,0.934191
147,Lactobacillus phage LfeSau,,0,Phage,Siphoviridae,Lactobacillus phage LfeSau,0,0,0,0,0,0,0,0,64,0.000712,59,0,0,0
148,Lactobacillus phage Lrm1,,0,Phage,Siphoviridae,Lactobacillus phage Lrm1,0,0,0,0,0,0,0,0,65,0.000712,60,0,0,0
149,Lactobacillus phage iA2,,0,Phage,Siphoviridae,Lactobacillus phage iA2,0,0,0,0,0,0,0,0,66,0.000712,61,0,0,0
150,Lactobacillus phage phiAT3,,23.44,Phage,Siphoviridae,Lactobacillus phage phiAT3,12,8.696759,8,0.312,0.372741,53.826544,0.037779,0.03778,103,0.003349,0,0.742424,49,0.199393
151,Lactococcus phage Tuc2009,,0,Phage,Siphoviridae,Lactococcus phage Tuc2009,25,18.939261,8,0.370019,0.453596,192.805571,0.038198,0.038197,81,0.006873,0,0.673333,202,0.433791
152,Mycobacterium phage Enkosi,,2.75,Phage,Siphoviridae,Mycobacterium phage Enkosi,17,14.465843,7,0.346359,0.413553,59.797283,0.026356,0.026356,3,0.005086,0,0.867647,118,0.21205
153,Seunavirus_u_s,,0.74,Phage,Myoviridae,Seunavirus_u_s,5,3.379094,6,0.303738,0.339145,360.221888,0.001407,0.001407,8,0.002948,0,0.5,5,0.022482
154,Salmonella phage BP12B,,0,Phage,Autographiviridae,Salmonella phage BP12B,0,0,0,0,0,0,0,0,67,0.000712,62,0,0,0
155,Salmonella virus FSLSP004,,156.54,Phage,Myoviridae,Salmonella virus FSLSP004,9,6.736309,8,0.233533,0.276905,174.183036,0.000048,0.000048,82,0.006089,0,0.694444,25,0.014129
156,Salmonella virus SP31,,0,Phage,Siphoviridae,Salmonella virus SP31,0,0,0,0,0,0,0,0,68,0.000712,63,0,0,0
157,Salmonella phage RE-2010,,86.3,Phage,Myoviridae,Salmonella phage RE-2010,26,20.464147,8,0.383858,0.464792,159.14149,0.049051,0.04905,58,0.006726,0,0.747692,243,0.574096
158,Salmonella phage SEN1,,0,Phage,Myoviridae,Salmonella phage SEN1,0,0,0,0,0,0,0,0,69,0.000712,64,0,0,0
159,Salmonella virus SJ46,,121.34,Phage,Myoviridae,Salmonella virus SJ46,24,19.52349,8,0.371429,0.448553,55.877389,0.047061,0.04706,58,0.006392,0,0.833333,230,0.544916
160,Salmonella virus SPN3US,,0,Phage,Myoviridae,Salmonella virus SPN3US,30,24.193708,7,0.39959,0.482442,165.563727,0.198278,0.198278,103,0.006903,0,0.763218,332,0.934191
161,Salmonella phage g341c,,0,Phage,Podoviridae,Salmonella phage g341c,0,0,0,0,0,0,0,0,70,0.000712,65,0,0,0
162,Salmonella phage vB_SemP_Emek,,0,Phage,Podoviridae,Salmonella phage vB_SemP_Emek,30,24.193708,7,0.39959,0.482442,165.563727,0.198278,0.198278,103,0.006903,0,0.763218,332,0.934191
163,Salmonella virus HK620,,0,Phage,Podoviridae,Salmonella virus HK620,30,24.193708,7,0.39959,0.482442,165.563727,0.198278,0.198278,103,0.006903,0,0.763218,332,0.934191
164,Salmonella virus PsP3,,0,Phage,Myoviridae,Salmonella virus PsP3,0,0,0,0,0,0,0,0,71,0.000712,66,0,0,0
165,Shigella phage SfII,,78.81,Phage,Myoviridae,Shigella phage SfII,27,21.104455,7,0.396341,0.47304,181.368871,0.049733,0.049732,58,0.007013,0,0.723647,254,0.581176
166,Shigella phage SfIV,,242.56,Phage,Myoviridae,Shigella phage SfIV,25,17.806948,8,0.354545,0.44069,79.40529,0.168851,0.168851,103,0.005158,0,0.79,237,0.808525
167,Shigella virus SfMu,,215.26,Phage,Myoviridae,Shigella virus SfMu,1,0.97412,11,0.138593,0.150505,0,0,0,82,0.002621,0,0,0,0.000607
168,Shigella virus Sf6,,6.79,Phage,Podoviridae,Shigella virus Sf6,24,16.072614,8,0.370722,0.449579,386.851144,0.047571,0.04757,58,0.005374,0,0.67029,185,0.507682
169,Streptococcus phage 20617,,0,Phage,Siphoviridae,Streptococcus phage 20617,0,0,0,0,0,0,0,0,72,0.000712,67,0,0,0
170,Stx2-converting phage 1717,,335.95,Phage,Siphoviridae,Stx2-converting phage 1717,17,10.986431,8,0.303738,0.367527,197.020482,0.111755,0.111755,103,0.00407,0,0.757353,103,0.511738
171,Stx2-converting phage 86,,21.53,Phage,Podoviridae,Stx2-converting phage 86,0,0,0,0,0,0,0,0,73,0.000712,68,0,0,0
172,Punavirus_u_s,,35.98,Phage,Myoviridae,Punavirus_u_s,0,0,0,0,0,0,0,0,74,0.000712,69,0,0,0
173,Candidatus Phytoplasma,,1.51,Taxa,Acholeplasmataceae,Candidatus Phytoplasma,17,14.877915,8,0.284672,0.356758,15.013683,0.00274,0.00274,27,0.005347,0,0.919118,125,0.142319
174,Succiniclasticum,,0,Taxa,Acidaminococcaceae,Succiniclasticum,0,0,0,0,0,0,0,0,75,0.000712,70,0,0,0
175,Acidithiobacillus,,3.45,Taxa,Acidithiobacillaceae,Acidithiobacillus,0,0,0,0,0,0,0,0,76,0.000712,71,0,0,0
176,Actinobacteria_u_g,,16.1,Taxa,Actinobacteria_u_f,Actinobacteria_u_g,10,7.513036,7,0.335628,0.382698,222.453439,0.003847,0.003847,81,0.004365,0,0.644444,29,0.065561
177,Thermobispora,,0,Taxa,Actinobacteria_u_f,Thermobispora,28,19.031318,7,0.342707,0.427827,365.399157,0.158459,0.158459,103,0.006009,0,0.60582,229,0.740067
178,Taylorella,,0,Taxa,Alcaligenaceae,Taylorella,0,0,0,0,0,0,0,0,77,0.000712,72,0,0,0
179,Alphaproteobacteria_u_g,,5.47,Taxa,Alphaproteobacteria_u_f,Alphaproteobacteria_u_g,7,4.688475,8,0.291916,0.332998,145.373707,0.001333,0.001333,12,0.003,0,0.47619,10,0.026274
180,Anaeromyxobacter,,1.42,Taxa,Anaeromyxobacteraceae,Anaeromyxobacter,6,4.07428,8,0.277383,0.309151,55.954764,0.000726,0.000726,81,0.00294,0,0.666667,10,0.018971
181,Atopobium,,4265.94,Taxa,Atopobiaceae,Atopobium,2,1.075581,10,0.209003,0.230191,0,0.000675,0.000675,103,0.001402,0,1,1,0.004796
182,Olsenella,,1031.36,Taxa,Atopobiaceae,Olsenella,5,3.206553,8,0.244055,0.27616,0,0.000302,0.000302,8,0.003298,0,1,10,0.008724
183,Bacillus,,360.31,Taxa,Bacillaceae,Bacillus,27,19.77683,7,0.35009,0.43398,130.656728,0.178463,0.178464,103,0.005862,0,0.789174,277,0.822678
184,Geobacillus,,0,Taxa,Bacillaceae,Geobacillus,12,7.83605,6,0.293233,0.341453,485.97245,0.002534,0.002534,82,0.005189,0,0.454545,30,0.036404
185,Gemella,,0,Taxa,Bacillales_u_f,Gemella,0,0,0,0,0,0,0,0,78,0.000712,73,0,0,0
186,Bacteroidales_u_g,,49136.39,Taxa,Bacteroidales_u_f,Bacteroidales_u_g,10,5.357141,6,0.327731,0.372991,511.469127,0.017879,0.017879,58,0.003002,0,0.533333,24,0.190154
187,Brachyspira,,2.46,Taxa,Brachyspiraceae,Brachyspira,0,0,0,0,0,0,0,0,79,0.000712,74,0,0,0
188,Ochrobactrum,,8.7,Taxa,Brucellaceae,Ochrobactrum,15,9.717542,9,0.298622,0.359721,368.626837,0.015781,0.01578,81,0.004688,0,0.742857,78,0.218359
189,Campylobacter,,2.52,Taxa,Campylobacteraceae,Campylobacter,6,4.455596,6,0.24968,0.289658,70.035176,0.000852,0.000852,82,0.003674,0,0.866667,13,0.013509
190,Candidatus Paracaedibacteraceae_u_g,,0,Taxa,Candidatus Paracaedibacteraceae,Candidatus Paracaedibacteraceae_u_g,9,6.799809,8,0.233533,0.276905,174.183036,0.000048,0.000048,82,0.006142,0,0.694444,25,0.014129
191,Cardiobacterium,,0,Taxa,Cardiobacteriaceae,Cardiobacterium,0,0,0,0,0,0,0,0,80,0.000712,75,0,0,0
192,Catabacter,,2115.44,Taxa,Catabacteriaceae,Catabacter,4,2.34822,7,0.304688,0.342784,91.1351,0.002173,0.002173,81,0.001937,0,0.166667,1,0.035284
193,Alkaliphilus,,0,Taxa,Clostridiaceae,Alkaliphilus,17,14.877915,8,0.284672,0.356758,15.013683,0.00274,0.00274,27,0.005347,0,0.919118,125,0.142319
194,Butyricicoccus,,243.85,Taxa,Clostridiaceae,Butyricicoccus,4,2.325399,8,0.293233,0.330861,52.128474,0.002383,0.002383,81,0.00196,0,0.333333,2,0.035167
195,Caloramator,,21.3,Taxa,Clostridiaceae,Caloramator,25,14.905656,7,0.351351,0.430049,551.215677,0.141318,0.141318,103,0.004698,0,0.586667,176,0.730154
196,Clostridiales Family XIII. Incertae Sedis_u_g,,12590.06,Taxa,Clostridiales Family XIII. Incertae Sedis,Clostridiales Family XIII. Incertae Sedis_u_g,22,15.854508,8,0.342105,0.42069,73.043785,0.026372,0.026372,81,0.005901,0,0.74026,171,0.364655
197,Mogibacterium,,48.31,Taxa,Clostridiales Family XIII. Incertae Sedis,Mogibacterium,24,15.470385,6,0.342707,0.416838,840.813383,0.149265,0.149266,103,0.005394,0,0.699275,193,0.687531
198,Thermaerobacter,,4.7,Taxa,Clostridiales Family XVII. Incertae Sedis,Thermaerobacter,23,15.399806,8,0.33737,0.411716,437.256947,0.02059,0.02059,81,0.006312,0,0.58498,148,0.296757
199,Collinsella,,864.86,Taxa,Coriobacteriaceae,Collinsella,14,8.00057,9,0.296804,0.359807,6.31507,0.016398,0.016398,81,0.00336,0,0.945055,86,0.224912
200,Corynebacterium,,797.23,Taxa,Corynebacteriaceae,Corynebacterium,6,4.525762,6,0.24968,0.289658,70.035176,0.000852,0.000852,82,0.003712,0,0.866667,13,0.013509
201,Cytophaga,,0,Taxa,Cytophagaceae,Cytophaga,9,5.155418,7,0.271967,0.313895,1024.978332,0.000643,0.000643,82,0.004687,0,0.333333,12,0.015697
202,Runella,,0,Taxa,Cytophagaceae,Runella,20,15.096789,6,0.379377,0.448462,244.41634,0.01476,0.01476,12,0.00609,0,0.636842,121,0.212146
203,Deinococcus-Thermus_u_g,,0,Taxa,Deinococcus-Thermus_u_f,Deinococcus-Thermus_u_g,6,3.768552,6,0.292354,0.337692,375.498263,0.006987,0.006987,82,0.003011,0,0.333333,5,0.038796
204,Desulfobulbus,,0,Taxa,Desulfobulbaceae,Desulfobulbus,6,4.74716,6,0.24968,0.289658,70.035176,0.000852,0.000852,82,0.003868,0,0.866667,13,0.013509
205,Desulfomicrobium,,2.44,Taxa,Desulfomicrobiaceae,Desulfomicrobium,13,8.297982,9,0.288035,0.34618,84.971396,0.014666,0.014666,81,0.003659,0,0.846154,66,0.203513
206,Hippea,,0,Taxa,Desulfurellaceae,Hippea,25,18.939261,8,0.370019,0.453596,192.805571,0.038198,0.038197,81,0.006873,0,0.673333,202,0.433791
207,Slackia,,318.3,Taxa,Eggerthellaceae,Slackia,19,13.097503,8,0.337955,0.410006,117.117613,0.02123,0.021229,81,0.005144,0,0.754386,129,0.295706
208,Escherichia,,840.57,Taxa,Enterobacteriaceae,Escherichia,24,18.022194,8,0.367232,0.450861,66.162196,0.166657,0.166657,103,0.005199,0,0.84058,232,0.797
209,Leclercia,,0,Taxa,Enterobacteriaceae,Leclercia,0,0,0,0,0,0,0,0,83,0.000712,76,0,0,0
210,Salmonella,,0,Taxa,Enterobacteriaceae,Salmonella,0,0,0,0,0,0,0,0,84,0.000712,77,0,0,0
211,Shigella,,145.16,Taxa,Enterobacteriaceae,Shigella,25,17.647007,8,0.378641,0.463083,215.734032,0.059383,0.059382,58,0.005747,0,0.713333,214,0.591996
212,Erysipelotrichaceae_u_g,,5225.04,Taxa,Erysipelotrichaceae,Erysipelotrichaceae_u_g,23,16.578802,8,0.344523,0.425391,92.693662,0.025569,0.025568,81,0.006235,0,0.719368,182,0.358107
213,Kandleria,,2156.34,Taxa,Erysipelotrichaceae,Kandleria,0,0,0,0,0,0,0,0,85,0.000712,78,0,0,0
214,Turicibacter,,5180.41,Taxa,Erysipelotrichaceae,Turicibacter,30,17.289644,8,0.371429,0.465049,394.610951,0.05326,0.053259,58,0.005897,0,0.505747,220,0.641538
215,Ferrimonas,,0,Taxa,Ferrimonadaceae,Ferrimonas,25,18.939261,8,0.370019,0.453596,192.805571,0.038198,0.038197,81,0.006873,0,0.673333,202,0.433791
216,Firmicutes_u_g,,1111.17,Taxa,Firmicutes_u_f,Firmicutes_u_g,7,3.950607,8,0.280576,0.323425,254.88792,0.001291,0.001291,8,0.00366,0,0.52381,11,0.024871
217,Imtechella,,0,Taxa,Flavobacteriaceae,Imtechella,20,11.105171,6,0.335052,0.400684,836.581143,0.01463,0.01463,3,0.004729,0,0.384211,73,0.182423
218,Flavobacteriales_u_g,,0,Taxa,Flavobacteriales_u_f,Flavobacteriales_u_g,17,14.877915,8,0.284672,0.356758,15.013683,0.00274,0.00274,27,0.005347,0,0.919118,125,0.142319
219,Cetobacterium,,10.93,Taxa,Fusobacteriaceae,Cetobacterium,13,7.142309,8,0.303738,0.360519,418.480234,0.075925,0.075925,103,0.003263,0,0.615385,48,0.349848
220,Glycomyces,,0,Taxa,Glycomycetaceae,Glycomyces,0,0,0,0,0,0,0,0,86,0.000712,79,0,0,0
221,Gordonia,,18.37,Taxa,Gordoniaceae,Gordonia,28,20.614617,7,0.334477,0.421758,72.53207,0.170615,0.170616,103,0.006094,0,0.690476,261,0.793961
222,Halorubrum,,6.69,Taxa,Halorubraceae,Halorubrum,4,2.620134,9,0.268595,0.308268,28.342856,0.002319,0.002318,81,0.001775,0,0.333333,2,0.039803
223,Holophagaceae_u_g,,1.03,Taxa,Holophagaceae,Holophagaceae_u_g,15,8.977008,8,0.270083,0.331972,59.128351,0.002084,0.002084,27,0.003581,0,0.8,84,0.120769
224,Holospora,,6.74,Taxa,Holosporaceae,Holospora,27,17.824344,8,0.329392,0.419664,1146.321411,0.018031,0.018031,27,0.006343,0,0.450142,158,0.252745
225,Hungateiclostridiaceae_u_g,,17.02,Taxa,Hungateiclostridiaceae,Hungateiclostridiaceae_u_g,0,0,0,0,0,0,0,0,87,0.000712,80,0,0,0
226,Coprococcus,,554.59,Taxa,Lachnospiraceae,Coprococcus,11,6.50086,6,0.309524,0.354359,805.607177,0.00502,0.00502,12,0.003279,0,0.781818,43,0.094284
227,Dorea,,434.7,Taxa,Lachnospiraceae,Dorea,21,15.279401,8,0.329949,0.402741,66.897099,0.021413,0.021412,81,0.005877,0,0.766667,161,0.304919
228,Lachnobacterium,,261.24,Taxa,Lachnospiraceae,Lachnobacterium,13,7.493071,9,0.288889,0.349343,97.283375,0.013945,0.013945,81,0.003528,0,0.75641,59,0.193298
229,Lachnoclostridium,,1218.56,Taxa,Lachnospiraceae,Lachnoclostridium,6,3.782041,8,0.276204,0.315476,84.700606,0.001365,0.001365,8,0.003552,0,0.733333,11,0.022351
230,Lachnospira,,750.65,Taxa,Lachnospiraceae,Lachnospira,3,1.866464,6,0.273876,0.30812,198.636964,0.006216,0.006216,82,0.001837,0,0.666667,2,0.030671
231,Pseudobutyrivibrio,,580,Taxa,Lachnospiraceae,Pseudobutyrivibrio,22,14.200844,8,0.346975,0.424109,525.166461,0.02359,0.023589,81,0.00596,0,0.593074,137,0.328096
232,Roseburia,,1127.41,Taxa,Lachnospiraceae,Roseburia,16,8.793006,8,0.351351,0.415647,441.279848,0.023283,0.023282,58,0.003984,0,0.475,57,0.293361
233,Shuttleworthia,,15.43,Taxa,Lachnospiraceae,Shuttleworthia,0,0,0,0,0,0,0,0,88,0.000712,81,0,0,0
234,Tyzzerella,,295.34,Taxa,Lachnospiraceae,Tyzzerella,7,4.640523,7,0.252591,0.289365,58.840362,0.000346,0.000346,8,0.004596,0,0.619048,13,0.010703
235,Methanosarcina,,0,Taxa,Methanosarcinaceae,Methanosarcina,23,14.474679,8,0.386139,0.46069,777.564971,0.041788,0.041786,58,0.005177,0,0.667984,169,0.476255
236,Methylobacterium,,0,Taxa,Methylobacteriaceae,Methylobacterium,6,3.340658,9,0.190989,0.223769,386,0.000009,0.000009,82,0.00396,0,0.666667,10,0.008894
237,Microvirga,,8.07,Taxa,Methylobacteriaceae,Microvirga,18,11.824496,8,0.304212,0.371459,210.635158,0.015372,0.015371,81,0.005284,0,0.522876,80,0.22261
238,Clavibacter,,0,Taxa,Microbacteriaceae,Clavibacter,20,15.096789,6,0.379377,0.448462,244.41634,0.01476,0.01476,12,0.00609,0,0.636842,121,0.212146
239,Microbacterium,,508.05,Taxa,Microbacteriaceae,Microbacterium,10,7.466414,7,0.335628,0.382698,222.453439,0.003847,0.003847,81,0.004343,0,0.644444,29,0.065561
240,Kocuria,,70.41,Taxa,Micrococcaceae,Kocuria,6,3.214807,7,0.253576,0.290183,671.107596,0.000212,0.000212,82,0.002983,0,0.666667,10,0.014001
241,Micrococcaceae_u_g,,8.19,Taxa,Micrococcaceae,Micrococcaceae_u_g,5,3.588664,9,0.263514,0.303531,104.758522,0.008521,0.008521,103,0.002708,0,0.5,5,0.046172
242,Micromonospora,,0,Taxa,Micromonosporaceae,Micromonospora,15,9.522963,7,0.31401,0.377656,126.887306,0.062953,0.062954,103,0.003733,0,0.609524,64,0.299942
243,Ureaplasma,,7.09,Taxa,Mycoplasmataceae,Ureaplasma,14,8.811692,7,0.342707,0.403297,480.432493,0.007309,0.007309,12,0.003739,0,0.593407,54,0.145539
244,Myxococcaceae_u_g,,2.91,Taxa,Myxococcaceae,Myxococcaceae_u_g,24,17.828984,8,0.35009,0.432314,167.143691,0.028936,0.028936,81,0.006516,0,0.677536,187,0.398613
245,Nitrospiraceae_u_g,,1.11,Taxa,Nitrospiraceae,Nitrospiraceae_u_g,0,0,0,0,0,0,0,0,89,0.000712,82,0,0,0
246,Thermobifida,,323.82,Taxa,Nocardiopsaceae,Thermobifida,10,6.313812,7,0.310016,0.364835,257.206152,0.024352,0.024352,82,0.003504,0,0.377778,17,0.123846
247,Opitutales_u_g,,343.35,Taxa,Opitutales_u_f,Opitutales_u_g,0,0,0,0,0,0,0,0,90,0.000712,83,0,0,0
248,Saccharibacillus,,0,Taxa,Paenibacillaceae,Saccharibacillus,3,1.741132,10,0.245592,0.276931,36.234128,0.001179,0.001179,81,0.001651,0,0.333333,1,0.019443
249,Gallibacterium,,0,Taxa,Pasteurellaceae,Gallibacterium,0,0,0,0,0,0,0,0,91,0.000712,84,0,0,0
250,Desulfotomaculum,,8.6,Taxa,Peptococcaceae,Desulfotomaculum,24,17.001748,7,0.322848,0.404066,470.502784,0.006389,0.006389,27,0.006209,0,0.539855,149,0.208245
251,Peptococcaceae_u_g,,0,Taxa,Peptococcaceae,Peptococcaceae_u_g,18,11.268771,7,0.360444,0.422357,592.013725,0.021764,0.021764,81,0.004358,0,0.738562,113,0.304333
252,Anaerococcus,,0,Taxa,Peptoniphilaceae,Anaerococcus,0,0,0,0,0,0,0,0,92,0.000712,85,0,0,0
253,Helcococcus,,17.76,Taxa,Peptoniphilaceae,Helcococcus,11,5.96998,9,0.243446,0.29546,0,0.001245,0.001245,27,0.002544,0,1,55,0.087666
254,Parvimonas,,10.54,Taxa,Peptoniphilaceae,Parvimonas,11,7.432438,7,0.309524,0.361673,228.645079,0.002496,0.002496,81,0.004585,0,0.490909,27,0.041812
255,Intestinibacter,,280.43,Taxa,Peptostreptococcaceae,Intestinibacter,18,11.546609,9,0.304212,0.376901,309.080407,0.023488,0.023487,81,0.004394,0,0.562092,86,0.263751
256,Paeniclostridium,,407.15,Taxa,Peptostreptococcaceae,Paeniclostridium,6,3.59082,8,0.266393,0.30804,13.578349,0.00113,0.00113,27,0.001881,0,0.733333,11,0.052072
257,Peptostreptococcaceae_u_g,,566.76,Taxa,Peptostreptococcaceae,Peptostreptococcaceae_u_g,2,1.170729,11,0.203549,0.223331,0,0.000056,0.000056,29,0.001825,0,1,1,0.002419
258,Peptostreptococcus,,166.68,Taxa,Peptostreptococcaceae,Peptostreptococcus,12,8.405042,6,0.33913,0.391966,51.389794,0.010658,0.010658,12,0.003617,0,0.909091,60,0.137973
259,Aminobacter,,0,Taxa,Phyllobacteriaceae,Aminobacter,0,0,0,0,0,0,0,0,93,0.000712,86,0,0,0
260,Phyllobacteriaceae_u_g,,0,Taxa,Phyllobacteriaceae,Phyllobacteriaceae_u_g,0,0,0,0,0,0,0,0,94,0.000712,87,0,0,0
261,Ureibacillus,,25.99,Taxa,Planococcaceae,Ureibacillus,27,19.873807,7,0.351986,0.435519,195.815792,0.174697,0.174698,103,0.006033,0,0.754986,265,0.807046
262,Porphyromonas,,141.3,Taxa,Porphyromonadaceae,Porphyromonas,22,14.796103,8,0.360444,0.437357,301.943476,0.033587,0.033586,81,0.005919,0,0.645022,149,0.37029
263,Acidipropionibacterium,,62.02,Taxa,Propionibacteriaceae,Acidipropionibacterium,10,6.524136,7,0.231043,0.275665,328.259909,0.000152,0.000152,82,0.005597,0,0.444444,20,0.015459
264,Cutibacterium,,0,Taxa,Propionibacteriaceae,Cutibacterium,14,10.679921,8,0.344523,0.410348,114.153625,0.046625,0.046625,103,0.003891,0,0.626374,57,0.252022
265,Propionibacteriaceae_u_g,,0,Taxa,Propionibacteriaceae,Propionibacteriaceae_u_g,28,20.607831,7,0.334477,0.421758,72.53207,0.170615,0.170616,103,0.006092,0,0.690476,261,0.793961
266,Pseudonocardia,,0,Taxa,Pseudonocardiaceae,Pseudonocardia,0,0,0,0,0,0,0,0,95,0.000712,88,0,0,0
267,Saccharomonospora,,360.37,Taxa,Pseudonocardiaceae,Saccharomonospora,10,7.702993,7,0.309524,0.357912,128.343061,0.003182,0.003182,81,0.004561,0,0.666667,30,0.051727
268,Saccharopolyspora,,92.87,Taxa,Pseudonocardiaceae,Saccharopolyspora,10,5.90264,6,0.300462,0.344615,127.324801,0.002718,0.002718,82,0.003904,0,0.511111,23,0.034743
269,Halocynthiibacter,,0,Taxa,Rhodobacteraceae,Halocynthiibacter,6,4.74716,6,0.24968,0.289658,70.035176,0.000852,0.000852,82,0.003868,0,0.866667,13,0.013509
270,Thalassospira,,0,Taxa,Rhodospirillaceae,Thalassospira,0,0,0,0,0,0,0,0,96,0.000712,89,0,0,0
271,Rickettsiales_u_g,,0,Taxa,Rickettsiales_u_f,Rickettsiales_u_g,0,0,0,0,0,0,0,0,97,0.000712,90,0,0,0
272,Rikenellaceae_u_g,,4.41,Taxa,Rikenellaceae,Rikenellaceae_u_g,30,19.798557,7,0.384615,0.469792,570.687876,0.049609,0.049607,58,0.006678,0,0.549425,239,0.599287
273,Anaerotruncus,,0,Taxa,Ruminococcaceae,Anaerotruncus,8,5.911046,8,0.302795,0.350177,21.583082,0.004896,0.004896,12,0.003312,0,0.714286,20,0.069448
274,Ethanoligenens,,5,Taxa,Ruminococcaceae,Ethanoligenens,0,0,0,0,0,0,0,0,98,0.000712,91,0,0,0
275,Megamonas,,15.92,Taxa,Selenomonadaceae,Megamonas,16,11.894379,6,0.359116,0.421453,105.362254,0.013358,0.013357,12,0.004895,0,0.766667,92,0.182162
276,Selenomonadaceae_u_g,,269.79,Taxa,Selenomonadaceae,Selenomonadaceae_u_g,0,0,0,0,0,0,0,0,99,0.000712,92,0,0,0
277,Shewanella,,2.68,Taxa,Shewanellaceae,Shewanella,5,3.528402,8,0.196375,0.228016,0,0.000014,0.000014,82,0.003405,0,1,10,0.008809
278,Sphaerobacteraceae_u_g,,0,Taxa,Sphaerobacteraceae,Sphaerobacteraceae_u_g,0,0,0,0,0,0,0,0,100,0.000712,93,0,0,0
279,Sphingobacteriaceae_u_g,,0,Taxa,Sphingobacteriaceae,Sphingobacteriaceae_u_g,0,0,0,0,0,0,0,0,101,0.000712,94,0,0,0
280,Treponema,,986.84,Taxa,Spirochaetaceae,Treponema,3,1.585984,9,0.265668,0.298793,53.153996,0.001152,0.001152,3,0.001689,0,0.333333,1,0.013299
281,Sporolactobacillus,,6.39,Taxa,Sporolactobacillaceae,Sporolactobacillus,18,11.323843,7,0.324459,0.386545,2.399676,0.1317,0.1317,103,0.003547,0,0.96732,148,0.607152
282,Pelosinus,,102.47,Taxa,Sporomusaceae,Pelosinus,6,4.181868,8,0.219348,0.253449,62.357127,0.000033,0.000033,82,0.004062,0,0.933333,14,0.009965
283,Staphylococcus,,7.19,Taxa,Staphylococcaceae,Staphylococcus,5,3.379094,6,0.303738,0.339145,360.221888,0.001407,0.001407,8,0.002948,0,0.5,5,0.022482
284,Succinatimonas,,756.63,Taxa,Succinivibrionaceae,Succinatimonas,17,14.465843,7,0.346359,0.413553,59.797283,0.026356,0.026356,3,0.005086,0,0.867647,118,0.21205
285,Succinivibrio,,87749.89,Taxa,Succinivibrionaceae,Succinivibrio,3,1.907825,8,0.230496,0.255696,0,0.000196,0.000196,8,0.002266,0,1,3,0.005073
286,Laceyella,,0,Taxa,Thermoactinomycetaceae,Laceyella,0,0,0,0,0,0,0,0,102,0.000712,95,0,0,0
287,Thermoactinomyces,,745.38,Taxa,Thermoactinomycetaceae,Thermoactinomyces,11,6.726734,6,0.284672,0.341966,472.261928,0.016269,0.016269,82,0.004333,0,0.363636,20,0.087128
288,Thermoanaerobacterales_u_g,,27.43,Taxa,Thermoanaerobacterales_u_f,Thermoanaerobacterales_u_g,5,3.588664,9,0.263514,0.303531,104.758522,0.008521,0.008521,103,0.002708,0,0.5,5,0.046172
289,Megasphaera,,509.48,Taxa,Veillonellaceae,Megasphaera,14,8.545081,6,0.338542,0.390427,347.585524,0.006862,0.006861,12,0.004172,0,0.571429,52,0.123787
290,Veillonellaceae_u_g,,379.1,Taxa,Veillonellaceae,Veillonellaceae_u_g,9,6.799809,8,0.233533,0.276905,174.183036,0.000048,0.000048,82,0.006142,0,0.694444,25,0.014129
291,Pseudoxanthomonas,,4.22,Taxa,Xanthomonadaceae,Pseudoxanthomonas,15,10.202944,7,0.333333,0.391331,392.810971,0.010909,0.010909,12,0.004659,0,0.52381,55,0.136854
292,Xylella,,0,Taxa,Xanthomonadaceae,Xylella,0,0,0,0,0,0,0,0,104,0.000712,96,0,0,0
293,Yersinia,,0,Taxa,Yersiniaceae,Yersinia,0,0,0,0,0,0,0,0,105,0.000712,97,0,0,0