Name,Acidipropionibacterium,Acidithiobacillus,Actinobacteria_u_g,Alkaliphilus,Alphaproteobacteria_u_g,Aminobacter,Anaerococcus,Anaeromyxobacter,Anaerotruncus,Atopobium,Bacillus,Bacteroidales_u_g,Brachyspira,Butyricicoccus,Caloramator,Campylobacter,Candidatus Paracaedibacteraceae_u_g,Candidatus Phytoplasma,Cardiobacterium,Catabacter,Cetobacterium,Clavibacter,Clostridiales Family XIII. Incertae Sedis_u_g,Collinsella,Coprococcus,Corynebacterium,Cutibacterium,Cytophaga,Deinococcus-Thermus_u_g,Desulfobulbus,Desulfomicrobium,Desulfotomaculum,Dorea,Erysipelotrichaceae_u_g,Escherichia,Ethanoligenens,Ferrimonas,Firmicutes_u_g,Flavobacteriales_u_g,Gallibacterium,Gemella,Geobacillus,Glycomyces,Gordonia,Halocynthiibacter,Halorubrum,Helcococcus,Hippea,Holophagaceae_u_g,Holospora,Hungateiclostridiaceae_u_g,Imtechella,Intestinibacter,Kandleria,Kocuria,Laceyella,Lachnobacterium,Lachnoclostridium,Lachnospira,Leclercia,Megamonas,Megasphaera,Methanosarcina,Methylobacterium,Microbacterium,Micrococcaceae_u_g,Micromonospora,Microvirga,Mogibacterium,Myxococcaceae_u_g,Nitrospiraceae_u_g,Ochrobactrum,Olsenella,Opitutales_u_g,Paeniclostridium,Parvimonas,Pelosinus,Peptococcaceae_u_g,Peptostreptococcaceae_u_g,Peptostreptococcus,Phyllobacteriaceae_u_g,Porphyromonas,Propionibacteriaceae_u_g,Pseudobutyrivibrio,Pseudonocardia,Pseudoxanthomonas,Rickettsiales_u_g,Rikenellaceae_u_g,Roseburia,Runella,Saccharibacillus,Saccharomonospora,Saccharopolyspora,Salmonella,Selenomonadaceae_u_g,Shewanella,Shigella,Shuttleworthia,Slackia,Sphaerobacteraceae_u_g,Sphingobacteriaceae_u_g,Sporolactobacillus,Staphylococcus,Succinatimonas,Succiniclasticum,Succinivibrio,Taylorella,Thalassospira,Thermaerobacter,Thermoactinomyces,Thermoanaerobacterales_u_g,Thermobifida,Thermobispora,Treponema,Turicibacter,Tyzzerella,Ureaplasma,Ureibacillus,Veillonellaceae_u_g,Xylella,Yersinia
1.1_MSU977,0,0,4.41,0,0,0,0,0,0,22.09,24.26,235.36,0,17.95,3.65,0,0,0,0,10.27,0,0,559.95,21.11,22.51,0,0,0,0,0,0,1.33,0,106.17,24.83,0,0,50.53,0,0,2.52,0,0,0,0,0,0,0,0,0,0,0,10.23,0,0,0,0,72.21,25.07,0,0,0,0,3.94,71.17,0,0,0,0,4.13,0,0,7,0,18.2,0,0,0,20.45,1.96,0,14.63,0,18.55,0,0,0,0,12.84,0,0,0,0,0,6.18,1.34,3.79,0,9.85,0,0,0,0,0,0,197.9,0,0,0,36.58,0,10.27,0,55.12,216.02,0,0,0,8.7,0,0
12.1_MSU977,0,0,0,0,0,0,0,0,0,0,16.31,53.29,0,9.31,0,0,0,0,0,143.96,0,0,959.65,31.98,0,15.84,0,0,0,0,0,0,0,648.58,1.72,0,0,58.81,0,0,0,0,0,0,0,1.46,0,1.57,1.54,0,0,0,14.51,357.82,17.94,0,0,62.22,34.41,0,0,0,0,0,0,0,0,0,12.35,0,0,0,34.88,0,23.03,0,0,0,27.99,1.27,0,3.04,0,33.52,0,0,0,0,0,0,0,0,0,0,0,0,0,0,19.95,0,0,1.56,0,0,0,7.97,0,0,0,0,0,8.56,0,0,18.86,0,0,0,0,0,0
13.1_MSU977,0,0,0,0,0,0,0,0,0,570.03,43.28,74.66,0,18.42,3.19,0,0,0,0,46.84,0,0,473.16,36.06,11.85,0,0,0,0,0,0,1.81,6.58,119.4,40.14,0,0,82.83,0,0,0,0,0,17.07,0,0,0,0,1.03,0,0,0,24.62,16.43,5.27,0,0,53.99,45.39,0,0,27.07,0,0,0,0,0,0,0,2.86,0,0,79.99,0,13.04,0,0,0,33.42,1.89,0,5.8,0,24.37,0,0,0,0,24.58,0,0,22.72,74.23,0,0,0,2.99,0,21.91,0,0,0,0,9.03,0,3194.24,0,0,3.33,0,2.55,138.43,0,2.97,634.27,7.36,0,0,4.82,0,0
14.1_MSU977,0,0,0,0,0,0,0,0,0,0,37.1,719.97,0,12.04,0,0,0,0,0,62.43,1.15,0,549.12,40.72,66.85,0,0,0,0,0,0,0,87.79,149.11,9.06,0,0,48.51,0,0,0,0,0,10.64,0,0,0,0,0,0,0,0,14.06,12.31,14.37,0,62.07,53.61,67.39,0,4.48,0,0,0,0,0,7.94,0,0,0,0,0,19.61,0,18.94,4.05,12.04,0,13.61,0,0,3.75,0,67.69,0,0,0,0,125.64,0,0,16.62,39.73,0,0,0,0,0,11.47,0,0,0,0,41.6,0,19536.67,0,0,0,0,1.48,125.32,0,45.78,180.02,32.39,0,0,32.2,0,0
15.1_MSU977,0,0,0,0,0,0,0,1.18,0,58.45,52.83,4872.2,0,12.34,5.38,1.21,0,0,0,46.76,0,0,447.8,28.68,23.05,0,0,0,0,0,0,0,0,121.63,2.81,0,0,80.85,0,0,0,0,0,11.86,0,0,0,0,5.64,0,0,0,13.61,7.55,0,0,31.31,63.24,22.01,0,0,0,0,0,4.53,0,0,0,0,5.8,0,0,6.42,0,29.52,2.26,0,0,15.66,29.96,0,14.36,0,33.43,0,0,0,0,58.94,0,0,14.45,18.72,0,20.34,0,0,0,7.11,0,0,0,0,15.86,0,2733.62,0,0,0,0,0,85.98,0,34.59,219.99,14.33,0,0,12.24,0,0
17.1_MSU977,0,0,0,0,0,0,0,0,0,89.79,23.36,10794.9,0,20.41,0,0,0,0,0,96.45,0,0,1020.12,68.4,36.85,21.75,0,0,0,0,0,0,79.16,1918.26,110.54,6.94,0,118.17,0,0,0,0,0,0,0,1.46,0,0,0,0,0,0,56.98,1585.76,2.37,0,49.49,85.87,130.37,0,0,104.22,0,0,0,0,0,0,0,0,0,0,346.7,0,6.68,0,0,0,32.65,52.78,0,20.32,0,31.66,0,0,0,0,87.05,0,0,0,0,0,0,0,23.45,0,15.91,0,0,0,0,22.5,6.42,4849.51,0,0,0,1.23,0,0,0,93.87,733.2,14.79,0,0,31.45,0,0
22.1_MSU977,0,0,0,5.88,0,0,0,0,0,0,9.82,1296.89,0,18.28,0,0,1.61,0,0,124.19,0,0,877.64,32.34,14.45,28.62,0,0,0,0,0,1.77,0,445.73,12.52,0,0,62.31,0,0,0,0,0,0,0,0,0,0,0,0,0,0,0,0,0,0,0,60.73,42.88,0,0,13.22,0,3.52,0,0,0,0,0,0,0,0,36.7,0,13.98,0,0,0,6.71,0,0,9.39,0,16.52,0,0,0,0,0,0,0,0,0,0,0,0,2.66,0,8.09,0,0,1.91,0,0,0,52.83,0,0,0,0,63.97,0,0,14.28,12.81,0,0,0,0,0,0
23.1_MSU977,0,0,0,0,0,0,0,0,0,1.2,0,887.82,0,14.62,0,0,0,0,0,136.6,2.15,0,637.3,45.86,24.62,72.57,0,0,0,0,0,0,7.45,181.46,237.01,0,0,59.59,0,0,7.37,0,6.49,0,0,0,0,0,1.01,8.18,0,67.39,25.59,0,4.4,0,16.13,56.99,23.13,0,5.13,0,0,0,0,0,0,6.39,9.08,0,0,7.05,25.32,0,11.84,0,0,0,66.77,21.64,0,7.14,0,37.94,0,3.54,0,5.86,57.99,0,0,0,0,1.92,0,0,19.07,0,8.89,0,0,0,0,61.13,0,5515.77,0,0,0,0,0,0,0,37.23,408.91,19.97,1.75,0,45.19,0,0
24.1_MSU977,0,0,0,0,0,0,0,0,0,0,23.81,335.57,0,0,0,0,0,0,0,167.68,0,0,831.57,12.46,7.4,69.62,0,0,0,0,0,0,0,366.27,315.29,0,0,52.54,0,0,0,0,0,0,0,0,0,0,0,0,0,50.09,12.47,0,0,0,0,42.75,30.93,0,0,0,0,0,0,1.88,0,0,9.9,0,0,0,26.83,0,22.45,0,0,0,26.01,2.48,0,1.94,0,13.96,0,0,0,0,0,0,0,0,0,0,0,0,10.49,0,0,0,0,0,0,0,0,66.55,0,0,0,0,0,3.24,0,1.05,172.12,4.06,0,0,8.55,0,0
26.1_MSU977,0,0,0,0,0,0,0,0,0,5536.08,94.14,5498.35,0,9.4,0,0,0,0,0,0,0,0,187.31,258.03,21.74,205.98,0,0,0,1.85,0,0,0,1173.43,23.94,0,0,55.97,0,0,0,0,0,0,0,0,1.33,0,0,0,0,0,7.09,860.84,6.14,0,0,45.15,50.87,0,0,25.88,0,0,0,0,0,0,0,0,0,0,1514.99,9.64,0,0,13.28,0,11.93,0,0,3.53,0,14.76,0,0,0,0,26.05,0,0,0,0,0,0,0,0,0,8.87,0,0,0,0,0,0,608.47,0,0,0,0,19.78,0,0,21.85,0,9.75,0,0,17.66,0,0
28.1_MSU977,0,0,0,0,0,0,0,0,0,0,7.1,1766.06,0,11.94,0,0,1.53,0,0,36.08,0,0,396.59,39.11,8.92,9.34,0,0,0,0,0,1.85,0,125.94,0,0,0,63.63,0,0,0,0,0,0,0,0,0,0,0,6.74,0,0,0,0,0,0,0,34.78,33.41,0,0,0,0,0,0,0,0,0,0,0,0,6.47,0,0,18.18,0,0,0,15.85,0,0,14.56,0,2.2,0,0,0,0,0,0,0,0,0,0,0,0,1.9,0,6.63,0,0,0,0,0,0,6.21,0,0,0,0,0,4.57,0,23.79,15.36,0,0,0,0,0,0
31.1_MSU977,0,0,0,0,0,0,0,0,0,682.32,0,4100.86,0,11.19,0,0,0,0,0,127.9,0,0,661.62,108.44,40.86,0,0,0,0,0,0,0,20.99,172.73,201.1,0,0,61.87,0,0,0,0,0,0,0,0,0,0,0,0,0,0,16.04,46.46,0,0,22.36,71.41,35.94,0,0,0,0,0,0,0,0,0,0,0,0,0,297.39,0,14.85,0,0,0,18.33,0,0,0,0,25.27,0,0,0,0,87.87,0,0,0,0,0,0,0,0,0,9.61,0,0,0,0,29.4,0,15619.36,0,0,0,0,0,0,0,4.98,111.97,27.02,0,0,39.81,0,0
32.1_MSU977,0,0,0,0,0,0,0,0,0,0,33.25,21370.16,0,11.88,3.74,0,0,0,0,158.65,0,0,527.34,7.57,15.68,28.25,0,0,0,0,0,0,0,216.29,11.38,0,0,29.4,0,0,0,0,0,0,0,1.46,0,0,0,11.27,0,0,0,0,0,0,0,52.2,24.11,0,0,0,0,0,0,0,0,0,0,0,0,0,21.75,0,7.53,4.24,0,0,12.76,0,0,13.52,0,14.86,0,0,0,0,10.31,0,0,5.84,0,0,0,0,0,0,0,0,0,0,0,0,0,34.68,0,0,0,59.2,0,13.13,0,15.05,16.07,1.95,0,0,0,0,0
33.1_MSU977,0,0,0,0,0,0,0,0,0,0,36.65,916.93,0,13.34,0,0,0,0,0,213.84,0,0,958.11,11.45,9.85,117.04,0,0,0,0,0,0,14.53,373.71,177.76,0,0,63.61,0,0,0,0,0,0,0,0,0,0,0,0,0,0,13.79,0,0,0,0,71.96,60.3,0,0,0,0,0,0,0,0,0,15.44,0,0,4.45,46.35,0,27.68,0,0,0,30.7,1.12,0,38.5,0,37.32,0,0,0,0,11.61,0,0,245.91,5.13,0,0,0,31.8,0,10.82,0,0,0,0,0,0,743.41,0,0,3.71,289.95,0,105.71,0,19.43,24.88,0,0,15.04,0,0,0
35.1_MSU977,0,0,0,0,0,0,0,0,0,0,52.75,71.74,0,0,3.19,0,0,0,0,205.36,2.67,0,692.48,9.33,0,60.41,0,0,0,0,0,0,0,529.09,301.08,0,0,23.18,0,0,0,0,0,0,0,0,0,0,0,0,0,0,12.48,2.05,0,0,0,26.6,38.7,0,0,0,0,0,0,0,0,0,0,0,0,0,25.86,0,25.88,0,0,0,26.43,0,0,0,0,12.16,0,0,0,0,0,0,0,145.17,22.07,0,0,0,12.7,0,11.66,0,0,0,0,0,0,6.99,0,0,0,246.34,0,51.92,0,0,182.75,0,0,10.36,0,0,0
37.1_MSU977,0,0,0,0,0,0,0,0,0,303.49,100.28,157.58,0,0,0,0,0,0,0,78.63,0,0,914.5,57.32,0,40.88,0,0,0,0,0,0,0,632.53,90.69,0,0,115.76,0,0,0,0,0,0,0,0,0,0,0,0,0,0,0,451.63,16.11,0,0,38.99,40.59,0,0,24.07,0,3.07,0,0,10.87,0,10.85,0,0,0,29.68,0,0,0,9.14,0,12.51,0,0,6,0,27.38,0,0,0,0,0,0,0,6.44,20.32,0,0,0,3.52,0,13.89,0,0,0,0,93.75,0,45.51,0,0,0,301.48,0,6.8,0,0,95.15,6.88,0,0,0,0,0
39.1_MSU977,0,0,0,0,0,0,0,0,0,1.21,9.61,67.42,0,13.29,0,0,0,0,0,32.68,0,0,217.04,24.26,41.5,0,0,0,0,0,2.78,0,42.12,90.31,44.67,0,0,39.77,0,0,0,0,0,0,0,0,1.12,0,0,0,0,0,0,2.05,0,0,49.01,55.29,36.08,0,0,17.82,0,0,0,0,0,0,0,0,0,0,53.17,0,8.45,0,0,4.9,6.79,0,0,9.81,0,43.95,0,0,0,0,91.01,0,0,0,0,0,0,1.14,4.14,0,0,0,0,0,0,98.97,0,8896.67,0,0,0,0,0,3.63,0,77.94,25.46,23.47,0,0,29.9,2.97,0
4.1_MSU977,0,0,0,0,0,0,0,0,0,4.26,13.8,1830.83,0,18.84,0,8.56,0,0,0,39,0,0,445.77,53.7,34.13,0,0,0,0,0,0,2.19,15.84,338.88,223.63,0,0,63.12,0,0,0,0,0,0,0,0,1.87,0,1.37,0,0,0,0,0,0,0,14.4,72.74,18.21,0,0,0,0,0,24.04,0,0,2.27,0,0,0,9.47,0,0,11.85,3.43,70.48,0,13.14,1.19,0,77.84,0,9.58,0,0,0,0,27.63,0,0,0,0,0,0,0,47.27,0,10.68,0,0,0,0,0,0,37.66,0,0,0,26.51,0,0,0,15.85,118.96,3.07,1.53,0,9.43,0,0
5.1_MSU977,0,0,0,0,0,0,0,0,0,0,12.87,431.3,0,20.5,3.04,0,0,0,0,114.85,1.39,0,410.14,7.52,25.66,15.53,0,0,0,0,0,0,9.66,200.6,85.09,0,0,48.73,0,0,0,0,0,0,0,0,0,0,1.19,0,0,0,0,0,0,0,9.84,56.47,17.12,0,0,0,0,0,90.02,0,0,0,0,0,0,0,7.63,0,0,0,0,0,22.71,0,0,7.13,0,17.54,0,0,0,0,23.02,0,0,0,0,0,0,0,15.7,0,0,0,0,0,0,12.98,0,4544.96,0,0,0,17.5,0,0,0,28.6,8.61,7.88,0,0,6.64,0,0
9.1_MSU977,0,6.1,14.23,0,6.84,0,0,0,0,295.58,26.72,92.93,0,20.41,0,0,0,0,0,130.54,0,0,785.19,28.09,32.55,0,0,0,0,0,0,4.83,8.25,255.69,54.27,0,0,70.48,0,0,0,0,0,0,0,1.46,0,0,1.08,0,0,0,28.73,1.66,0,0,19.77,85.89,30.55,0,0,0,0,0,6.3,0,0,0,0,0,0,6.46,10.97,0,7.22,0,0,0,27.51,1.47,1.76,13.53,0,29.4,0,0,0,0,86.45,0,0,0,0,0,0,0,5.02,0,15.88,0,0,0,0,64.69,0,12187.58,3.84,0,0,0,0,5.91,0,43.25,495.15,16.42,0,0,0,0,0
10.1_MSU977,0,0,6.34,0,1.83,0,0,0,0,0,14.74,427.88,0,19.13,0,0,0,0,0,59.6,0,0,319.75,27.6,30.4,8.74,0,0,0,0,0,0,0,257.63,21.24,0,0,43.7,0,0,0,0,0,0,0,0,0,0,0,0,0,0,0,0,0,0,0,44.18,48.33,0,0,0,0,0,0,0,0,5.44,0,0,0,0,16.86,186.4,15.4,0,21.82,0,11.64,0,0,9.91,0,61.04,0,0,0,0,19.73,0,0,0,0,0,0,0,8.6,0,0,0,0,1.6,0,0,0,202.88,0,0,0,0,0,9.05,0,4.33,12.03,5.85,0,0,7.38,0,0
11.1_MSU977,0,0,0,0,0,0,0,0,0,46.14,23.99,510.84,0,15.31,0,0,0,0,0,84.37,0,0,759.74,34.97,0,88.86,0,0,0,0,0,0,0,399.83,242.78,0,0,39.24,0,0,0,0,0,0,0,0,0,0,0,0,0,0,0,23.18,6.66,0,7.5,42.46,38.39,0,0,0,0,0,4.74,0,0,2.63,0,2.91,0,0,28.03,0,29.53,0,0,0,24.98,1.57,0,1.46,0,12.67,0,0,0,2.8,0,0,0,0,0,0,0,0,14.4,0,30.3,0,0,0,0,0,0,51.83,0,0,4.7,0,0,9.91,0,17.25,17.86,0,0,0,0,0,0
16.1_MSU977,9.03,0,0,0,0,0,0,0,0,5.97,0,3709.82,0,19.37,0,0,0,0,0,105.64,0,0,838.31,32.65,19.58,71.15,0,0,0,0,2.44,2.62,0,389.06,17.8,0,0,44.89,0,0,0,0,0,0,0,0,0,0,0,0,0,0,17.73,9.88,7.36,0,22.64,45.47,21.87,0,0,0,0,0,0,1.38,0,0,8.68,0,0,4.21,27.35,0,37.3,0,16.61,0,38.24,1.73,0,3.91,0,11,0,0,0,0,61.22,0,0,0,0,0,0,0,14.82,0,10.13,0,0,0,0,0,0,114.33,0,0,0,0,0,0,0,27.39,308.79,8.57,1.92,0,35.91,0,0
18.1_MSU977,0,0,4.41,0,0,0,0,0,0,1.22,27.01,121.87,0,11.15,4.81,0,0,1.51,0,265.17,0,0,1399.17,41.62,30.36,87.12,0,0,0,0,0,0,4.11,397.76,86.11,0,0,60.74,0,0,0,0,0,0,0,0,0,0,0,0,0,0,64.99,25.34,0,0,18.44,42.81,34.78,0,3.21,21.35,0,0,0,0,0,0,13.8,0,0,0,34.35,0,23.19,0,4.62,0,57.75,50.57,0,1.18,0,54.01,0,2.11,0,0,77.81,0,0,0,0,0,0,0,22.88,15.43,18.51,0,0,0,0,15.09,0,2893.4,0,0,0,0,5.69,0,0,5.6,1200.89,15.67,0,0,33.83,0,0
19.1_MSU977,0,0,0,0,0,0,0,0,0,712.56,0,4029.07,0,9.77,0,0,0,0,0,65.96,0,0,194.13,75.18,19.27,0,0,0,0,0,0,2.4,0,37.02,11.15,0,0,34.91,0,0,0,0,0,0,0,0,1.16,0,0,0,0,0,0,0,0,0,0,43.38,43.12,0,0,0,0,0,0,0,0,0,0,0,0,0,7.16,0,0,0,4.02,0,7.18,0,0,11.51,0,4.79,0,0,0,1.61,45.51,0,0,0,0,0,0,0,1.9,0,0,0,0,0,0,0,0,748.79,0,0,0,0,0,0,0,121.5,75.04,10.62,0,0,11.92,0,0
2.1_MSU977,0,0,0,0,0,0,0,0,0,0,14.3,1742.38,1.11,12.1,0,2.52,0,0,0,146.66,1.09,0,579.19,64.23,11.66,0,0,0,0,0,0,0,0,202.78,21.33,0,0,43.22,0,0,0,0,0,0,0,0,0,0,0,0,0,0,9.93,0,5.35,0,0,59.73,21.62,0,0,0,0,0,0,0,0,0,7.01,0,0,0,6.99,0,20.62,1.93,11.82,0,20.59,0,0,9.45,0,21.95,0,0,0,0,0,0,0,0,0,0,0,0,1.83,0,0,0,0,0,0,0,0,112.81,0,0,0,42.51,3.12,4.57,0,5.32,17.58,6.75,0,0,3.55,0,0
20.1_MSU977,0,0,0,0,0,0,0,0,0,723.99,5.2,1067.12,0,18.34,0,0,0,0,0,49.7,1.39,0,779.59,80.4,53.52,19.15,0,0,0,0,0,3.58,104.32,645.12,25.6,0,0,97.87,0,0,0,0,0,0,0,0,0,0,0,0,0,0,17.21,513.4,0,0,36.96,57.67,45.99,0,0,0,0,0,167.76,0,0,0,8.38,0,0,0,51.67,0,35.62,0,0,0,40.63,0,0,5.25,0,48.74,0,0,0,0,126.37,0,0,0,0,0,0,1.59,16.51,0,18.22,0,0,0,0,175.91,0,13564.24,0,0,0,0,0,0,0,47.83,277.6,27.14,0,0,52.85,0,0
21.1_MSU977,0,0,0,0,0,0,0,0,0,1329.4,20.74,845.57,0,13.71,6.47,0,0,0,0,304.81,0,0,884.33,29.97,28.52,80.03,0,0,0,0,0,0,0,109.35,14.23,0,0,57.72,0,0,0,0,0,0,0,1.46,0,0,0,0,0,0,17.67,0,0,0,17.25,49.6,29.54,0,4.35,8.33,0,0,0,0,0,0,0,0,0,0,54.37,0,27.5,0,0,0,30.48,0,0,3.36,0,40.46,0,0,0,0,79.25,0,0,0,0,0,14.19,0,2.49,0,10.79,0,0,1.75,0,13.36,0,1887.05,0,0,0,0,0,0,0,5.88,243.19,14.63,0,0,31.33,0,0
25.1_MSU977,0,0,0,0,0,0,0,0,0,44.11,25.17,88.42,0,20.72,0,0,0,0,0,33.24,0,0,569.83,116.08,18.85,111.71,0,0,0,0,0,0,8.29,144.34,20.63,0,0,160.48,0,0,0,0,0,18.37,0,0,0,0,0,0,9.99,0,16.72,12.86,16.76,0,11.52,81.4,38.58,0,0,0,0,0,0,0,0,0,0,0,0,0,69.09,0,8.62,0,0,0,42.86,27.08,0,3.19,0,20.72,0,0,0,0,60.18,0,0,0,0,0,6.22,0,0,0,25.25,0,0,1.51,4.01,43.26,0,4425.38,0,0,0,0,0,2.73,0,147.74,228.44,16.37,0,0,9.58,0,0
29.1r_MSU997,0,3.45,0,0,0,0,0,0,0,21.47,6.32,1611.4,0,8.08,0,0,0,0,0,43.86,0,0,224.87,27.8,20.62,0,0,0,0,0,0,0,3.51,68.99,13.99,0,0,44.92,0,0,0,0,0,0,0,0,0,0,0,0,0,0,0,14.27,0,0,3.98,45.1,34.24,0,0,0,0,0,0,0,0,0,0,0,0,0,124.32,0,10.6,0,9.16,0,9.66,0,0,7.12,0,21.25,0,0,0,0,34.12,0,0,0,0,0,0,0,0,0,0,0,0,0,0,51.92,0,7319.67,0,0,0,0,0,0,0,160.21,14.18,11.4,0,0,9.95,0,0
3.1_MSU977,0,0,0,0,0,0,0,0,0,0,30.23,7403.59,0,10.53,0,0,0,0,0,53.84,0,0,344.3,5.45,28.84,0,0,0,0,0,0,0,9.62,77.32,54.57,0,0,30.62,0,0,0,0,0,0,0,0,13.79,0,0,0,0,0,0,0,5.03,0,5.19,55.83,15.9,0,0,4.32,0,0,0,0,0,0,0,0,1.11,0,0,0,0,0,0,0,0,0,0,8.79,0,24.82,0,0,0,0,35.69,0,0,0,0,0,0,0,11.87,0,0,0,0,0,0,0,0,354.67,0,0,0,32.84,0,9.74,0,34.71,108.39,6.37,1.67,0,3.81,0,0
30.1_MSU977,0,0,0,0,3.64,0,0,0,0,125.75,19.26,2118.34,0,7.54,0,0,0,0,0,64.48,1.35,0,375.47,53.98,14.44,10.24,0,0,0,0,0,0,0,195.86,0,0,0,14.23,0,0,0,0,0,0,0,0,0,0,0,0,0,0,12.14,219,0,0,0,63.12,35,0,0,0,0,0,0,0,0,0,0,0,0,0,116.81,12.22,22.25,0,0,0,24.37,1.52,0,5.12,0,6.53,0,0,0,0,0,0,0,0,0,0,0,0,0,0,6.59,0,0,0,0,0,0,42.02,0,0,0,39.42,0,4.4,0,2.19,197.76,3.05,0,0,0,0,0
34.1_MSU977,0,0,5.35,0,0,0,0,0,0,385.74,0,9069.24,0,11.58,3.97,0,0,0,0,43.42,0,0,609.99,89.08,63.93,11.38,0,0,0,0,0,0,47.51,198.05,56.52,0,0,106.78,0,0,0,0,0,0,0,0,0,0,0,0,0,0,15.29,167.75,0,0,15.31,96.13,50.3,0,0,22.17,0,0,0,0,0,0,0,0,0,0,72.57,0,24.86,2.41,23.98,0,38.86,1.33,0,27.63,0,51.1,0,0,0,0,115.33,0,0,0,0,0,5.5,0,8.56,0,9.25,0,0,0,0,77.38,0,12507.05,0,0,0,18.8,0,7.97,0,54.79,249.99,49.89,0,0,65.93,0,0
36.1_MSU977,0,0,0,0,0,0,0,0,0,1.52,77.44,2004.36,0,14.79,0,0,0,0,0,209.97,0,0,1234.77,23.42,24.09,181.02,0,0,0,0,0,0,16.5,489.02,3.77,0,0,64.05,0,0,0,0,0,0,0,5.23,0,0,0,0,0,0,9.75,0,0,0,17.65,122.97,50.81,0,0,0,0,0,0,1.88,0,0,10.44,0,0,4.49,48.41,0,15.85,0,4.01,0,21.14,2.13,0,7.31,0,38.12,0,0,0,0,28.63,0,0,324.41,72.85,0,0,0,0,0,10.94,0,0,0,0,0,0,249.42,0,0,0,508.17,0,227.74,0,18.74,237.64,7.97,0,25.99,4.91,0,0
38.1_MSU977,0,0,0,0,0,0,0,1.42,0,817.5,26.64,168.46,0,0,0,0,0,0,0,44.49,2.83,0,767.49,52.81,18.81,0,0,0,0,0,0,0,0,509.64,10.36,5,0,33.05,0,0,0,0,0,0,0,0,0,0,0,0,7.03,0,32.24,779.44,11.35,0,16.89,36.19,39.65,0,0,365.11,0,0,0,0,0,0,0,0,0,0,318.51,122.19,13.15,0,0,0,65.59,3.39,0,1.39,0,17.99,0,0,0,0,66.15,0,0,19.7,0,0,222.33,0,3.32,0,11.53,0,0,0,0,75.05,0,5682.42,0,0,0,17.73,2.15,9.76,0,15.01,605.68,18.14,1.48,0,18.58,0,0
40.1_MSU977,52.99,0,0,0,0,0,0,0,0,44.07,22.36,1963.09,1.35,8.87,3.25,0,0,0,0,148.8,1.62,0,740.4,16.78,37.42,0,0,0,0,0,0,0,15.45,164.71,29.26,0,0,40.14,0,0,0,0,0,0,0,0,0,0,0,0,0,0,17.59,77.02,5.49,0,13.48,43.32,33.19,0,4.56,9.21,0,0,0,1.41,0,0,0,0,0,0,23.33,0,35.42,1.99,6.43,0,39.52,0,0,8.5,0,37.98,0,0,0,0,78.68,0,0,16.26,0,0,0,0,0,0,7.34,0,0,0,3.18,106.32,0,10959.16,0,0,0,17.3,0,6.86,0,158.01,344.94,19.68,0,0,11.86,0,0
41.1_MSU977,0,0,0,0,0,0,0,0,0,0,12.41,624.5,0,8.26,0,0,0,0,0,96.31,0,0,453.93,24.52,45.02,0,0,0,0,0,0,0,65.26,408.95,0,0,0,48.2,0,0,0,0,0,0,0,0,1.06,0,0,0,0,0,14.95,181.29,0,0,56.26,71.51,41.77,0,3.8,19.72,0,0,0,0,0,0,0,0,0,0,16.83,0,30.13,0,0,0,31.6,49.55,0,4.18,0,35.67,0,0,0,0,93.13,0,0,0,0,0,0,1.09,0,0,9.36,0,0,1.53,0,61.76,0,5080.3,0,0,0,10.67,0,18.76,0,117.04,272.33,15.63,2.02,0,37.76,0,0
6.1_MSU977,0,0,0,0,0,0,0,0,0,1.07,13.9,2273.02,0,19.15,0,0,0,0,0,99.76,0,0,418.04,12.9,11.11,117.64,0,0,0,0,0,0,0,94.92,15.35,0,0,33.12,0,0,0,0,0,0,0,0,0,0,0,0,0,0,0,0,0,0,0,49.54,11.39,0,0,0,0,0,165.51,0,0,0,0,0,0,0,0,22.54,0,1.74,0,0,19.47,1.79,0,11.07,0,21.8,0,0,0,0,11.04,0,0,0,0,0,0,0,3.52,0,0,0,0,0,0,0,0,85.69,0,0,0,34.47,3.42,1.93,0,2.51,2.87,5.33,0,0,3.59,0,0
7.1_MSU977,0,0,0,0,0,0,0,0,0,5.43,12.74,2876.18,0,15.45,2.8,0,0,0,0,101.89,2.65,0,519.13,31.29,78.15,10.19,0,0,0,0,0,0,160.13,131.25,167.58,0,0,55.16,0,0,0,0,0,0,0,0,1.75,0,1.03,0,0,0,22.33,0,0,0,18.17,123.44,66.34,0,0,39.92,0,0,0,1.91,0,0,0,0,0,0,8.6,0,36.51,2.47,0,0,20.19,26.02,0,7.72,0,29.81,0,0,0,0,187.46,0,0,0,0,0,21.55,0,34.46,0,7.03,0,0,0,0,136.58,0,21462.29,0,0,0,23.47,13.05,10.4,0,39.11,597.61,52.28,0,0,36.36,0,0
8.1_MSU977,0,0,0,0,0,0,0,0,0,0,7.86,6481.24,0,0,0,0,0,0,0,93.47,0,0,577.63,24.13,0,0,0,0,0,0,0,0,0,303.44,28.3,0,0,58.13,0,0,0,0,0,0,0,0,0,0,0,6.74,0,0,11.89,132.91,12.41,0,0,44.71,49.84,0,0,19.35,0,0,170.04,1.61,0,0,0,0,0,0,6.11,0,20.6,0,0,0,22.01,0,0,3.25,0,19.55,0,2.11,0,0,7.11,0,0,0,20.02,0,0,0,0,0,143.06,0,0,0,0,0,0,6.49,0,0,0,0,0,0,0,1.68,167.6,0,0,0,0,0,0
1.2_MSU977,0,0,0,0,0,0,0,0,0,0,17.78,93.78,0,0,0,0,0,0,0,136.11,0,0,486.15,0,0,17.6,0,0,0,0,0,0,0,252.97,0,0,0,40.11,0,0,0,0,0,0,0,0,0,0,0,0,0,0,0,0,10.33,0,0,39.06,136.78,0,0,0,0,0,0,0,0,0,0,0,0,0,13.93,0,7.63,0,0,0,5.65,0,0,5.55,0,5.85,0,0,0,0,0,0,0,9.93,0,0,0,1.11,0,0,0,0,0,0,0,0,0,0,0,0,0,0,0,0,0,4.12,28.96,0,1.67,0,0,0,0
12.2_MSU977,0,0,0,0,0,0,0,0,0,0,0,2330.87,0,14.35,0,0,0,0,0,120.95,1.27,0,507.31,16.65,5.02,53.77,0,0,0,0,0,0,0,466.17,22.97,0,0,85.33,0,0,0,0,0,0,0,0,1.61,0,0,0,0,0,0,0,10.96,0,0,77.86,34.63,0,0,0,0,0,0,0,0,0,0,0,0,0,114.5,0,0,0,0,0,8.73,0,0,17.79,0,18.11,0,0,0,0,0,0,0,0,0,0,0,0,5.36,0,9.16,0,0,0,0,0,0,25.17,0,0,0,0,0,0,0,15.36,1.41,11.24,0,0,0,0,0
13.2_MSU977,0,0,0,0,11.35,0,0,0,1.81,0,0,81.27,0,16.5,0,0,0,0,0,85.52,0,0,336.48,10.88,0,40.44,0,0,0,0,0,0,0,416.61,36.74,0,0,45.8,0,0,0,0,0,0,0,1.46,0,0,0,0,0,0,0,0,0,0,0,50.64,16.31,0,2.68,0,0,0,0,0,0,0,0,0,0,0,3.68,0,13.23,3.58,0,0,9.14,0,0,11.82,0,5.32,0,1.81,0,0,0,0,0,0,0,0,0,0,9.1,0,15.71,0,0,1.47,0,0,0,5.33,0,0,0,0,0,0,0,0,89.07,0,0,0,0,0,0
14.2_MSU977,0,0,0,0,0,0,0,0,0,1.48,2.24,715.01,0,17.79,0,0,0,0,0,211.3,0,0,458.36,17.49,8.29,48.4,0,0,0,0,2.84,0,5.44,402.77,0,0,0,45.42,0,0,0,0,0,0,0,0,0,0,0,0,0,0,0,0,20.72,0,12.24,46.62,13.34,0,0,0,0,2.66,0,0,0,0,0,0,0,0,0,0,0,0,0,0,0,1.25,0,11.79,0,20.67,0,0,0,0,9.3,0,1.32,0,0,0,0,0,0,0,0,0,0,0,0,0,0,11.31,0,0,0,0,0,0,0,23.03,11.55,0,0,0,0,0,0
15.2_MSU977,0,0,0,4.78,0,0,0,0,0,0,0,504.87,0,20.52,0,0,0,3.38,0,153.71,0,0,327.84,8.03,0,10.02,0,0,0,0,0,2.06,0,227.37,159.86,0,0,67.05,3.98,0,0,0,0,0,0,0,3.35,0,1.39,6.74,0,0,0,0,0,0,0,49.64,28.02,0,0,0,0,2.57,0,0,0,0,0,0,0,0,62.25,0,22.98,0,0,0,20.1,0,0,10.64,0,11.24,0,0,0,0,2.59,0,0,0,0,0,0,0,5.16,0,0,0,0,0,0,0,0,0,0,0,0,0,0,0,0,7.94,23.8,0,2.07,0,0,0,0
17.2_MSU977,0,0,0,0,1.89,0,0,1.14,0,0,65.26,1182.76,0,17.04,0,2.25,0,0,0,431.78,0,0,353.59,5.11,0,60.46,0,0,0,0,0,0,0,259.92,112.82,0,0,40.55,0,0,0,0,0,0,0,0,1.08,0,0,0,0,0,0,0,0,0,0,41.34,26.63,0,0,5.66,0,0,0,0,0,0,0,0,0,0,0,0,0,0,0,0,16.65,0,0,20.29,0,16.01,0,0,0,0,12.2,0,0,0,0,0,0,0,1.07,0,0,0,0,0,0,0,0,5.12,0,0,0,0,0,0,0,20.48,3.24,0,0,0,0,0,0
22.2_MSU977,0,0,0,0,0,0,0,0,0,0,3.66,3601.78,0,13.69,0,0,0,0,0,164.06,0,0,625.98,13.53,0,47.02,0,0,2.19,0,0,0,0,369.88,224.01,0,0,58.13,0,0,0,0,0,0,0,0,1.39,0,0,0,0,0,0,0,8.7,0,0,61.58,78.37,0,0,0,10.5,0,0,0,0,0,0,1.96,0,0,11.95,0,0,0,0,0,4.87,0,0,12.87,0,15.34,0,0,0,6.75,14.11,0,0,0,0,0,0,0,28.35,0,0,0,0,0,0,0,0,7.8,0,0,0,0,0,10.55,0,0,147.71,0,0,0,0,0,0
23.2_MSU977,0,0,0,0,4.11,0,0,0,0,0,0,167.64,0,23.44,0,0,0,0,0,174.29,0,2.1,310.34,14.74,12.9,39.96,0,0,0,0,0,1.45,0,108.34,138.38,0,0,54.51,0,0,0,0,0,0,0,0,0,0,1.08,0,0,46.7,0,0,23.86,0,0,48.01,24.73,0,6.13,7.49,0,0,0,0,0,0,0,0,0,0,0,0,21.75,3.83,0,5.03,11.14,3.12,0,22.21,0,6.65,0,2.11,0,5.16,3.32,1.58,0,0,0,0,0,0,4.59,0,0,0,0,0,0,0,0,3.35,0,0,0,0,0,0,0,15.17,120.08,0,3.29,0,0,0,0
24.2_MSU977,0,0,0,0,0,0,0,0,0,0,63.82,3582.93,0,11.13,0,0,0,0,0,134.32,0,0,300.15,14.01,0,88.94,0,1.15,0,0,0,0,0,211.28,68.76,0,0,32.66,0,0,0,0,0,0,0,0,2.01,0,0,0,0,41.54,0,0,10.47,0,0,33.79,98.37,0,0,0,0,0,0,0,0,0,0,0,0,0,0,0,0,0,10.39,0,9.44,0,0,9.65,0,0,0,0,0,0,2.95,0,0,0,0,0,0,0,0,0,0,0,0,0,1.44,0,0,4.01,0,0,0,0,0,0,0,6.7,1.99,3.07,1.66,0,0,0,0
26.2_MSU977,0,0,0,0,0,0,0,0,0,29.55,19.62,655.96,0,12.03,0,0,0,0,0,67.38,0,0,494.3,20.27,6.9,22.09,0,0,0,0,0,0,0,447.11,52.65,0,0,50.59,0,0,0,0,0,0,0,0,1.04,0,0,6.74,0,45.37,0,0,0,0,4.67,45.45,35.02,0,0,0,5.59,0,0,0,0,0,0,0,0,0,9.92,0,11.03,0,0,0,6.92,0,0,12.03,0,8.6,0,0,0,0,10.28,0,0,0,0,0,0,0,15.43,0,0,0,0,0,0,4.36,0,0,0,0,0,0,0,10.75,0,17.19,19.14,0,0,0,0,0,0
28.2_MSU977,0,0,9.53,0,7.47,0,0,1.26,0,0,130.23,2190.49,0,13.73,0,0,0,0,0,127.99,0,0,499.24,18.87,0,45.31,0,0,0,0,0,0,0,281.23,0,0,0,72.6,0,0,0,14.1,0,0,0,1.46,0,0,0,0,0,0,0,0,0,0,0,53.29,58.7,0,0,0,7.86,1.18,13.08,0,0,3.72,0,0,0,0,0,0,9.44,12.71,0,0,13.92,0,0,10.63,0,8.14,0,0,0,0,2.75,0,0,271.43,14.53,0,0,0,0,0,0,0,0,0,0,0,0,0,0,0,4.92,44.47,0,297.15,0,10.05,16.44,3.38,0,9.37,0,0,0
31.2_MSU977,6.08,0,0,0,0,0,0,0,0,32.71,71.8,1089.46,0,10.65,0,5.95,0,0,0,199.5,0,0,420.45,3.92,0,299.28,0,0,0,1.3,0,0,0,140.72,0,0,0,42.46,0,0,0,14.79,0,0,1.25,0,0,0,1.04,0,0,0,0,0,27.34,0,5.86,40.84,11.34,0,0,0,0,0,0,0,9.31,0,0,0,0,0,57.57,0,0,1.89,0,0,23.83,1.18,0,15.35,0,4.18,0,0,0,0,0,0,0,47.52,5.91,0,0,0,0,0,0,0,0,0,0,0,0,7.74,0,0,0,1860.4,0,227.73,11.21,9.46,3.23,0,0,6.23,0,0,0
32.2_MSU977,0,0,0,0,0,0,0,0,0,0,108.7,1315.27,0,18.63,4.09,0,0,0,0,144.89,0,0,325.6,6.2,0,45.27,0,1.13,11.39,0,0,0,0,115.67,0,0,0,50.42,0,0,0,7.51,0,0,0,0,2.35,0,0,0,0,0,0,0,19.47,0,0,57.29,194.24,0,0,0,0,0,0,0,11.39,0,9.2,0,0,0,0,0,0,2.99,5.21,0,6.69,0,0,11.35,0,13.07,0,0,0,0,6.02,0,0,53.51,15.36,0,0,0,0,0,0,0,0,1.8,0,0,0,0,0,0,0,2297,0,301.99,14.16,11.69,14.01,0,0,10.19,0,0,0
33.2_MSU977,0,0,0,0,0,0,0,0,0,0,330.92,1683.01,0,15.94,4.91,0,0,0,0,110.5,1.25,0,275.23,3.72,0,86.85,1.61,0,0,0,0,0,0,40.35,503.9,0,0,58.15,0,0,0,0,0,10.41,0,0,0,0,0,0,0,0,0,0,11.35,0,0,39.23,39.26,0,0,0,0,0,0,0,7.58,0,8.74,0,0,0,0,0,13.83,2.9,0,0,7.97,0,0,17.38,7.69,8.88,0,0,0,0,0,0,0,14.28,0,0,0,0,13.71,0,0,0,0,2.37,0,0,0,0,0,0,0,518.18,0,162.6,31.57,0,81.98,0,0,29.86,0,0,0
35.2_MSU977,0,0,0,0,0,0,0,0,0,0,115.23,586.58,0,0,0,0,0,0,0,148.68,0,0,333.3,17.85,0,46.69,7.44,0,0,0,0,0,0,84.06,30.25,0,0,17.38,0,0,0,0,0,7.82,0,0,0,0,0,0,0,0,11.77,0,10.6,0,0,40.89,32.6,0,0,0,0,0,0,0,13.91,0,0,0,0,0,3.57,0,21.62,0,0,0,26.45,0,0,1.28,5.79,2.94,0,0,0,0,0,0,0,24.19,0,0,0,0,3.17,0,0,0,0,0,0,0,0,0,0,0,0,444.79,0,181.68,29.25,5.19,16.14,0,0,8.94,0,0,0
37.2_MSU977,0,0,0,0,4.06,0,0,0,0,25.59,64.52,90.63,0,14.24,0,0,0,0,0,57.9,0,0,244.34,9.19,0,28,0,0,0,0,0,0,0,87.49,3.93,0,0,46.89,0,0,0,0,0,0,0,0,1.71,0,0,0,0,0,0,0,3.06,0,0,41.16,26.08,0,0,0,0,3.16,0,0,0,0,0,0,0,0,0,0,0,0,8.37,0,9,0,0,7.82,0,0,0,0,0,0,0,0,0,11.7,12.08,0,0,0,0,0,0,0,0,0,0,0,0,18.07,0,0,0,42.28,0,251.77,0,7.91,10.66,3.38,0,11.67,0,0,0
39.2_MSU977,0,0,0,0,5.42,0,0,0,0,35.26,98.98,882.81,0,13.88,0,0,0,0,0,93.59,1.4,0,275.96,6.73,0,47.18,0,0,0,0,2.41,0,0,99.97,0,0,0,36.09,0,0,0,0,0,0,0,1.46,0,0,0,0,0,0,0,0,19.23,0,0,54.33,20.75,0,0,0,1.58,0,0,1.36,0,0,0,0,0,0,0,0,0,0,0,0,0,0,0,2.43,0,3.76,0,0,0,0,0,0,0,24,6.73,0,0,0,0,0,0,0,0,0,0,0,0,0,0,0,0,48.38,10.77,13.22,0,9.43,3.16,0,0,0,0,0,0
4.2_MSU977,0,0,0,0,0,0,0,0,0,0,10.93,610.09,0,8.88,0,0,0,0,0,56.56,0,0,101.87,31.72,0,9.09,0,0,0,0,0,0,0,83.06,38.71,0,0,21.78,0,0,0,0,0,0,0,0,0,0,0,0,0,0,0,0,0,0,0,35.35,7.5,0,0,0,0,0,0,0,0,0,0,0,0,6.89,0,0,0,0,0,0,32.89,1.45,0,16.04,0,2.89,0,0,0,0,1.01,0,0,0,0,0,0,0,4.5,0,0,0,0,0,0,0,0,7.51,0,0,0,0,0,0,0,6.84,2.06,0,0,0,0,0,0
5.2_MSU977,7,0,0,0,0,0,0,0,0,0,31.25,1763.16,0,14.18,0,0,2.33,0,0,166.51,0,0,326.35,6.78,10.22,28.3,0,1.09,0,0,0,0,0,303.5,5.41,0,0,48.75,0,0,0,0,0,0,0,0,0,0,0,0,0,0,0,0,33.15,0,0,53.53,39.95,0,0,5.83,0,3.68,1.19,0,0,0,0,0,0,0,0,0,0,3.15,14.87,4.43,7,0,0,10.55,0,20.39,0,0,0,0,3.54,0,0,0,0,0,0,1.32,3.99,0,0,0,0,0,0,0,0,15.05,0,0,0,7.87,0,0,0,4.42,21.27,0,0,0,31.64,0,0
9.2_MSU977,0,0,0,0,0,0,0,0,0,0,15.86,89.82,0,23.83,4.59,0,0,0,0,242.37,0,0,1174.07,35.15,0,63.12,0,0,0,0,3.38,0,9.08,1254.93,75.79,0,1.17,67.18,0,0,0,0,0,0,0,1.46,2.49,1.24,1.05,0,0,0,13.12,0,0,0,9.25,48.33,11.64,0,0,0,0,0,0,0,0,3.38,0,4.15,0,7.11,11.92,0,17.59,0,0,7.31,12.88,0,0,42,0,38.6,0,0,0,0,8.27,0,0,0,0,0,0,0,3.6,0,25.95,0,0,1.58,0,0,0,5.28,0,0,6.7,0,0,9.54,0,5.39,152.3,3.74,1.66,0,0,0,0
10.2_MSU977,0,0,0,0,0,0,0,0,0,0,0,1532.9,0,18.04,0,0,0,0,0,149.24,0,0,292.7,13.68,0,32.3,0,0,0,0,0,0,0,255.81,22.35,0,0,53.72,0,0,0,0,0,0,0,0,2.37,0,0,0,0,0,0,2.39,10.5,0,0,49.4,41.78,0,0,0,0,0,0,0,0,0,0,0,0,0,0,0,0,5.57,0,0,17.16,1.86,0,17.91,0,10.9,0,0,0,0,5.63,0,0,0,0,0,0,0,0,0,0,0,0,0,0,0,0,10.7,0,0,0,0,0,0,0,1.54,2.69,0,0,0,0,0,0
11.2_MSU977,0,0,0,0,0,0,0,0,0,0,3.66,1400.04,0,16.32,7.65,0,0,0,0,85.21,0,0,473.89,17.8,0,29.21,0,0,0,0,2.4,0,0,323.52,37.03,0,0,46.69,0,0,0,0,0,0,0,0,1.82,0,0,12.9,0,0,0,0,11.88,0,0,60.13,29.84,0,0,0,0,0,8.59,1.36,0,0,0,0,0,0,17.31,0,0,0,19.45,0,9.39,0,0,3.46,0,17.97,0,0,0,0,6.78,0,0,0,0,0,0,0,14.51,0,18.25,0,0,0,0,0,0,3.2,0,0,0,0,0,0,0,6.91,25.45,3.38,1.79,0,0,0,0
16.2_MSU977,0,0,0,0,1.84,0,0,0,0,0,17.75,1827.15,0,11.76,0,0,0,0,0,98.97,0,0,313.92,15.32,0,100.02,0,0,0,0,0,0,0,164.69,0,0,0,32.25,0,0,0,0,0,0,0,0,2.35,0,0,0,0,0,0,0,6.62,0,0,37.08,26.28,0,0,0,0,0,0,2.43,0,0,0,0,0,0,0,0,0,2.13,0,0,8.95,1.62,0,7.41,0,7.83,0,0,0,0,5.12,0,0,0,0,0,0,0,0,0,0,0,0,0,0,0,0,14.82,0,0,0,0,0,0,0,11.93,1.3,0,0,0,0,0,0
18.2_MSU977,0,0,0,0,0,0,0,0,0,0,39.99,128.79,0,15.86,0,0,0,0,0,221.75,0,0,315.1,10.2,14.19,34.17,0,0,0,0,0,0,0,223.99,12.09,0,0,39.88,0,0,0,0,0,0,0,0,1.79,0,0,14.58,0,0,0,0,8.72,0,0,45.5,33.25,0,7.89,0,0,0,7.4,0,0,0,0,0,0,0,11.17,0,11.01,0,10.91,0,11.14,0,0,10.94,0,21.88,0,0,0,0,10.06,0,0,0,0,0,0,0,0,0,0,0,0,0,0,0,0,4.16,0,0,0,0,0,0,0,6.85,15.06,0,2.47,0,0,0,0
19.2_MSU977,0,0,0,0,0,0,0,0,0,0,54.31,1482.29,0,10.39,0,0,0,0,0,380.87,0,0,306.74,25.72,0,50.61,0,1.61,0,0,0,0,0,229.4,149.12,0,0,32.04,0,0,0,0,0,0,0,0,1.03,0,0,0,0,0,0,0,0,0,0,55.75,23.66,0,0,0,0,0,3.62,0,0,0,0,0,0,0,0,0,0,2.24,8.77,0,10.44,0,0,14.54,0,18.85,0,0,0,0,0,0,0,0,0,0,0,0,1.8,0,0,0,0,0,0,0,0,7.11,0,0,0,0,0,0,0,7.98,5.1,0,0,0,0,0,0
2.2_MSU977,0,0,0,0,9.22,0,0,1.45,0,4.91,3.62,1067.31,0,10.75,0,0,0,0,0,107.72,0,0,293.18,7.33,0,0,0,0,0,0,0,0,0,187.56,0,0,0,39.42,0,0,0,0,0,0,0,0,1.41,0,0,8.18,0,0,0,0,16.15,0,0,35.21,35.54,0,0,4.42,0,0,0,0,0,0,0,0,0,0,57.94,0,0,0,9.71,0,4.44,0,0,64.69,0,8.43,0,1.79,0,0,2.52,0,0,0,0,0,0,0,0,0,0,0,0,0,0,0,0,5.28,0,0,0,0,0,0,0,11.94,0,0,0,0,0,0,0
20.2_MSU977,0,0,0,0,0,0,2.99,1.72,0,0,5.91,240.59,0,21.83,0,0,0,0,0,94.74,0,0,370.81,79.05,10.52,112.63,0,0,0,0,4.84,0,0,264.88,8.7,0,0,62.39,0,0,0,0,0,0,0,0,2.22,0,0,6.74,0,0,0,0,0,0,0,79.77,22.57,0,4.02,0,0,0,0,0,0,0,0,0,0,0,51.73,0,0,0,18.75,0,4.52,0,0,10.93,0,6.24,0,1.79,0,0,7.18,0,0,0,0,0,0,0,17.74,0,7.56,0,0,0,0,0,0,5.6,0,2.39,0,0,0,0,0,7.66,0,6.75,0,0,0,0,0
21.2_MSU977,0,0,0,0,58.07,0,0,0,0,0,27.26,1120.66,0,16.29,4.2,0,0,3.09,0,1392.47,0,0,728.39,6.92,0,65.78,0,0,0,0,0,0,0,387.17,0,0,0,56.1,0,0,0,0,0,0,0,0,0,0,0,0,0,0,0,0,6.27,0,5.97,97.37,25.73,0,0,0,0,0,0,0,0,0,10.54,0,0,0,66.8,0,0,0,5.76,0,10.24,0,0,17.59,0,22.26,0,0,0,0,0,0,0,0,0,0,0,0,0,0,8.08,0,0,0,0,6.51,2.14,4.16,0,0,0,3.62,0,0,0,5.58,2.36,0,0,0,0,0,0
25.2_MSU977,0,0,0,0,0,0,0,0,0,8.97,30.2,100.86,0,12.36,3.38,0,0,3.09,0,236.74,0,0,407.43,26.76,0,266.89,0,0,0,0,0,0,0,212.68,0,0,0,80.88,0,0,0,0,0,0,1.76,0,2.12,0,1.11,0,0,0,0,0,5.96,0,0,59.17,19.79,0,0,0,0,0,0,3.36,0,0,0,0,0,0,102.45,0,0,0,0,0,23.25,0,0,9.04,0,15.46,0,0,0,0,0,0,0,0,0,0,0,0,0,0,12.27,0,0,0,0,0,0,0,0,0,0,0,0,0,0,21.09,4.18,2.52,0,0,0,0,0
29.2_MSU977,0,0,0,0,0,0,0,0,0,0,148.77,117.97,0,14.98,0,0,0,0,0,108.81,0,0,345.84,16.37,0,21.6,0,0,0,0,0,0,0,138.84,26.08,0,0,33.52,0,0,0,0,0,0,0,1.46,0,0,0,14.58,0,17.73,0,0,12.3,0,0,47.37,55.52,0,0,0,0,0,0,0,0,0,0,0,0,0,0,0,0,0,0,0,17.8,0,0,17.39,0,13.09,0,2.11,0,0,6.94,0,0,113.34,10.35,0,0,0,7.75,0,0,0,0,0,0,0,0,0,0,0,0,14.84,0,112.41,0,9.3,1.91,2.62,1.68,0,0,0,0
3.2_MSU977,0,0,0,4.52,1.34,0,0,0,0,0,31.2,9841.62,0,11.52,0,0,0,0,0,132.37,0,0,295.75,8.27,0,12.25,0,0,0,0,0,0,0,108.07,79.05,0,0,38.7,0,0,0,0,0,0,0,0,1.69,0,0,0,0,0,0,0,13.68,0,0,41.69,43.76,0,0,0,0,0,0,0,0,0,0,0,0,0,0,0,0,0,0,0,17.31,0,0,16.22,0,18.97,0,0,0,0,0,0,0,0,0,0,0,0,7.44,0,0,0,0,0,0,0,0,8.96,0,0,0,0,0,0,0,1.65,80.94,0,0,0,0,0,0
30.2_MSU977,0,0,0,0,0,0,0,0,0,0,62.29,264.72,0,3.78,0,0,0,0,0,134.4,0,0,392.12,2.49,0,106.92,0,0,0,0,0,0,0,158.96,0,0,0,25.62,0,0,0,11.78,0,0,0,0,0,0,0,0,0,0,0,0,9.89,0,0,37.18,48.06,0,0,0,0,0,0,0,4.54,0,0,0,0,0,0,0,0,0,0,0,5.5,1.41,0,17.77,0,13.8,0,0,0,0,0,0,0,30.66,13.04,0,0,0,0,0,0,0,0,0,0,0,0,15.66,0,0,0,1889.58,0,161.45,7.84,6.82,18.83,0,0,0,0,0,0
34.2_MSU977,0,0,0,0,0,0,0,0,0,0,107.45,1228.85,0,10.7,0,0,0,0,0,73.45,0,0,240.38,5.33,0,53.22,0,0,0,0,0,0,0,59.65,3.2,0,0,39.88,0,0,0,0,0,8.34,0,0,1.73,0,0,0,0,0,0,0,0,0,0,40.4,31.38,0,0,0,0,0,0,0,11.17,0,0,0,0,22.24,0,0,0,0,12.56,0,12.5,0,6.07,29.73,0,12.35,0,0,0,4.15,0,0,0,32.77,10.97,0,0,0,0,0,0,0,0,0,0,0,0,0,0,0,0,592.46,0,215.52,43.23,10.06,0,0,1.54,11.49,0,0,0
36.2_MSU977,0,0,0,5.07,0,0,0,0,0,0,134.8,2183.61,0,13.81,4.28,0,0,2.53,0,169.76,1.13,0,427.59,6.9,0,80.46,0,0,0,0,0,0,0,73.64,109.17,0,0,62.17,0,0,0,0,3.69,9.26,1.01,0,1.4,0,0,0,0,0,0,0,0,0,0,56.58,117.9,0,0,5.74,0,1.51,0,0,0,0,0,0,0,0,0,0,0,0,0,0,0,0,0,17.23,0,5.73,0,0,0,0,0,0,0,38.04,0,0,0,0,2.85,0,0,0,0,1.71,0,0,0,0,0,0,0,671.96,0,221.14,38.38,5.79,15.85,0,0,23.15,0,0,0
38.2_MSU977,0,0,0,4.5,0,0,0,0,0,0,73.44,3064.64,0,10.71,2.92,0,0,0,0,81.11,0,0,421.26,8.02,0,70.15,0,0,0,0,0,0,0,88.08,0,0,0,51.4,0,0,0,0,0,11.55,0,0,0,0,0,0,0,0,0,0,27.73,0,0,66.1,38.6,0,0,0,1.14,0,0,0,0,0,0,0,0,0,6.56,0,0,0,0,0,8.55,0,0,7.16,0,419.16,0,2.11,0,0,9.42,0,0,50.16,16.77,0,0,0,0,0,0,0,0,0,0,7.21,0,29.49,0,0,0,114.03,8.84,3.83,0,0,3.58,0,0,0,0,0,0
40.2_MSU977,0,0,0,0,0,0,0,0,0,0,155.93,57.61,0,9.24,0,0,0,0,0,344.2,0,0,1490.5,11.25,0,142.65,0,0,0,0,0,0,0,514.67,30.07,0,0,92.69,0,0,0,0,5.35,13.84,0,0,0,0,0,0,0,0,0,0,35.46,0,0,52.34,22.89,0,0,0,0,0,0,0,0,0,13.07,0,0,0,106.59,0,0,0,0,0,8.04,1.1,0,2.15,0,8.08,0,0,0,0,0,0,0,119.75,3.22,0,0,0,0,0,9.56,0,0,0,0,0,0,4.16,0,0,0,137.51,24.78,10.97,0,13.92,18.05,0,0,0,0,0,0
41.2_MSU977,0,0,0,0,0,0,0,0,0,16.59,111.47,393.43,1.05,8.16,0,0,0,0,0,165.86,0,0,453.66,6.88,0,90.98,0,0,0,0,0,0,0,168.55,0,0,0,42.43,0,0,0,0,0,5.98,0,0,0,1.28,0,0,0,0,0,0,42.32,0,0,31.95,31.28,0,0,0,0,0,1.74,0,0,0,0,0,0,0,8.18,0,0,0,0,0,0,0,0,3.09,0,16.49,0,0,0,0,0,0,0,54.33,9.76,0,0,0,0,0,0,0,0,0,0,0,0,3.25,0,0,0,127.03,10.72,4.56,0,0,75.2,3.21,0,0,6.54,0,0
6.2_MSU977,0,0,0,0,4.49,0,0,0,0,2.64,13.98,5707.1,0,10.51,0,0,0,0,0,173.04,0,0,217.98,11.44,0,6.63,0,0,0,0,0,0,0,138.89,16.63,0,0,28.29,0,0,0,0,0,0,1.05,0,1.04,0,0,0,0,0,0,0,14.2,0,0,41.87,8.09,0,0,0,0,0,0,0,0,0,0,0,0,0,0,8.29,0,0,8.65,0,14.13,0,0,6.12,0,13.43,0,0,0,0,0,0,0,0,0,0,0,0,0,0,0,0,0,0,0,0,0,3.5,0,0,0,0,0,0,0,0,20.42,0,0,0,0,0,0
7.2_MSU977,0,0,0,0,0,0,0,0,0,0,9.57,3343.57,0,14.5,0,0,0,0,0,148.83,0,0,150.71,4.55,0,73.58,0,0,0,0,0,0,0,64.31,11.29,0,0,38.36,0,0,0,0,3.63,0,0,0,1.7,0,0,0,0,0,0,0,24.92,0,0,47.79,74.81,0,2.92,0,0,0,3.54,0,0,0,0,0,0,5.53,125.87,0,0,0,0,0,5.59,1.29,0,8.89,0,5.77,0,0,0,0,0,0,0,0,0,0,0,0,0,0,0,0,0,0,0,0,0,13.24,0,0,0,0,0,0,0,5.92,1.4,0,0,0,0,0,0
8.2_MSU977,0,0,0,0,0,0,0,1.66,0,1.3,153.56,176.58,0,14.96,0,0,0,0,1.54,174.42,0,0,720.75,20.55,0,32.7,0,0,0,0,3.15,0,0,1036.15,2.79,0,0,68.33,0,0,0,0,0,0,0,1.46,0,0,0,0,0,0,0,0,10.04,0,5.84,60.53,32.94,0,0,7.69,5.7,0,11.02,0,0,0,10.14,0,0,0,0,0,12.92,0,13.47,0,14.96,1.45,0,7.37,0,14.76,0,0,0,0,7.62,0,0,0,0,0,0,0,0,5.81,33.96,0,0,0,0,0,0,11.62,0,0,0,0,0,5,6.72,0,12.12,0,0,0,0,0,0
1.5_MSU977,0,0,0,0,0,0,0,0,0,0,21.01,107.18,0,23.66,7.19,0,0,0,0,202.63,0,0,57.23,5.98,0,46.86,0,0,0,0,0,0,0,194.86,139.9,0,0,39.03,0,0,0,0,0,0,0,0,2.16,0,0,11.27,0,0,0,0,11.79,0,0,59.79,25.87,0,0,0,0,0,0,1.14,0,0,7.21,0,0,0,0,0,0,3.49,7.8,0,0,0,0,11.42,0,15.55,0,0,0,0,6.82,0,1.33,0,0,0,0,0,11.04,0,0,0,0,0,0,0,0,0,0,0,0,0,0,7.15,0,8.44,12.91,0,0,0,0,0,0
12.5_MSU977,0,0,0,0,10.95,0,0,0,0,0,15.55,940.8,0,16.5,0,0,0,0,0,333.35,0,0,320.67,4.32,0,5.79,0,0,0,0,0,0,0,253.74,88.39,0,0,59.29,0,0,1.23,0,0,0,0,0,2,0,0,0,0,0,0,0,5.88,0,0,53.69,77.12,0,0,0,0,0,0,0,0,0,0,0,0,0,0,0,0,0,0,0,16.37,0,0,12.68,0,12.89,1.05,0,0,0,0,0,0,0,0,0,0,0,3.04,0,12.59,0,0,0,0,0,0,0,0,1.84,0,0,0,11.97,0,5.36,2.16,2.75,0,0,0,0,0
13.5_MSU977,0,4.86,7.37,0,5.83,0,0,1.37,0,0,27.32,97.04,0,16.82,3.03,0,0,0,0,156.85,0,0,375.39,4.9,0,16.51,0,0,0,0,0,0,0,198.54,22.82,0,0,53.87,0,0,0,0,0,0,0,0,1.03,0,1.04,0,0,0,0,0,0,0,6.28,63.23,55.39,0,0,7.7,1.43,0,0,0,0,0,0,0,0,0,0,0,0,2.18,0,0,5.89,0,0,13.51,0,11.66,0,0,0,0,2.91,0,0,0,0,0,0,0,0,0,6.62,0,0,0,0,0,0,10.46,0,0,0,0,0,2.85,0,9.58,103.95,4.72,1.86,0,0,0,0
14.5_MSU977,0,0,0,0,2.63,0,0,0,0,0,0,979.75,0,12.74,0,0,0,0,0,277.6,0,0,338.51,4.9,0,0,0,0,0,0,0,0,0,83.09,0,0,0,21.49,0,0,0,0,0,0,0,0,1.65,0,0,0,0,0,0,0,0,0,0,43.86,64.97,0,0,0,0,0,0,1.12,0,0,0,0,1.11,0,59,0,0,0,0,0,14.2,0,0,10,0,18.23,0,0,0,0,3.15,0,0,0,0,0,0,0,0,0,0,0,0,0,0,0,0,0,0,0,0,0,0,0,0,9.21,1.49,0,0,0,0,0,0
15.5_MSU977,0,3.97,0,0,0,0,0,1.16,0,0,26.96,95.04,0,16.88,0,1.64,0,0,0,76.96,0,0,183.79,4.21,0,10.73,0,0,0,0,0,1.89,0,48.03,0,0,0,29.32,0,0,0,0,0,0,0,0,0,0,0,0,0,0,0,0,0,0,0,46.32,53.12,0,0,3.83,0,0,0,1.12,0,0,0,0,0,0,0,0,0,0,0,0,11.59,1.43,0,12.5,0,5.53,0,0,1.4,0,0,0,0,0,0,0,0,0,0,0,0,0,0,0,0,0,0,0,0,0,0,0,0,0,0,0,0,0,1.53,0,0,0,0
17.5_MSU977,0,0,0,0,9.52,0,0,0,0,2.13,23.72,1484.1,0,20.32,0,0,0,0,0,197.5,0,0,121.07,6.26,0,0,0,0,0,0,3.68,0,0,159.39,0,0,0,51.4,0,0,0,0,0,0,0,0,1.22,0,0,12.9,0,0,8.1,0,0,0,0,60.9,51.43,0,0,0,9.28,0,0,0,0,0,0,0,0,0,0,0,12.5,6.13,0,0,13.97,3.28,0,10.04,0,7.74,0,0,0,0,0,0,0,142.39,126.47,0,0,0,0,0,0,0,0,0,3.06,0,0,0,0,0,0,19.79,0,132.02,0,9.09,79.08,0,2.17,0,0,0,0
22.5_MSU977,0,0,0,0,0,0,0,1.3,0,8.44,17.96,115.59,0,11.41,0,0,0,0,0,195.2,0,0,261.65,6.6,0,70.79,0,0,0,0,0,2.37,0,232.96,1.9,0,0,44.37,0,0,0,0,0,0,0,0,1.86,0,0,0,0,0,0,0,14.11,0,0,68.07,159.1,0,2.32,0,3.22,0,0,0,0,0,10.45,0,0,0,56.35,0,0,0,0,0,4.74,0,0,19.57,0,15.33,0,0,0,0,0,0,0,0,0,0,0,0,0,0,7.25,0,0,1.74,0,0,0,0,0,0,0,10.34,6.14,0,0,4.44,2.59,0,0,0,0,0,0
23.5_MSU977,0,0,0,0,2.94,0,0,0,0,0,24.73,279.24,0,16.69,0,0,0,0,0,170.57,0,4.64,390.59,2.53,0,137.3,0,0,0,0,0,0,0,83.46,83.84,0,0,40.43,0,0,0,0,0,0,0,0,0,0,0,9.69,0,61.97,0,0,8.81,0,3.88,51.27,58.85,0,0,0,0,1.57,0,1.61,0,0,0,0,0,0,10.67,0,12.07,0,0,0,14.03,2.23,0,56.54,0,17.29,0,0,0,0,0,0,0,0,0,0,0,0,10.56,0,0,0,0,0,0,0,0,0,0,0,0,27.19,0,0,0,7.26,62.34,3.53,0,0,0,0,0
24.5_MSU977,4.73,0,0,0,27.08,8.02,0,1.58,2.49,21.07,854.74,5110.2,0,19.23,0,0,0,0,2.15,185.44,1.46,0,455.61,157.06,7.44,118.8,0,1.08,2.83,1.54,0,0,0,186.24,120.06,0,0,69.27,0,0,0,9.54,0,11.65,0,0,17.22,0,1.1,0,0,0,0,2.07,29.79,6.38,18.8,94.81,177.25,0,0,9.22,0,0,0,15.56,9.42,6.54,17.21,0,0,5.58,78.48,0,16.32,4.18,67.71,4.66,15.13,1.98,0,13.28,0,24.8,0,0,0,0,0,0,0,133.15,250.99,0,0,0,7.44,14.13,8.3,2.66,0,0,5.85,0,0,8.61,0,0,0,3865.58,2.5,466.98,19.4,15.44,10.74,6.02,0,22.17,0,0,0
26.5_MSU977,0,0,0,0,0,0,0,0,0,0,68.07,1072.66,0,13.17,0,0,0,0,0,76.64,0,0,487.75,11.19,0,27.59,0,0,0,0,0,0,0,64.77,10.78,0,0,43.37,0,0,0,0,0,0,0,0,1.02,0,5.64,8.18,0,0,0,0,4.45,0,0,41.41,67.8,0,0,0,0,0,0,0,0,0,0,0,1.11,0,7.28,0,0,0,5.34,0,8.15,0,0,26.52,0,20.97,0,0,0,0,0,0,0,11.29,0,0,0,0,3.99,0,0,0,0,0,0,0,0,12.24,0,0,0,382.15,3.24,127,13.45,9.54,76.21,0,0,10.56,0,0,0
28.5_MSU977,0,0,0,6.22,5.66,0,0,0,0,0,77.41,830.09,0,19.56,0,0,0,0,0,85.35,0,0,230.76,17.22,0,38.85,0,0,0,0,0,0,0,86.02,0,0,0,52.34,0,0,0,0,0,0,0,0,2.38,0,0,0,0,0,0,0,5.11,0,0,62.33,51.19,0,0,0,0,0,0,1.61,0,0,0,0,0,0,0,0,0,4.46,18.35,0,0,1.48,0,17.77,0,8.3,0,0,0,0,0,0,0,10.1,21,0,0,0,0,0,0,0,0,0,0,0,0,6.6,0,0,0,60.15,0,298.3,0,15.29,92.85,4.57,1.67,7.58,0,0,0
31.5_MSU977,0,5.13,0,4.77,0,0,0,0,0,0,60.57,1955.65,0,11.56,3.56,0,0,0,0,185.26,0,0,276.83,10.7,0,114.85,0,0,0,0,0,0,0,85.37,0,0,0,46.06,0,0,0,0,0,11.49,1.19,0,0,0,0,0,0,37.37,0,0,12.78,0,0,47.48,133.02,0,0,0,0,0,0,0,0,0,0,0,0,0,61.36,0,0,0,5.32,0,25,0,0,23.99,0,7.7,0,0,0,0,0,0,0,37.42,10.43,0,0,0,0,0,0,0,0,0,0,0,0,9.08,0,0,0,71.67,6.07,3.71,0,0,1.97,0,0,0,0,0,0
32.5_MSU977,0,0,0,0,0,0,0,0,0,0,59.9,2727.78,0,12.44,0,0,0,0,0,133.87,0,0,221.28,3.47,0,698.17,0,0,0,1.28,2.26,0,0,49.38,0,0,0,45.88,0,0,0,0,0,6.41,0,0,1.33,0,0,0,0,0,0,0,18.46,0,0,55.86,208.07,0,0,0,0,0,0,0,0,0,0,0,0,0,0,0,0,2.82,0,0,0,0,0,7.82,0,11.91,0,0,0,0,0,0,0,33.39,13.47,0,0,0,0,0,0,0,0,0,0,0,0,0,0,0,0,86.9,8.26,3.2,0,4.69,30.24,0,0,0,0,0,0
33.5_MSU977,0,0,0,0,0,0,0,0,0,0,46.57,1558.9,0,11.85,0,0,0,0,0,113.47,0,0,64.17,3.61,0,30.19,0,0,0,0,0,0,0,11.34,9.52,0,0,25.74,0,0,0,0,0,0,0,0,1.18,0,0,0,0,23.96,0,0,0,0,0,64.98,216.37,0,0,0,0,0,0,0,0,0,0,0,0,0,52.65,0,0,0,0,0,0,1.23,0,47.64,0,5.57,0,0,0,0,0,0,0,57.92,0,0,0,0,6.83,0,0,0,0,0,1.11,0,0,0,0,0,0,172.49,0,26.44,0,0,0,0,1.57,0,0,0,0
35.5_MSU977,0,0,0,0,0,0,0,0,0,0,68.31,868.04,0,10.49,0,0,0,0,0,254.55,0,0,120.71,3.96,0,34.4,0,0,0,0,0,1.05,0,58.44,31.84,0,0,39.29,0,0,0,0,0,0,0,0,1.71,0,0,0,0,24.59,0,0,7.39,0,0,42.49,67.01,0,0,0,0,0,0,0,0,0,0,0,0,0,10.8,0,10.66,0,0,0,6.47,0,0,9.44,0,13.09,0,0,0,0,0,0,0,58.06,6.94,0,0,0,9.04,0,0,0,0,0,0,0,0,5.06,0,0,0,238.49,2.99,19.44,0,5.2,77.36,4.25,0,0,0,0,0
37.5_MSU977,0,0,0,0,0,0,0,0,0,0,48.13,161.78,0,10.44,0,0,0,0,0,86.15,0,0,322.91,4.98,0,0,0,0,0,0,2.26,0,0,133.94,0,0,0,37.48,0,0,0,0,0,0,0,0,1.18,0,0,0,0,48.03,0,0,5.16,0,0,49.06,25.14,0,0,0,0,0,0,0,0,0,0,0,0,0,0,0,0,0,0,0,18.02,0,0,9.12,0,4.25,0,2.11,0,0,0,0,1.3,23,25.27,0,0,0,0,0,0,0,0,0,0,0,0,26.77,0,0,0,22.48,2.13,10.1,0,9.52,8.93,0,0,0,0,0,0
39.5_MSU977,13.83,0,0,0,0,0,0,0,0,0,60.75,339.86,0,15.57,0,0,0,0,1.7,86.98,0,0,113.38,4.4,0,44.82,0,0,0,0,0,1.67,0,47.05,3.26,0,0,29.17,0,0,0,0,0,0,0,0,1.23,0,0,8.18,0,25.35,0,0,17.25,0,0,58.81,33.99,0,0,0,0,1.62,49.7,0,0,0,0,0,0,0,57.36,0,0,0,0,0,10.68,0,0,10.06,0,9.57,0,1.83,0,0,7.03,0,0,21.02,21.13,0,0,0,0,0,0,0,0,0,0,0,0,0,0,0,0,192.54,6.28,0,0,7.39,2.94,0,2.71,0,0,0,0
4.5_MSU977,0,0,0,0,6.19,0,0,0,0,0,3.2,469.76,1.45,13.63,0,0,0,0,0,85.64,0,0,149.29,7.88,0,31.77,0,0,0,0,0,0,0,181.97,2.53,0,0,47.48,0,0,0,0,0,0,1.06,0,0,0,0,0,0,0,0,0,0,0,0,60.15,12.09,0,7.66,0,1.05,0,0,1.61,0,0,0,0,0,0,0,0,0,0,0,0,4.91,0,0,12.33,0,6.55,0,0,0,0,0,0,0,0,0,0,0,0,0,0,0,0,0,0,0,0,0,0,0,0,6.24,0,0,11.31,0,8.44,46.93,0,0,0,0,0,0
5.5_MSU977,0,0,0,6.56,0,0,0,0,0,0,6.12,2589.41,0,12.67,0,0,0,0,0,134.81,0,0,54.09,6.35,0,117.52,0,0,0,0,0,0,0,60.96,43.02,0,0,39.41,0,0,0,0,0,0,0,0,1.95,0,0,0,0,0,0,0,12.11,0,0,55.69,63.94,0,0,14.27,0,0,0,0,0,0,0,0,0,0,0,0,0,4.76,9.04,7.13,5.06,2.23,0,9.55,0,10.88,0,0,2.58,0,4.7,0,0,0,0,0,0,0,7.91,0,0,0,0,0,0,0,0,0,0,0,0,0,0,13.65,0,11.62,99.43,0,0,0,0,0,0
9.5_MSU977,0,0,0,0,0,0,0,0,0,0,33.82,86.84,0,15.78,4,0,0,0,0,180.77,0,0,688.36,6.92,0,90.98,0,0,0,0,0,0,0,177.39,28.39,0,0,69.34,0,0,0,0,0,0,1.05,0,1.37,0,1.18,0,0,0,0,0,9.37,0,0,58.38,98.75,0,5.71,0,0,0,0,0,0,0,7.58,0,0,0,0,0,11.4,0,0,10.85,7.25,0,0,10.57,0,21.52,0,0,0,0,3.02,0,0,0,0,0,0,0,0,0,0,0,0,0,0,0,0,0,0,0,0,0,0,0,0,6.77,11.18,12.96,1.66,0,0,0,0
10.5_MSU977,0,0,0,0,0,0,0,0,0,4.57,25,1169,0,12.25,0,0,0,0,0,132.81,0,0,147.15,6.43,0,17.09,0,1.51,0,0,0,0,0,78.37,0,0,0,30.59,0,0,0,0,0,0,0,0,0,0,0,0,0,0,0,0,0,0,0,56.08,64.69,0,0,0,0,0,0,0,0,0,0,0,0,0,0,0,0,0,0,0,15.29,0,0,9.9,0,8.26,0,0,0,0,0,0,0,0,3.67,0,0,0,0,0,0,0,0,0,0,0,0,0,0,0,3.79,0,0,0,0,6.71,9.04,3.45,0,0,0,0,0
11.5_MSU977,0,0,0,0,0,0,3.15,0,0,0,20.37,3747.75,0,22.91,0,0,0,0,0,208.16,0,0,283.36,14.19,0,48.58,0,1.3,0,0,2.04,0,0,154.02,55.25,0,0,57.94,0,0,0,0,0,0,0,0,0,0,0,9.69,0,0,0,0,0,0,0,73.26,64.37,0,0,5.71,4.41,0,0,0,0,3.06,8.88,0,0,0,0,0,0,0,0,0,0,0,0,8.62,0,3.22,0,0,0,0,0,0,0,0,0,0,0,0,10.8,0,0,0,0,1.57,0,8.91,0,0,0,0,0,0,0,3.82,0,8.18,0,9.34,0,0,0,0,0
16.5_MSU977,0,0,0,0,0,0,0,0,0,0,57.33,1309.02,0,9.77,2.44,0,0,0,0,139.19,0,0,113.04,110.91,0,8.45,0,1.08,0,0,0,0,0,130.64,0,0,0,16.61,0,0,0,12.15,0,0,0,0,0,0,0,35.78,0,0,0,0,0,0,0,45.87,18.62,0,0,0,0,0,0,0,0,0,0,0,0,0,58.32,0,10.01,0,0,0,5.84,1.15,0,10.53,0,10.82,0,0,0,0,3.35,0,0,252.1,119.1,0,0,0,0,0,0,0,0,0,0,0,0,56.53,0,0,0,36.74,0,205.44,0,7.9,14.33,0,2.06,7.65,0,0,0
18.5_MSU977,0,0,0,0,0,0,0,0,0,31.82,24.69,129.43,0,8.97,0,0,0,0,0,114.5,0,0,147.88,4.93,0,3.06,0,0,0,0,0,0,0,34.63,0,0,0,17.22,0,0,0,0,0,0,0,0,1.71,0,0,0,0,0,0,0,0,0,0,46.28,43.17,0,1.98,0,1.1,0,3.35,0,0,0,0,0,0,0,0,0,0,0,0,0,15.89,0,0,20.66,0,4.36,0,0,0,0,0,0,0,39.51,7.12,0,0,0,0,0,0,0,0,0,2.42,0,0,0,0,0,0,12.23,0,48.01,0,5.44,1.16,0,0,0,0,0,0
19.5_MSU977,0,3.52,0,0,6.4,0,0,0,0,0,52.01,346.82,0,18.73,0,0,0,0,0,108.37,0,0,204.16,25.42,0,0,0,0,0,0,0,0,0,135.05,40.74,0,0,29.63,0,0,0,0,0,0,0,0,1.46,0,0,0,0,0,0,0,0,0,0,51.91,69.7,0,0,5.36,0,0,0,0,0,0,0,0,0,0,0,0,0,2.28,3.98,4.66,13.52,0,0,19.6,0,3.6,0,0,0,0,3.02,0,0,56.03,49.9,0,0,0,37.02,0,0,0,0,0,0,0,0,0,0,0,0,7.67,0,54.6,0,8.77,1.47,0,0,0,0,0,0
2.5_MSU977,0,3.62,0,0,0,0,0,0,0,0,9.46,618,0,14,4.18,0,0,0,0,118.48,0,0,53.37,2.8,0,0,0,0,0,0,0,0,0,68.81,16.51,0,0,26.94,0,0,0,0,0,0,0,0,1.32,0,0,0,0,0,0,0,2.06,0,0,46.85,60.84,0,0,4.39,0,0,0,0,0,0,0,0,0,0,0,0,0,0,0,0,0,0,0,8.13,0,4.74,0,0,0,0,0,0,0,0,0,0,0,0,0,0,0,0,0,0,0,0,0,0,0,0,3.58,0,0,2.73,0,8.16,10.78,0,0,0,0,0,0
20.5_MSU977,0,0,0,0,0,0,0,0,0,44.93,44.5,1688.68,0,13.6,0,0,0,0,0,106.39,0,0,181.1,28.38,0,38.29,15.98,0,0,0,0,0,0,142.53,0,0,0,44,0,0,0,0,0,0,0,0,0,0,0,8.18,0,0,0,0,3.27,0,0,52.88,127.71,0,3.59,0,0,0,5.05,3.66,0,2.54,0,0,0,0,6.72,0,0,3.28,0,4.86,10.68,0,0,49.81,8.54,6.55,0,0,0,0,0,0,0,128.49,20.74,0,0,0,0,0,0,0,0,0,8.77,0,0,0,0,0,0,14.6,0,157.74,0,6.92,0,0,0,7.62,0,0,0
21.5_MSU977,6.83,3.58,0,0,2.79,0,0,0,0,0,27.3,805.79,0,11.41,0,0,0,0,0,227.54,0,0,646.57,5.77,0,32.61,0,0,0,0,0,0,0,167.17,0,0,0,44.76,0,0,0,12.39,0,0,0,0,1.2,0,0,8.18,0,0,0,0,2.39,0,0,59.37,104.6,0,0,0,4.94,0,0,0,0,0,0,0,0,0,49.92,0,0,3.63,0,0,0,0,0,7.14,0,13.3,0,0,0,0,0,0,0,179.61,55.96,0,0,0,0,0,0,0,0,0,0,0,0,0,0,0,0,23.31,0,207.76,0,3.02,77.29,0,0,6.13,0,0,0
25.5_MSU977,0,5.03,0,0,0,0,0,0,0,36.34,138.4,98.75,0,19.57,0,0,0,0,0,209.83,0,0,665.56,20.47,0,32.05,0,0,2.83,1.29,0,0,0,132.43,0,0,0,59.07,0,0,0,3.04,0,6.84,0,0,1.44,0,0,0,0,0,0,0,12.25,0,0,79.85,58.31,0,0,0,0,3.49,0,6.1,16.91,0,9.93,1.12,0,0,0,0,0,2.53,0,0,10.4,0,0,9.89,0,13.58,0,0,0,0,0,0,0,43.7,57.47,0,0,0,0,0,0,0,0,0,0,0,0,7.56,0,0,3.57,2494.84,0,360.86,16.06,5.65,3.55,0,0,15.81,0,0,0
29.5_MSU977,0,0,0,0,0,0,0,0,0,0,31.2,1969.59,0,0,0,0,0,0,0,30.12,0,0,107.63,3.62,0,0,0,0,0,0,0,0,0,16.27,0,0,0,12.57,0,0,0,0,0,0,0,0,0,0,0,0,0,0,0,0,0,0,0,32.58,17.46,0,0,0,0,0,0,1.36,0,0,0,0,0,0,0,0,0,3.61,0,0,0,0,0,8.1,0,1.62,0,0,0,0,0,0,0,13.1,0,0,0,0,0,0,0,0,0,0,0,0,0,30.37,0,0,0,20.43,0,50.43,0,7.87,26.06,0,0,6.51,0,0,0
3.5_MSU977,3.21,0,0,4.59,0,0,0,0,0,0,6.73,4540.5,0,11.78,0,0,0,3.07,0,102.17,0,0,70.31,4.82,0,20.32,0,0,0,0,0,0,4.21,66.8,41.88,0,0,29.84,0,0,0,0,0,0,0,0,1.33,0,0,8.18,0,0,0,0,0,0,0,48.48,36.56,0,0,0,0,0,0,0,0,0,0,0,0,0,0,0,0,0,0,0,5.16,1.37,0,17.8,0,0,0,0,0,0,0,0,0,0,0,0,0,0,5.08,0,0,0,0,0,0,0,0,0,0,0,0,0,0,4.4,0,7.5,11.14,0,0,0,0,0,0
30.5_MSU977,0,0,0,0,0,0,0,0,0,0,40.3,3308.66,0,9.65,0,0,0,1.75,0,58.65,0,0,247.76,6.25,0,36.03,0,0,0,0,0,0,0,79.87,0,0,0,18.17,0,0,0,0,0,0,0,0,0,0,0,0,0,0,0,0,13.56,0,0,37.59,43.58,0,0,0,0,0,0,0,0,0,0,0,0,0,0,0,0,0,0,0,0,0,0,44.45,0,8.48,0,0,0,0,0,0,0,10.63,12.23,0,0,0,0,0,0,0,0,0,0,0,0,0,0,0,0,66.51,0,0,0,0,2.11,0,0,0,0,0,0
34.5_MSU977,0,5.06,0,0,0,0,0,1.4,0,0,132.63,4026.91,0,18.46,0,0,0,0,0,102.44,0,0,308.53,3.52,0,50.99,0,0,0,0,0,0,0,96.46,0,0,0,43.95,0,0,0,0,0,0,0,0,11.36,0,0,0,0,0,0,0,0,0,0,85.5,130.58,0,0,1.77,0,0,0,0,0,0,0,0,0,0,0,0,0,0,0,0,20.34,0,0,10.26,0,10.93,0,0,0,0,0,0,0,152.76,7.14,0,0,0,0,0,0,0,0,0,0,0,0,4.43,0,0,0,328.34,9.15,44.92,0,11.76,1.59,0,0,7.46,0,0,0
36.5_MSU977,8.98,5.08,0,0,0,0,0,0,0,0,64.1,3170.16,1.08,12.81,0,0,0,0,0,112.92,0,0,134.76,5.57,0,76.08,0,0,0,0,0,0,0,14.92,13.43,0,0,44.03,0,0,0,0,0,0,0,0,1.18,0,0,0,0,0,0,0,0,0,0,64,112.6,0,5.5,0,0,0,0,2.76,0,0,0,0,0,0,0,0,0,4.9,0,0,14.79,0,0,13.82,0,18.87,0,1.83,0,0,0,0,0,54.16,0,0,0,0,2.49,0,0,0,0,0,0,2.32,0,13.92,0,0,3.21,193.88,0,36.26,0,0,0,0,0,0,0,0,0
38.5_MSU977,0,3.49,0,0,0,0,0,0,0,0,102.57,4511.88,0,12.56,3.86,0,0,0,0,84.28,2.59,0,181.59,4.73,0,43.15,0,0,0,0,0,1.86,0,49.05,0,0,0,39.45,0,0,0,0,0,0,0,1.46,1.92,0,0,0,0,0,0,0,14.69,0,0,59.2,37.88,0,0,0,0,0,54.52,0,0,0,0,0,0,0,7.65,0,0,0,5.01,5.17,0,0,0,65.94,0,6.62,0,1.82,0,0,3.54,0,0,9.78,30.87,0,0,0,0,0,0,0,0,0,0,0,0,3.25,0,0,0,118.14,42.9,3.43,0,12.55,10.04,2.7,0,7.61,0,0,0
40.5_MSU977,0,0,0,0,0,0,0,0,0,0,35.66,69.07,0,15.14,0,0,0,0,0,101.17,0,0,165.16,3.47,0,14.69,0,0,0,0,0,0,0,46.04,7.82,0,0,16.58,0,0,0,0,0,0,0,0,1.89,0,0,0,0,0,0,0,0,0,0,51.93,61.16,0,0,0,0,0,41.51,0,0,0,0,0,0,0,0,0,0,0,0,5.14,27.9,0,0,13.35,0,9.12,0,0,1.49,0,0,0,0,7.82,38.11,0,0,0,5.41,0,0,0,0,0,0,0,0,0,0,0,0,49.36,3.66,2.36,0,5.44,3.77,0,0,0,0,0,0
41.5_MSU977,10.6,0,0,4.62,0,0,0,0,0,0,92.13,267.28,0,12.03,0,0,0,0,0,112.81,0,0,152.74,3.47,0,62.35,0,0,0,0,0,0,0,47.39,0,0,0,29.91,0,0,0,0,0,0,0,0,0,0,0,0,0,27.79,0,0,10.07,0,0,53.25,45.89,0,0,0,0,0,70.91,0,0,0,0,0,0,0,0,0,0,2.57,8.79,0,17.08,0,0,6.6,0,25.03,0,0,0,0,0,0,0,17.77,12.09,0,0,0,0,0,0,0,0,0,0,0,0,0,0,0,0,136.76,5.11,13.65,0,2.05,11.61,0,0,6.04,0,0,1.77
6.5_MSU977,0,0,4.41,6.05,14.37,0,0,0,0,0,0,110.72,0,16.47,0,0,0,0,0,108.01,0,0,95.96,6.25,0,3.5,0,0,0,0,2.88,0,0,94.01,3.01,0,0,31.76,0,0,0,0,0,0,0,0,0,0,0,0,0,0,0,0,7.29,0,0,58.85,79.06,0,0,0,0,0,0,0,0,0,0,0,0,0,0,0,0,0,0,0,17.81,0,0,21.79,0,9.79,0,0,2.04,0,4.99,0,0,0,0,0,0,0,0,0,0,0,0,0,0,3.31,0,0,0,0,3.38,0,0,6.74,0,10.61,2.59,3.03,0,0,0,0,0
7.5_MSU977,0,0,0,0,3.17,0,0,1.16,0,0,8.07,734.78,0,13.72,0,0,0,0,0,167.88,0,0,62.43,5.98,0,31.84,0,0,0,0,0,0,0,18.61,210.4,0,0,39.37,0,0,0,0,0,0,0,0,1.47,0,0,0,0,0,0,0,4.87,0,0,45.62,61.57,0,2.8,0,0,0,0,1.36,0,0,8.73,0,0,0,130.2,0,0,0,6.24,0,5.3,1.29,0,18.35,0,2.74,0,1.85,0,0,0,0,0,0,0,0,0,0,6.91,0,6.36,0,0,0,0,0,0,6.32,0,0,0,0,0,4.03,0,5.66,109.2,0,0,0,0,0,0
8.5_MSU977,0,0,0,0,0,0,0,0,0,0,0,3704.55,1.95,13.44,0,0,0,0,0,84.52,0,0,235.05,4.51,0,89.6,0,2,0,1.4,0,1.92,0,250.27,0,0,0,34.54,0,0,0,0,0,0,0,0,2.13,0,0,8.18,0,0,0,0,11.36,0,0,49.3,122.37,0,0,0,0,0,0,1.64,0,0,0,0,0,0,0,0,0,0,4.9,0,18.88,0,0,14.85,0,11.65,0,0,0,0,0,0,0,0,0,0,0,0,0,0,0,0,0,0,0,0,0,0,0,0,0,0,0,9.95,0,1.45,1.39,3.43,1.6,0,0,0,0
1.7_MSU977,0,0,0,0,0,0,0,0,0,1.02,20.66,232.77,0,11.8,0,0,0,0,0,49.7,0,0,88.24,10.69,0,23.81,0,0,10.85,0,0,0,12.91,198,35.73,0,0,30.87,0,0,0,0,0,0,0,3.48,0,0,0,0,0,0,7.17,24.74,0,0,0,51.16,28.66,0,0,0,0,0,0,0,0,0,0,0,0,0,20.14,0,13.18,0,0,0,14.35,1.31,0,2.06,0,13.08,0,0,0,0,6.66,0,0,10.58,43.29,0,0,0,7.02,0,0,0,0,0,0,0,0,41.13,0,0,0,0,0,0,0,0,84.5,6.06,0,0,9.95,0,0
12.7_MSU977,0,0,0,0,1.33,0,0,0,0,0,3.32,1686.83,0,10.84,0,0,0,0,0,71.67,0,0,55.24,1.71,0,0,0,0,0,0,0,0,0,46.19,0,0,0,19.73,0,0,0,0,0,0,0,0,0,0,0,0,0,33.19,0,0,0,0,0,28.08,8.65,0,0,0,0,1.52,0,0,0,0,0,0,0,0,0,0,0,0,0,0,21.78,0,0,26.6,0,3.44,0,0,0,0,0,0,0,0,0,0,0,0,0,0,0,0,0,0,0,0,0,0,0,0,0,7.11,0,0,0,5.3,4.67,0,0,0,0,0,0
13.7_MSU977,0,0,0,0,0,0,0,0,0,0,27.75,90.69,0,16.76,0,0,0,0,0,59.71,0,0,67.9,12.82,0,0,0,0,0,0,0,0,0,66.66,21.07,0,0,16.15,0,0,0,0,0,0,0,0,0,0,0,0,0,0,0,0,0,0,0,33.45,31.64,0,0,0,0,0,0,0,0,0,0,0,0,0,47.5,0,10.3,0,0,0,16.25,0,0,12.7,0,20.32,0,0,0,0,0,1.05,0,0,0,0,0,0,2.41,0,0,0,0,0,0,0,0,11.74,0,0,0,10.22,0,0,0,15.1,116.73,0,0,0,0,0,0
14.7_MSU977,0,0,0,0,0,0,0,0,0,0,34.48,440.7,0,11.56,8.38,0,0,0,0,84.31,0,0,87.48,8.05,0,7.04,0,0,0,0,0,0,0,59.31,13.33,0,0,495.51,0,0,0,0,0,0,1.21,0,1.56,0,0,0,0,57.18,0,0,2.37,0,0,28.76,47.19,0,0,0,0,0,0,0,0,0,0,0,0,0,11.98,0,11.91,3.99,0,0,9.12,0,0,10.15,0,13.75,0,0,0,0,14.78,0,0,0,0,0,0,0,5.85,0,0,0,0,0,0,0,0,3.96,0,0,0,19.15,0,0,0,11.57,184.09,6,0,0,0,0,0
15.7_MSU977,0,0,0,0,0,0,0,0,0,0,23.91,1451.62,0,16.67,7.16,0,0,0,0,121.12,0,0,261.52,16.84,0,0,0,0,0,0,0,2.36,0,126.34,2.92,0,0,30.18,0,0,0,0,0,0,0,0,0,0,0,0,0,0,31.07,0,29.59,0,7.82,47.8,43.28,0,0,0,0,1.44,0,0,15.41,0,0,0,0,0,57.92,0,17.43,0,32.64,0,87.11,1.17,0,9.52,0,14.56,0,0,0,0,16.8,0,0,0,0,0,0,0,2.67,0,0,0,0,0,0,0,0,0,0,0,0,10.02,0,0,0,9.54,762.64,0,1.74,0,0,0,0
17.7_MSU977,0,0,0,0,0,0,0,0,0,0,0,1273.22,0,16.56,0,0,0,0,0,134.57,1.43,0,107.43,4.21,0,0,0,1.3,0,0,0,0,0,69.79,7.43,0,0,51.8,0,0,0,0,0,0,0,0,0,0,1.05,0,0,0,7.9,0,12.19,0,0,56.9,206.36,0,0,0,0,4.08,0,0,0,0,0,0,0,0,18.08,0,15.99,3.43,0,0,18.47,1.66,0,42.08,0,17.21,0,0,2.59,0,0,0,0,0,0,0,0,0,0,0,0,0,0,0,0,0,0,0,0,0,0,0,6.38,0,0,10.46,14.41,6.84,0,0,0,0,0
22.7_MSU977,0,0,0,0,0,0,0,0,0,0,51.89,294.5,0,16.41,0,5.95,1.53,0,0,100.24,0,0,152.5,12.7,8.8,0,0,0,0,0,0,0,0,88.09,2863.2,0,0,34.3,0,0,0,0,0,0,0,0,0,0,0,0,0,56.72,20.35,0,7.58,0,4.68,62.47,36.23,10.41,3.69,0,0,0,0,0,0,0,0,0,0,0,0,0,8.76,0,0,0,48.67,1.74,0,8.69,0,17.64,0,1.79,0,0,20.73,0,0,0,0,0,0,1.62,1181.59,0,0,0,0,0,0,0,0,0,0,0,0,0,0,0,0,19.99,396.34,3.95,0,0,0,0,0
23.7_MSU977,0,0,0,0,0,0,0,0,0,0,24.71,906.05,0,9.72,0,0,0,0,0,69.48,1.25,0,181.8,3.47,0,0,0,0,0,0,0,0,0,45.73,0,0,0,26.07,0,0,0,0,0,0,0,0,0,0,0,0,0,42.81,11.75,0,0,0,5.91,47.99,54.95,0,2.9,0,0,0,0,0,0,0,0,0,0,0,49.22,0,23.17,0,0,0,28.6,0,0,7.23,0,19.52,0,0,3.66,0,56.04,0,0,0,0,0,0,0,0,0,0,0,0,0,0,0,0,5.49,0,0,0,0,0,0,0,14.13,235.16,11.31,0,0,0,0,0
24.7_MSU977,0,7.14,0,0,0,0,0,0,0,12.53,2.35,3649.34,0,13.19,4.25,0,0,0,0,150.68,0,0,95.64,28.04,0,6.77,0,0,0,0,0,0,0,36.98,943.99,0,0,27.45,0,0,0,0,0,0,0,0,1.12,0,0,0,0,0,0,0,4.21,0,0,59.6,132.7,0,0,0,0,0,0,1.36,0,0,0,0,0,0,0,0,23.03,5.21,0,0,20.21,1.46,0,45.35,0,9.82,0,0,3.37,0,2.8,0,0,0,0,0,0,0,11.81,0,0,0,0,0,0,0,0,9.02,0,0,0,14.73,0,0,0,9.04,126.64,0,0,0,0,0,0
26.7_MSU977,0,0,0,0,0,0,0,0,0,23.06,24.24,754.27,0,15.16,0,0,0,0,0,51.44,0,0,177.04,17.43,19.52,8.2,0,0,0,0,0,0,8.21,215.55,245.44,0,0,24.73,0,0,0,0,0,0,0,0,0,0,0,0,0,0,15.15,24.87,0,0,5.08,59.12,35.79,0,0,0,0,0,0,0,0,0,0,0,0,4.31,29.81,0,31.43,3.46,0,0,32.3,0,0,4.93,0,11.33,0,0,0,0,26.63,0,0,4.62,0,0,7.51,0,4.89,0,0,0,0,0,0,2.66,0,1522.22,0,0,0,11.16,0,16.73,0,5.77,184.93,8.36,1.7,0,0,0,0
28.7_MSU977,0,0,0,0,5.07,0,0,0,0,0,0,6573.13,0,12.2,0,0,0,0,0,15.04,1.66,0,17.2,12.46,8.19,0,0,0,0,0,0,0,8.34,51.82,0,0,0,27.49,0,0,0,0,0,0,0,1.46,2.44,0,1.2,0,0,0,0,0,0,0,0,56.43,61.48,0,5.02,0,0,3.27,0,1.36,0,0,0,0,0,0,3.52,0,15.12,0,0,4.93,16.84,0,0,20.45,0,13.17,0,0,0,0,8.65,0,0,0,0,0,0,0,0,0,0,0,0,0,0,0,0,0,0,0,0,0,0,0,0,29.9,113.49,0,1.85,0,0,0,0
31.7_MSU977,0,0,0,0,0,0,0,0,0,0,22.64,52.27,0,0,5.35,0,0,0,0,54.75,0,0,96.03,5.77,0,0,1.52,0,0,0,0,0,0,36.1,0,0,0,5.58,0,0,0,0,0,0,0,0,0,0,0,0,0,0,22.94,0,23.57,0,12.88,21.1,32.42,0,0,0,0,1.91,0,2.15,14.44,0,0,0,0,0,53.93,0,14.63,0,0,0,59.62,1.28,0,2,0,15.99,0,0,0,0,22.65,0,0,0,0,0,0,0,0,0,0,0,0,0,0,0,0,11.37,0,0,0,37.87,3.54,1.53,0,0,682.37,0,0,0,0,0,0
32.7_MSU977,0,0,0,0,0,0,0,0,0,0,9.48,5589.61,0,12.99,0,0,0,2.53,0,129.72,1.25,0,250.92,4.2,0,0,0,0,0,0,0,0,0,67.45,0,0,0,32.66,0,0,0,0,0,0,0,0,0,0,0,0,0,0,0,0,27.24,0,3.07,235.03,249.17,0,0,6.17,0,1.92,0,0,0,0,0,4.45,0,0,0,0,19.74,0,4.41,4.83,20.94,1.47,0,6.98,0,43.73,0,0,0,0,0,0,0,0,0,0,0,0,0,0,0,0,0,0,0,29.61,0,95.1,0,0,0,0,0,0,0,1.45,15.73,0,1.7,0,0,0,0
33.7_MSU977,0,0,0,0,0,0,0,0,0,0,59.22,104.29,0,20.45,0,0,0,0,0,109.07,1.61,0,173.3,42.57,29.39,0,0,0,0,0,0,0,6.47,107.73,71.33,0,0,51.82,0,0,0,0,0,11.05,0,0,0,0,0,0,10.74,0,25.66,0,15.86,0,18.08,78.49,60.9,0,4.73,0,0,0,97.55,0,0,0,0,0,0,0,7.36,0,43.01,0,0,4.7,22.19,22.52,0,18.83,0,19.61,0,0,0,0,45.04,0,0,5.2,0,0,0,0,18,0,6.67,0,0,0,0,77.46,0,4082.03,0,0,0,59.61,0,25.19,0,10.45,539.75,14.34,0,0,0,0,0
35.7_MSU977,0,0,0,0,0,0,0,0,0,0,51.37,2509.52,0,17.07,4.9,0,0,0,0,98,0,0,150.63,9.55,0,0,0,0,0,0,0,0,0,65.85,5.48,0,0,38.73,0,0,0,0,0,16.66,0,0,2.6,0,0,0,0,0,0,0,9.76,0,5.65,73.86,271.12,0,0,0,0,3.95,86.14,0,0,0,0,0,0,0,0,0,13.98,0,0,0,16.34,0,0,61.35,0,19.2,0,1.88,0,0,0,0,0,0,0,0,0,0,0,0,0,0,0,0,0,0,0,6.1,0,0,0,15.34,0,17.41,0,11.05,25.99,0,0,0,0,0,0
37.7_MSU977,0,0,0,0,0,0,0,0,0,0,0,5408.25,0,14.62,0,8.56,0,0,0,68.88,0,0,136.76,7.32,7.65,0,0,0,0,0,0,0,0,126.13,27.18,0,0,24.88,0,0,0,0,0,0,0,0,0,0,0,0,0,0,0,0,0,0,0,71.32,106.26,0,0,0,0,0,69.15,1.65,0,0,0,0,0,0,0,0,0,0,0,0,18.69,0,0,10.65,0,6.81,0,0,0,0,10.58,0,0,0,0,0,0,0,0,0,0,0,0,0,0,0,0,16.57,0,0,0,9.56,0,0,0,2.03,3.15,0,0,0,0,0,0
39.7_MSU977,0,0,0,0,0,0,0,0,0,0,39.04,761.85,0,12,0,0,0,0,0,61.52,0,0,78.12,11.68,0,0,0,0,0,0,0,0,0,19.94,0,0,0,17.13,0,0,0,0,0,0,0,0,0,0,0,0,0,0,0,0,0,0,0,54.33,103.42,0,0,0,0,0,46.16,3.01,0,0,0,0,0,0,0,0,0,0,11.61,0,10.85,0,0,30.88,0,11.83,0,0,0,0,0,0,0,6.56,0,0,0,0,0,0,0,0,0,0,0,0,0,9.62,0,0,0,54.83,0,0,0,0,5.99,0,1.55,0,0,0,0
4.7_MSU977,0,0,0,0,0,0,0,0,0,6.15,17.68,8532.2,0,19.09,7.35,0,0,1.75,0,76.02,0,0,154.53,5.54,8.99,35.39,0,0,0,0,0,0,0,152.4,14.42,0,0,42.71,0,0,0,0,0,0,0,0,0,0,0,0,0,31.47,11.79,0,0,0,10.42,55.13,86.06,0,0,0,0,0,0,0,0,0,0,0,0,0,16.14,0,23.66,0,0,0,14.89,0,0,26.66,0,29.76,0,0,0,0,31.1,0,0,0,2.05,0,0,0,0,0,0,0,0,0,0,0,0,20.56,0,0,0,0,0,0,0,17.18,424.87,6.59,0,0,11.54,0,0
5.7_MSU977,0,0,0,0,0,0,0,0,0,0,1.05,907.33,0,14.62,0,0,0,0,0,73.74,0,0,96.45,7.37,22.67,0,0,1.33,0,0,0,0,0,86.9,49.91,0,0,85.35,0,0,0,0,0,0,0,0,11.33,0,0,0,0,0,0,0,12.73,0,9.61,53.17,76.03,0,0,0,0,0,0,0,5.81,0,0,0,0,0,0,0,10.47,0,0,5.41,8.63,11.55,0,38.77,0,12.8,0,0,0,0,20.76,0,0,0,0,0,0,0,10.44,0,0,0,0,0,0,0,0,2369.22,0,0,0,0,2.74,0,0,26.19,143.73,5.92,0,0,7.99,0,0
9.7_MSU977,0,0,0,0,0,0,0,0,0,0,5.83,106.16,0,32.8,0,0,0,0,1.79,197.38,0,0,207.16,15.08,30.1,13.82,0,0,0,0,0,0,0,422.03,20.45,0,0,46.27,0,0,0,0,0,0,0,0,0,0,0,0,0,0,17.77,0,0,0,14.62,60.48,179.22,0,0,8.11,0,11.59,0,0,0,0,0,0,0,0,18.15,0,6.58,0,14.9,8.88,41.94,3.4,0,11.91,0,35.72,0,0,0,0,12.17,0,0,0,0,0,0,0,0,0,0,0,0,0,0,0,0,0,0,2.44,0,0,0,0,0,15.16,246.99,6.33,0,0,0,0,0
10.7_MSU977,0,0,0,0,0,0,0,0,0,0,3.32,1190,0,10.39,0,0,0,0,0,78.03,0,0,187.81,18.27,0,0,0,0,0,0,1.79,2.34,0,99.23,6.64,0,0,25.74,0,0,0,0,0,0,0,0,0,0,0,0,0,24.8,0,0,6.57,0,0,38.34,32.78,0,0,0,0,0,0,0,10.11,0,0,4.52,0,0,0,0,0,0,5.54,0,9.61,0,0,8.46,0,6.44,0,2.13,0,0,7.83,0,0,0,0,0,0,0,0,0,0,0,0,0,0,0,0,0,0,0,0,0,0,0,0,6.28,3.98,0,0,0,0,0,0
11.7_MSU977,0,0,0,0,0,0,0,0,0,0,26.4,4685.45,0,11.26,0,0,0,0,0,79.98,0,0,41.36,7.49,0,0,0,0,0,0,2.36,0,0,30.76,468.51,0,0,12.63,0,0,0,0,0,0,0,0,2.42,0,0,0,0,0,0,0,0,0,0,34.87,33.27,0,0,0,0,0,0,0,0,0,0,0,1.11,0,4.2,0,8.45,0,0,0,5.3,0,0,10.08,0,7.67,0,0,0,0,0,0,0,0,0,0,0,0,17.23,0,0,0,3.93,0,0,0,0,21.21,0,0,0,7.72,0,0,0,11.55,8.16,0,0,0,0,0,0
16.7_MSU977,0,0,0,0,0,0,0,0,0,0,0,2054.83,0,21.05,0,0,0,0,0,161.75,0,0,147.22,6.78,0,0,0,1.77,0,0,0,2.16,0,81.96,5.3,0,0,45.72,0,0,0,0,0,0,0,0,1.29,0,0,0,0,28.65,0,0,0,0,0,65.72,67.14,0,0,0,0,0,0,0,0,0,0,0,0,0,15.92,0,16.16,3.89,10.4,0,8.87,14.08,0,20.51,0,23.99,0,0,0,0,7.42,0,0,0,0,0,0,0,5,0,0,0,0,0,0,0,0,20.6,0,0,0,0,0,0,0,10.82,18.81,0,0,0,0,0,0
18.7_MSU977,0,0,0,0,0,0,0,0,0,0,0,8869,0,11.64,2.64,0,0,0,0,96.36,0,0,334.23,6.88,22.18,0,0,0,0,0,0,0,4.91,85.41,3.95,0,0,24.29,0,0,0,0,0,0,0,0,0,0,0,0,9.91,31.62,15.31,0,0,0,14.42,65.25,41.83,0,0,18.69,0,0,0,0,0,0,0,0,0,0,0,0,29.31,0,14.23,0,19.18,19.11,0,7.4,0,49.07,0,0,0,0,50.77,0,0,0,0,0,0,0,0,0,0,0,0,0,0,53.5,7.94,5283.43,0,0,0,0,0,0,0,9.39,323.3,0,0,0,31.64,0,0
19.7_MSU977,0,0,0,0,0,0,0,0,0,0,0,2155.68,0,27.96,0,0,0,0,0,106.09,0,0,31.59,31.99,0,0,0,0,0,0,0,0,8.64,23.66,84.49,0,0,43.19,0,0,0,0,0,0,0,0,2.46,0,1.29,0,0,0,7.63,0,0,0,0,63.69,48.21,0,0,0,0,0,0,3.04,0,0,0,0,0,0,0,0,9.36,0,0,5.72,13.23,0,0,18.07,0,8.69,0,0,2.83,0,38.9,0,0,0,0,0,0,0,14.36,0,0,0,0,0,0,0,0,9.5,0,0,0,7.96,0,0,0,22.68,94.38,7.42,0,0,0,0,0
2.7_MSU977,0,0,0,0,0,0,0,0,0,0,31.27,14918.23,0,7.91,0,0,0,0,0,30.64,0,0,29.38,13.05,0,0,0,0,0,0,0,2.21,0,23.95,37.07,0,0,18.71,0,0,0,0,0,0,0,0,0,0,0,0,0,31.28,0,0,0,0,0,30.07,58.66,0,0,0,0,3.38,0,0,0,0,0,0,0,0,0,0,9.29,0,0,0,6.03,0,0,7.6,0,11.87,0,0,0,0,0,0,0,0,42.3,0,0,0,8.58,0,0,0,0,0,0,0,0,0,0,0,0,0,0,0,0,12.83,89.19,0,0,0,0,0,0
20.7_MSU977,0,0,0,0,0,0,0,0,0,0,0,127.41,0,9.65,4.83,0,0,0,0,118.61,0,0,173.18,46.47,8.41,0,0,0,0,0,0,0,0,86.5,213.86,0,0,33.49,0,0,0,0,0,0,0,0,0,0,0,0,0,55.35,0,0,0,0,3.7,35.59,79.09,0,0,0,0,0,0,0,0,0,0,0,0,0,109.31,0,17.65,0,0,0,12.12,0,0,7.78,0,17.97,0,0,0,0,35.62,0,0,0,0,0,0,0,30.87,0,0,0,0,0,0,7.56,0,4.22,0,0,0,0,0,0,0,29.74,11.47,0,0,0,0,0,0
21.7_MSU977,0,0,0,0,0,0,0,0,0,0,0,3662.84,0,11.59,5.18,0,0,0,0,35,0,0,175.03,7.58,6.64,0,0,0,0,0,3.89,0,0,92.97,0,0,0,31.07,0,0,0,0,0,0,0,0,0,0,0,25.61,0,0,0,0,0,0,0,64.88,58.97,0,0,0,0,0,3.32,0,0,0,0,0,0,0,54.67,0,13.62,6.05,0,0,9.01,0,0,13.64,0,18.72,0,0,0,0,0,0,0,0,0,0,0,0,0,0,0,0,0,0,0,0,0,0,0,0,0,0,0,0,0,37.94,12.59,0,0,0,0,0,0
25.7_MSU977,0,0,0,0,4.4,0,0,0,0,49.76,2.44,109.81,0,10.38,0,0,0,0,0,82.5,0,0,113.03,16.07,0,43.54,0,0,0,0,3.3,0,0,30.27,7.69,0,0,28.37,0,0,0,0,0,0,0,0,0,0,0,12.9,0,0,10.05,0,0,0,0,55.46,140.35,0,0,0,0,0,0,1.36,0,0,0,0,0,0,0,0,15.63,0,0,4.36,16.34,0,0,8.89,0,9.88,0,0,1.39,0,3.4,0,0,0,0,0,0,0,0,0,0,0,0,0,0,0,0,6.94,0,0,0,11.98,0,0,0,7.43,112.4,0,0,0,0,0,0
3.7_MSU977,0,0,0,0,0,0,0,0,0,0,22.05,5600.84,0,11.01,0,0,0,0,0,70.15,0,0,30.82,5.86,6.13,9.41,0,0,0,0,0,0,0,63.8,38.25,0,0,25.51,0,0,0,0,0,0,0,0,1.2,0,0,0,0,0,0,2.3,12.68,0,0,45.47,72.63,0,0,0,0,0,0,0,0,0,0,0,0,0,0,0,15.17,0,0,0,10.87,0,0,7.68,0,15.32,0,0,0,0,0,0,0,0,0,0,0,0,0,0,0,0,0,0,0,0,0,0,0,0,0,0,0,0,0,15.6,22.43,0,2.49,0,4.04,0,0
30.7_MSU977,0,0,0,0,0,0,0,1.8,0,2.42,0,1340.01,0,11.35,0,0,0,0,0,58.39,0,0,144.24,9.74,0,0,0,1.07,0,0,0,0,0,70.7,0,0,0,27.14,0,0,0,0,0,0,0,0,1.32,0,0,16.31,0,0,0,0,0,0,0,65.32,67.15,0,0,0,0,3.69,0,0,0,0,0,0,0,0,0,0,16.3,2.26,0,4.6,21.74,11.99,0,9.49,0,9.45,0,0,0,0,0,0,0,0,0,0,0,0,0,0,0,0,0,0,0,0,0,120.02,0,0,0,0,0,0,0,17.49,17.41,0,0,0,0,0,0
34.7_MSU977,2.9,0,0,0,19.09,0,0,0,0,0,30.62,2543.5,0,16.87,0,0,0,0,0,51,0,0,45.78,5.33,0,0,0,0,0,0,0,0,0,36.88,0,0,0,14.66,0,0,0,0,0,6.6,1.23,0,1.79,0,0,0,0,0,0,0,0,0,0,50.34,32.35,0,0,0,0,0,46.11,1.36,0,0,0,0,0,0,0,0,0,2.13,0,0,14.82,0,0,44.91,0,5.7,0,0,2.19,0,0,0,0,0,0,0,0,0,0,0,0,0,0,0,0,0,0,10.1,0,0,0,8.64,0,9.52,0,1.34,18.93,0,0,0,0,0,0
36.7_MSU977,4.04,0,0,0,0,0,5.86,0,0,0,92.76,963.06,0,13.92,0,0,0,0,0,102.15,0,0,326.25,8.61,4.64,16.98,0,0,0,0,0,0,0,72.65,0,0,0,26.83,0,0,0,0,0,19.62,0,1.46,0,0,0,0,14.9,0,13.4,0,29.25,0,0,71.05,90.21,0,2.9,0,0,0,168.24,0,0,0,0,0,0,0,9.93,0,27.87,0,9.25,0,17.37,0,0,4.64,0,123.58,0,0,0,0,66.55,0,0,5.78,0,0,0,0,0,0,0,0,0,0,0,3.17,0,22.93,0,0,0,81.65,3.4,39.49,0,12.12,335.54,7.03,0,0,0,0,0
38.7_MSU977,0,0,0,0,0,0,0,0,0,0,24.53,10847.11,0,19.94,0,0,0,0,0,16,0,0,47.83,3.45,7.65,0,0,0,0,0,0,0,8.64,12.35,16.25,0,0,30.39,0,10.91,0,0,0,0,0,0,1.35,0,0,8.18,0,0,0,0,0,0,2.74,58.06,6.47,0,0,0,0,0,26.49,0,0,4.94,0,0,0,0,0,0,0,0,0,0,6.07,0,0,14.52,0,15.63,0,0,6.32,0,14.54,0,1.32,14.51,0,0,0,0,0,0,0,0,0,0,0,19.61,0,14.82,0,0,0,73.63,0,3.51,0,34.12,16.18,3.83,0,0,0,0,2.54
40.7_MSU977,0,0,0,0,7.47,0,0,0,0,0,65.12,60.58,0,12.97,4.3,0,0,0,0,133.01,0,0,193.96,9.22,0,0,0,0,0,0,0,0,6.59,75.13,0,0,0,36.59,0,0,0,0,0,0,0,0,0,0,1.27,0,6.44,0,0,0,0,0,0,60.17,42.36,0,0,0,0,13.12,116.38,1.36,0,0,0,0,0,0,12.31,0,15.92,0,4.25,0,16.88,0,0,7.27,0,16.26,0,0,0,0,2.9,0,0,17.31,0,0,0,0,0,0,0,0,0,0,0,0,0,8.79,0,0,0,130.55,0,0,0,0,10.98,5.31,0,0,0,0,0
41.7_MSU977,0,0,0,0,0,0,0,0,0,0,41.75,1412.46,0,8.72,0,0,27.35,0,0,70.86,2.38,0,89.62,25.18,25.16,0,0,0,0,0,0,0,0,48.29,0,0,0,23.24,0,0,0,0,0,0,0,0,0,0,0,0,0,0,8.82,0,0,0,10.26,40.7,135.18,0,0,0,0,0,51.18,0,0,0,0,0,0,0,61.25,0,23.66,0,0,0,24.46,13.44,0,9.43,0,13.71,0,0,0,0,45.16,0,0,58.48,0,0,0,0,0,0,0,0,0,0,0,11.66,0,2894.02,0,0,0,244.76,0,15.61,0,63.27,246.74,13.67,1.66,0,26.71,0,0
6.7_MSU977,0,0,0,0,0,0,0,0,0,0,5.71,74.5,0,9.92,2.94,0,0,0,0,39.87,0,0,49.11,10.46,0,12.62,0,0,0,0,2.66,0,0,48.12,39,0,0,29.91,0,0,0,0,0,0,0,0,0,0,0,0,0,30.53,0,0,0,0,0,36.71,67.9,0,0,0,0,1.45,0,0,0,1.44,0,0,0,0,0,0,0,1.81,0,0,6.96,0,0,22.71,0,11.19,0,0,0,0,0,0,0,0,5.62,0,0,0,3.52,0,0,0,0,0,0,0,0,0,0,0,0,0,0,0,0,0,110.96,0,0,0,0,0,0
7.7_MSU977,0,0,0,0,0,0,0,0,0,0,17.14,2414.08,0,14.46,0,0,0,0,0,120.98,0,0,21.78,8.49,0,19.86,0,0,0,0,2.57,3.43,0,21.1,35.99,0,0,30.97,0,0,0,0,0,0,0,0,2.9,0,0,0,0,0,0,0,0,0,0,63.11,33.58,0,0,0,0,2.26,0,0,0,0,0,0,0,0,51.64,0,12.47,0,0,4.1,8.47,0,0,12.27,0,10.12,0,0,0,0,17.65,0,0,0,7.11,0,0,0,13.86,0,0,0,0,0,0,0,0,6.32,0,0,0,0,0,0,0,0,16.12,0,0,0,7.43,0,0
8.7_MSU977,0,0,0,0,5.02,0,0,0,0,1.98,0,13879.43,0,26.06,4.95,0,0,0,0,114.61,1.23,0,186.44,9.46,10.48,0,0,0,0,0,0,0,0,168.34,6.11,0,0,44.55,0,0,0,0,0,0,0,0,2.14,0,0,0,0,25.34,0,0,0,0,0,67.6,80.13,0,6.23,0,0,6.51,0,1.88,0,0,0,0,0,0,0,0,16.29,2.52,0,0,9.59,0,0,14.39,0,15.41,0,0,3.11,0,11.82,0,0,0,0,0,0,0,0,0,0,0,0,0,0,0,0,5.49,0,0,0,0,0,0,0,17.13,16.69,6.15,0,0,0,0,0