Drug_Class	Mechanism	Gene	ARG_group	ARG	31.1_MSU977	32.1_MSU977	16.1_MSU977	20.2_MSU977	19.5_MSU977	4.1_MSU977	2.1_MSU977	6.1_MSU977	30.2_MSU977	16.2_MSU977	21.1_MSU977	41.1_MSU977	19.7_MSU977	23.7_MSU977	18.2_MSU977	21.7_MSU977	24.1_MSU977	14.1_MSU977	19.1_MSU977	6.2_MSU977	4.5_MSU977	13.1_MSU977	37.2_MSU977	1.7_MSU977	7.1_MSU977	25.5_MSU977	13.5_MSU977	39.1_MSU977	1.2_MSU977	41.7_MSU977	22.1_MSU977	34.2_MSU977	12.2_MSU977	2.2_MSU977	34.7_MSU977	22.5_MSU977	36.7_MSU977	26.2_MSU977	10.5_MSU977	19.2_MSU977	8.7_MSU977	12.1_MSU977	15.2_MSU977	11.1_MSU977	26.1_MSU977	41.5_MSU977	17.2_MSU977	9.7_MSU977	29.5_MSU977	34.5_MSU977	5.2_MSU977	40.5_MSU977	31.7_MSU977	23.2_MSU977	7.7_MSU977	6.7_MSU977	14.7_MSU977	33.1_MSU977	14.5_MSU977	30.5_MSU977	37.5_MSU977	18.1_MSU977	16.7_MSU977	20.7_MSU977	39.7_MSU977	10.2_MSU977	38.2_MSU977	25.1_MSU977	41.2_MSU977	40.7_MSU977	13.7_MSU977	28.7_MSU977	25.7_MSU977	20.5_MSU977	32.7_MSU977	17.1_MSU977	28.5_MSU977	37.7_MSU977	22.7_MSU977	36.5_MSU977	13.2_MSU977	39.2_MSU977	17.5_MSU977	22.2_MSU977	1.1_MSU977	23.1_MSU977	35.5_MSU977	3.1_MSU977	28.1_MSU977	2.5_MSU977	10.1_MSU977	40.1_MSU977	11.5_MSU977	11.2_MSU977	29.1r_MSU997	40.2_MSU977	16.5_MSU977	14.2_MSU977	5.5_MSU977	7.2_MSU977	32.2_MSU977	6.5_MSU977	23.5_MSU977	8.5_MSU977	36.2_MSU977	15.5_MSU977	12.5_MSU977	9.2_MSU977	3.7_MSU977	30.7_MSU977	28.2_MSU977	11.7_MSU977	25.2_MSU977	5.1_MSU977	2.7_MSU977	32.5_MSU977	9.1_MSU977	26.7_MSU977	3.5_MSU977	29.2_MSU977	18.5_MSU977	21.5_MSU977	7.5_MSU977	8.1_MSU977	17.7_MSU977	24.5_MSU977	21.2_MSU977	38.7_MSU977	9.5_MSU977	31.5_MSU977	5.7_MSU977	35.7_MSU977	8.2_MSU977	36.1_MSU977	30.1_MSU977	4.7_MSU977	3.2_MSU977	10.7_MSU977	31.2_MSU977	35.1_MSU977	15.7_MSU977	4.2_MSU977	38.5_MSU977	18.7_MSU977	33.5_MSU977	33.7_MSU977	12.7_MSU977	34.1_MSU977	33.2_MSU977	26.5_MSU977	24.2_MSU977	1.5_MSU977	20.1_MSU977	35.2_MSU977	39.5_MSU977	24.7_MSU977	15.1_MSU977	37.1_MSU977	38.1_MSU977
Aminoglycoside	NS	Aminoglycoside 2024 Branch	Aminoglycoside 2024 Branch	2024 Branch	0	0	0	0	0	0	0	0	0	0	0	0	0	0	0	0	0	0	0	0	0	0	0	0	0	0	0	0	0	0	0	0	0	0	0	0	0	0	0	0	0	0	0	0	0	0	0	0	0	0	0	0	0	0	0	0	0	0	0	616.81	0	0	0	0	0	0	0	0	0	0	0	0	0	0	0	0	0	0	0	0	0	0	0	0	0	0	0	0	0	0	0	0	0	0	449.82	0	0	0	0	0	0	0	0	0	0	0	0	0	0	0	0	0	0	0	0	0	0	0	0	0	0	0	0	0	0	0	0	961.24	0	0	0	0	0	0	0	0	0	0	0	0	0	0	0	0	0	0	0	0	565.83	0	0	0	0	0	0	0	0	0	0
Other	NS	AR 272 645 2429 Branch	Aminoglycoside 2429 Branch	2429 Branch	0	0	0	0	0	0	0	0	0	0	0	0	0	0	0	0	0	0	0	0	0	0	0	0	0	0	0	0	0	0	0	0	0	0	0	0	0	0	0	0	0	0	0	0	0	0	0	0	0	0	0	0	0	0	755.58	0	0	0	0	0	0	0	0	0	0	0	0	0	0	0	0	0	0	0	0	0	0	0	0	0	0	0	0	0	0	0	0	0	0	0	0	0	0	0	0	0	0	0	0	0	0	0	0	0	0	0	0	0	0	0	0	0	0	0	0	0	0	0	0	0	0	0	0	0	0	0	0	0	0	0	0	0	0	0	0	0	0	0	0	0	0	0	0	0	0	0	0	0	0	0	0	0	0	0	0	0	0	0	0
Aminoglycoside	NS	Aminoglycoside a 2394 Branch	Aminoglycoside 2394 Branch	a 2394 Branch	0	0	0	0	0	0	0	0	0	0	0	0	0	0	0	0	0	0	0	0	966.65	0	0	0	0	0	0	0	0	0	0	0	0	0	0	0	0	0	0	0	0	0	669.53	0	0	0	0	0	0	0	0	0	0	0	0	0	0	0	0	0	0	0	0	0	0	0	0	0	0	0	0	0	0	0	0	0	0	0	0	0	0	0	0	0	0	0	0	0	0	0	0	0	0	0	0	0	0	0	0	0	0	0	0	0	0	0	0	0	0	0	0	0	0	0	0	0	0	0	0	0	0	0	0	0	0	0	0	0	0	0	0	0	0	0	0	0	0	0	0	0	0	0	0	0	0	0	0	0	0	0	0	0	0	0	0	0	0	0	0
Aminoglycoside	Inactivation	Aminoglycoside aac6 Im	aac6	aac6 lm	0	0	0	0	0	0	0	0	0	0	0	0	0	0	0	0	0	0	0	0	0	0	0	0	0	0	0	0	0	0	0	0	0	0	0	0	0	0	0	0	0	0	0	0	0	0	0	0	0	0	0	0	0	0	0	0	0	0	0	0	0	0	0	0	0	0	0	0	0	0	0	0	0	0	0	0	0	0	0	0	0	0	0	0	0	0	0	0	0	0	0	0	0	0	765.69	0	0	0	0	0	0	0	0	0	0	0	0	0	0	0	0	0	0	0	0	0	0	0	0	0	0	0	0	0	0	0	0	0	0	0	0	0	0	0	0	0	0	0	0	0	0	0	0	0	0	0	0	0	0	0	0	0	0	0	0	0	0	0	0
Aminoglycoside	Inactivation	Aminoglycoside aadA9	aadA9	aadA9	0	0	0	0	0	0	0	0	563.37	0	0	0	0	0	0	0	0	0	0	0	0	0	0	0	0	0	0	0	0	0	0	0	0	0	0	0	0	0	0	0	0	0	0	0	0	0	0	0	0	0	0	0	0	0	0	0	0	0	0	0	0	0	0	0	0	0	0	0	0	0	0	0	0	0	0	0	0	0	0	0	0	0	0	0	0	0	0	0	0	0	0	0	0	0	0	0	0	0	0	0	0	0	0	0	0	0	0	0	0	0	0	0	0	0	0	0	0	0	0	0	0	0	0	0	0	0	0	0	0	0	0	0	0	0	0	0	0	0	0	0	0	0	0	0	0	0	0	0	0	0	0	0	0	0	0	0	0	0	0
Aminoglycoside	Inactivation	Aminoglycoside aadD	aadD	aadD	0	0	0	0	0	0	0	0	0	0	0	0	0	0	0	0	0	0	0	0	0	0	0	0	0	0	0	0	0	0	0	0	0	0	0	0	0	0	0	0	0	0	0	0	0	0	0	0	0	0	0	0	0	0	0	0	0	0	0	0	0	0	0	0	0	0	0	693.28	0	0	0	0	0	0	0	0	0	0	0	0	0	0	0	0	0	0	0	0	0	0	0	0	0	0	0	0	0	0	0	0	0	0	0	0	0	0	0	0	0	0	0	0	0	0	0	0	0	0	0	0	0	0	0	0	0	0	0	0	0	0	0	0	0	0	0	0	0	0	0	0	0	0	0	0	0	0	0	0	0	0	0	0	0	0	0	0	0	0	0
MDR	Eflux pump	MDR-Efflux-pump acrD	acrD	acrD	0	0	0	0	0	0	0	0	0	0	0	0	0	0	0	0	0	0	0	0	0	0	0	0	889.23	0	0	0	0	0	0	0	0	0	0	0	0	0	0	0	0	0	0	0	0	0	0	0	0	0	0	0	0	0	0	0	0	0	0	0	0	0	0	560.1	0	0	0	0	0	0	0	0	0	0	0	0	0	594.42	2058.82	0	0	0	0	0	0	0	0	0	0	0	0	0	0	0	0	0	0	0	0	0	0	0	0	0	0	0	0	0	0	0	0	0	0	0	0	0	0	798.47	0	792.32	0	0	0	0	0	0	0	0	0	0	0	0	0	0	0	0	0	0	0	0	0	0	0	0	0	0	0	0	0	0	0	0	756.63	0	0	0	0	0	0
MDR	Eflux pump	Membrane-fusion-protein acrE	acrE	acrE	0	0	0	0	0	0	0	0	0	0	0	0	0	0	0	0	701.05	0	0	0	0	0	0	0	1134.71	0	0	0	0	0	0	0	0	0	0	0	0	1044.68	0	0	0	0	0	0	0	0	0	0	0	0	0	0	0	461.85	0	585.27	0	0	0	0	0	0	0	0	0	0	0	0	0	0	0	0	0	0	0	0	0	0	2438.58	0	0	0	0	0	0	0	0	439.91	0	0	0	0	0	0	0	0	0	0	0	0	0	0	0	0	0	0	0	0	578.42	0	0	0	0	0	0	0	0	0	0	506.2	0	0	483.95	0	0	0	0	0	0	0	0	0	0	0	0	0	0	0	0	0	0	0	0	0	0	0	0	0	0	0	0	0	0	1439.21	0	0	0	0	0
MDR	Eflux pump	Inner-membrane-transporter acrF	acrF	acrF	0	0	0	0	0	0	0	0	0	0	0	0	0	0	0	0	0	0	0	0	0	0	0	0	1228.27	0	0	0	0	0	0	0	0	0	0	0	0	0	0	0	0	0	0	0	0	0	0	0	0	0	0	0	0	0	0	0	0	0	0	0	0	0	0	1127.26	0	0	0	0	0	0	0	0	0	0	0	1032.44	0	0	2671.31	0	0	0	0	0	0	0	0	624.13	0	0	519.07	0	0	0	0	0	0	0	0	0	0	0	0	0	0	0	0	0	0	0	0	0	0	0	614.64	0	0	0	0	0	0	0	0	0	0	0	0	0	0	0	0	0	0	0	0	0	0	0	0	0	0	0	0	0	0	0	0	0	0	0	0	0	0	0	0	0	0	0	0
MDR	Eflux pump	Repressor-of-efflux-complex acrS	acrS	acrS	0	0	0	0	0	0	0	0	0	0	0	0	0	0	0	0	0	0	0	0	0	0	0	0	0	0	0	0	0	0	0	0	0	0	0	0	0	2284.26	0	0	0	0	0	0	0	0	0	0	0	0	0	0	0	0	0	0	0	0	0	0	0	0	0	0	0	0	0	0	0	0	0	0	0	0	0	0	0	0	2825.16	0	0	0	0	0	0	0	0	0	0	0	0	0	0	0	0	0	0	0	0	0	0	0	0	0	0	0	0	0	0	0	0	0	0	0	0	0	596.64	0	0	0	0	0	0	0	0	0	0	0	0	0	0	0	0	0	0	0	0	0	0	0	0	0	0	0	0	1174.16	0	0	1562.56	0	0	0	0	0	0	0	0	0	0
Aminoglycoside	Inactivation	Aminoglycoside ant6 Ib	ant6 Ib	ant6 Ib	0	0	0	0	0	0	0	0	0	0	0	0	0	0	0	0	0	0	0	0	0	0	0	0	0	0	0	0	0	0	0	0	1449.36	0	0	0	0	0	0	0	1563.51	0	0	0	0	0	0	0	0	0	0	0	0	0	0	0	0	1484.74	0	0	0	0	0	0	0	0	0	0	0	0	0	0	0	0	0	0	0	0	0	0	0	0	0	0	0	0	0	1058.78	0	0	0	0	0	0	0	0	0	0	1037.06	0	0	0	0	0	0	0	0	0	0	0	0	0	0	0	0	0	0	0	0	0	0	0	0	0	0	1469.56	0	0	0	0	0	0	0	0	0	0	0	0	0	0	0	0	0	0	0	0	0	0	0	0	1923	0	0	0	0	1560.96	0	0	0
Aminoglycoside	Inactivation	Aminoglycoside aph3 III	aph3 III	aph3 III	0	0	0	1218.79	0	0	0	0	0	1305.25	0	0	0	0	0	0	0	1369.83	0	0	0	0	0	0	1533.14	0	0	0	0	0	0	0	0	0	0	0	0	0	0	0	0	0	0	0	0	0	0	0	0	0	0	0	0	0	0	0	1755.83	0	0	0	0	0	0	0	0	0	1705.61	0	0	0	0	0	0	0	0	0	1082.92	0	0	0	0	0	0	0	0	0	0	0	0	0	0	0	0	0	1533.14	0	0	0	0	0	0	0	0	0	0	0	0	0	0	0	0	0	0	0	0	0	0	0	0	0	0	2505.99	0	0	0	0	0	0	0	0	0	0	0	0	0	0	1799.51	0	0	0	0	1386.04	0	0	0	0	0	0	0	0	0	0	0	0	0	0	0	0	0
Aminoglycoside	Inactivation	Aminoglycoside aph6 Id	aph6 Id	aph6 Id	0	0	0	0	0	0	0	0	0	0	0	0	0	0	0	0	0	0	0	0	0	0	0	0	0	0	0	0	0	0	0	0	0	0	0	0	0	0	0	0	0	0	0	0	0	0	0	0	0	0	628.44	0	0	0	0	0	0	0	0	0	0	0	0	0	0	0	0	0	0	0	0	0	0	0	0	0	0	0	0	0	0	0	0	0	0	0	0	0	0	0	0	0	0	0	0	0	0	0	0	0	0	0	0	0	0	0	0	0	0	0	0	0	0	0	0	0	0	0	0	0	0	0	0	0	0	0	0	0	0	0	0	0	0	0	0	0	0	0	0	0	0	0	0	0	0	0	0	0	0	0	0	0	0	0	0	0	0	0	0
Polymyxin	Target alteration	polymyxin-and-cationic-antimicrobial-peptides arnA	arnA	arnA	0	0	0	0	0	0	0	0	0	0	0	0	0	0	0	0	0	0	0	0	0	0	0	0	667.38	0	0	0	0	0	0	0	0	0	0	0	0	0	0	0	0	0	0	0	0	0	0	0	0	0	0	0	0	0	0	0	0	0	0	0	0	0	0	0	0	0	0	0	0	0	0	0	0	0	0	722.96	0	0	2772.59	0	0	0	0	0	0	0	0	0	0	0	0	0	0	0	0	0	0	0	0	0	0	0	0	0	0	0	0	0	0	0	0	0	0	0	0	0	559.84	0	0	0	0	0	0	0	0	0	0	0	0	0	0	0	0	0	0	0	0	0	0	0	0	0	0	0	0	0	0	0	0	0	0	0	0	0	0	0	0	0	0
Bacitracin	Target alteration	Bacitracin-resistance bacA	bacA	bacA	0	0	0	0	0	553.58	0	0	0	0	0	0	0	0	0	0	0	0	0	737.62	0	0	0	586.14	0	0	0	0	0	0	0	0	0	0	0	0	0	0	0	0	0	0	0	0	0	0	0	0	0	0	0	0	0	661.21	0	0	0	1608.91	0	0	0	0	0	753.05	0	0	0	0	0	0	0	0	0	0	0	1202.45	0	0	6364.47	0	0	0	0	0	0	586.14	0	0	0	0	0	0	0	0	0	0	0	0	0	0	0	0	0	0	0	0	553.58	0	0	0	0	0	0	0	0	0	0	0	0	0	0	0	0	0	0	0	0	0	1077.49	0	0	0	0	0	0	0	0	0	0	0	0	0	0	601.04	0	0	0	0	616	0	0	0	925.85	0	0	0	0	0	0
MDR	Eflux pump	Efflux-pump baeR	baeR	baeR	0	0	0	460.79	0	0	0	0	0	0	0	0	0	0	0	0	0	0	0	0	0	0	0	0	0	0	0	0	0	0	0	0	0	0	0	0	0	1011.02	0	0	0	0	0	0	0	0	0	0	0	0	0	0	0	0	0	0	0	0	0	0	0	677.67	0	774.4	0	0	0	0	0	0	0	0	0	0	0	0	0	0	5022.82	0	0	0	0	0	0	0	0	0	0	0	0	0	0	0	0	0	0	0	0	0	0	0	2040.69	0	0	0	0	0	0	0	0	0	0	0	0	0	0	0	0	0	0	0	0	0	0	684.77	0	0	0	0	0	0	0	0	0	0	0	0	0	0	0	0	0	0	0	0	0	0	0	0	0	0	0	1117.38	0	0	0	0	0
MDR	Eflux pump	Sensor-kinase baeS	baeS	baeS	451.5	0	0	621.76	0	0	0	0	0	0	0	0	0	0	0	0	0	0	0	0	0	0	0	0	0	0	0	0	0	0	0	0	0	0	0	0	0	0	0	0	0	0	0	0	0	0	0	0	0	0	0	869.51	0	0	0	0	0	0	0	0	0	0	0	2610.71	0	0	0	0	0	0	0	0	566.71	0	0	0	0	0	4898.55	0	705.68	0	0	1121.39	0	0	0	0	0	0	0	0	0	0	0	0	0	0	0	0	0	0	848.77	0	0	0	0	0	0	0	0	989.04	0	0	0	0	0	0	0	0	0	0	0	0	0	0	0	0	0	0	0	0	0	0	0	0	0	0	0	0	0	0	0	0	0	0	0	0	0	0	0	0	0	0	0	1231.92	0	0	0
Bacitracin	Eflux pump	ABC-transporter-confers-bacitran-resistance bcrA	bcrA	bcrA	0	0	0	0	0	0	0	0	0	0	0	0	0	0	0	0	0	0	0	0	0	0	0	0	0	0	0	0	0	0	0	516.94	0	0	0	0	0	0	0	0	0	0	0	0	0	0	0	0	0	0	0	0	0	0	0	0	0	0	0	0	0	0	0	0	0	0	0	0	0	0	0	0	0	0	0	0	0	0	0	0	0	0	0	0	0	0	0	0	0	0	0	0	0	0	0	736.33	0	0	0	0	0	0	0	0	0	0	0	0	0	0	0	0	0	0	0	0	0	0	0	0	0	0	0	0	0	0	0	0	0	0	0	0	0	0	0	0	0	0	0	0	0	0	0	0	0	0	0	0	0	0	0	0	0	0	0	0	0	0	0
Beta-lactam	Inactivation	Beta-lactam-resistance bla 13 863 1029 Branch	bla 1029 Branch	bla 1029 Branch	0	0	0	0	0	0	0	0	0	1260.7	0	0	0	0	0	1260.7	0	0	0	0	0	0	0	0	0	0	0	0	0	2993.06	0	0	0	0	0	0	0	0	0	0	0	0	0	0	0	0	0	0	0	0	0	0	0	1260.7	0	0	0	0	0	0	0	0	0	0	0	0	0	0	0	0	0	0	0	0	0	0	0	0	0	0	0	0	0	0	0	0	0	0	0	0	0	0	0	0	0	0	0	0	0	1260.7	0	0	0	0	2717.26	0	0	0	0	0	0	0	0	0	0	0	0	0	0	0	0	0	0	0	0	0	0	0	0	0	0	0	0	0	0	0	0	0	0	0	0	0	0	0	0	0	0	0	0	0	0	0	0	0	0	0	0	0	0
Beta-lactam	Inactivation	Beta-lactam-resistance bla 23 868 1030 Branch	bla 1030 Branch	bla 1030 Branch	0	0	0	0	0	0	0	0	0	0	0	0	0	0	0	0	0	0	0	0	0	0	0	0	0	0	0	0	0	0	0	0	0	2106.55	0	0	2382.14	2382.14	0	0	0	0	0	0	0	0	1881.6	0	0	0	0	0	0	0	0	0	0	0	0	0	0	0	0	0	0	0	0	0	0	0	0	0	0	0	0	0	0	0	0	0	0	0	0	0	0	0	0	0	0	0	0	0	0	0	0	0	0	0	0	0	0	0	0	0	0	0	0	0	0	0	0	0	1881.6	0	0	0	0	0	0	0	0	0	0	0	0	0	0	0	0	0	0	0	0	0	0	0	0	0	0	0	0	0	0	0	0	0	0	0	0	0	0	0	0	0	0	0	0	0	0
Beta-lactam	Inactivation	Beta-lactam-resistance blaACI 1	blaACI 1	blaACI 1	8467.66	1308.07	4720.19	3251.23	4765.08	574.51	0	0	6159.27	6109.39	5705.1	626.52	4315.14	1646.08	3921.49	5363.79	0	6488.2	1154.84	4349.29	3436.36	0	587.45	2842.9	7878.09	2716.99	3057.62	2752.43	0	3038.02	1378.32	3264.41	1889.27	7017.89	0	692.47	2940.25	7727.82	3399.89	4233.32	4172.07	0	5645.1	2218.06	1395.96	2675.18	7442.89	0	954.11	2496.09	2024.89	2442.04	679.2	1580.03	6098.71	3945.11	5882.01	1877	1484.63	1861.68	2227.47	3703.02	2448.39	1800.59	2904.51	4226.51	2914.25	665.97	2121.18	3323.8	3297.39	5077.28	1754.95	8430.67	3116.53	1499.48	510.51	1425.43	3073.97	4744.36	510.51	0	1978.51	2914.25	827.19	4080.42	860.04	2205.53	1637.05	849.07	1166.31	2483.36	5167.92	1454.99	3287.49	0	5458.54	5765.18	1658.13	4270.79	2739.53	0	4959.06	759.38	2099.38	854.55	1395.96	998.85	1472.77	4434.81	4056.7	5479.62	6657.02	0	0	1129.1	6603.09	2716.99	1652.1	6916.62	3536.06	3726.48	2052.78	1694.35	3192	0	6080.91	979.24	2733.09	665.97	3786.87	0	4658.12	652.78	679.2	1264.43	3803.66	759.38	4080.42	0	652.78	2904.51	1049.55	4754.72	0	587.45	3823.83	5045.96	2855.86	4263.98	4267.39	2862.34	6452.35	0	2543.9	2105.61	1622.02	0	2040.38
Beta-lactam	Inactivation	Beta-lactam-resistance blaAmpC	blaAmpC	blaAmpC	0	0	0	0	0	0	0	0	0	0	0	0	0	0	0	0	0	0	0	0	0	0	0	0	0	0	0	0	0	0	0	0	0	0	0	0	0	0	0	0	0	0	0	0	0	0	0	0	0	0	0	0	0	0	0	0	0	640.5	0	0	0	0	0	0	0	0	0	0	0	0	0	0	0	0	0	0	0	0	1349.76	0	0	0	0	0	0	517.84	0	0	0	0	0	0	0	0	0	0	0	0	0	0	0	0	0	0	0	0	0	0	0	0	0	0	0	0	0	0	0	0	0	0	0	0	0	0	0	695.69	0	0	0	0	0	0	0	0	0	0	0	0	0	0	0	0	0	0	0	0	0	0	0	0	0	0	0	0	0	0	0	0	0
Beta-lactam	Inactivation	Beta-lactam-resistance blaAmpH	blaAmpH	blaAmpH	0	0	0	0	0	0	0	0	0	0	0	0	0	0	0	0	0	0	0	0	0	0	0	0	0	0	0	968.24	0	0	0	0	0	0	0	0	0	0	0	0	0	0	0	0	0	0	0	0	0	0	0	0	0	0	0	0	0	0	0	0	0	0	0	0	0	0	0	0	0	0	0	0	0	0	0	781.53	0	0	2823.24	0	0	0	0	0	0	0	0	0	0	0	0	0	0	0	0	0	0	0	0	0	0	0	0	0	0	0	0	0	0	0	0	0	0	0	0	0	0	0	0	0	0	0	0	0	0	0	0	0	0	0	0	0	0	0	0	0	0	0	0	0	0	0	0	0	0	0	0	0	0	0	0	0	0	0	0	0	0	0	0
Beta-lactam	Inactivation	Beta-lactam-resistance blaCMY 111	blaCMY	blaCMY 111	0	0	0	0	0	0	0	0	0	0	0	0	0	0	0	0	0	0	0	0	0	0	0	0	0	0	0	0	0	0	0	0	0	0	0	0	0	0	0	0	0	0	0	0	0	0	0	0	0	0	0	0	0	0	0	0	0	0	0	0	0	0	0	0	0	0	0	0	1923.62	0	0	0	0	0	0	0	0	0	0	0	0	0	0	0	0	0	0	0	0	0	0	0	0	0	0	0	0	0	0	0	0	0	0	0	0	0	0	0	0	0	0	0	0	0	0	0	0	0	0	0	0	0	0	0	0	0	0	0	0	0	0	0	0	0	0	0	0	0	0	0	0	0	0	0	0	0	0	0	0	0	0	0	0	0	0	0	0	0	0
Beta-lactam	Inactivation	Beta-lactam-resistance blaCMY 27	blaCMY	blaCMY 27	0	0	0	0	0	0	0	0	0	0	0	0	0	0	0	0	0	0	0	0	0	0	0	0	0	0	0	1120.87	0	0	0	0	0	0	0	0	0	0	0	0	649.93	0	879.36	0	0	0	0	0	0	0	0	0	0	0	0	0	0	0	0	0	0	0	0	0	0	0	0	0	0	0	0	0	0	0	0	0	0	0	0	0	0	0	0	0	0	0	0	0	0	0	0	0	0	0	0	0	5522.98	0	0	0	0	0	0	0	0	0	0	0	0	0	0	0	0	0	0	0	0	0	0	0	0	0	0	0	0	0	0	2740.8	0	0	0	0	0	0	0	0	0	0	0	0	0	0	0	0	0	0	0	0	0	0	0	0	0	0	0	0	3208.37	0	0
Beta-lactam	Inactivation	Beta-lactam-resistance blaCMY 32	blaCMY	blaCMY 32	0	0	0	0	0	0	0	0	0	0	0	0	0	0	0	0	0	0	0	0	0	0	0	0	0	0	0	0	0	0	0	0	0	0	0	0	0	0	0	0	0	0	0	0	0	0	0	0	0	0	0	0	0	0	0	0	0	0	0	0	0	0	0	0	0	0	0	0	1166.92	0	0	0	0	0	0	0	0	0	0	0	0	0	0	0	0	0	0	0	0	0	0	0	0	0	0	0	0	0	0	0	0	0	0	0	0	0	0	0	0	0	0	0	0	0	0	0	0	0	0	0	0	0	0	0	0	0	0	0	0	0	0	0	0	0	0	0	0	0	0	0	0	0	0	0	0	0	0	0	0	0	0	0	0	0	0	0	0	0	0
MDR	Eflux pump	MDR-Efflux-pump bmr	bmr	bmr	0	0	0	0	0	0	0	471.86	0	0	0	0	0	0	0	0	0	0	0	0	0	0	0	0	0	0	0	0	0	0	0	0	0	0	0	0	0	0	0	0	0	0	0	0	0	0	0	0	0	0	0	0	0	0	0	0	0	0	0	0	0	0	0	0	0	0	0	0	0	0	0	0	0	0	0	0	0	0	0	0	0	0	0	0	0	0	0	0	0	0	0	0	0	0	0	0	0	0	0	0	0	0	0	0	0	0	0	0	0	0	0	0	0	0	0	0	0	0	0	0	0	0	0	0	0	0	0	0	0	0	0	0	0	0	0	0	0	0	0	0	0	0	0	0	0	0	0	0	0	0	0	0	0	0	0	0	0	0	0
Phenicol	Inactivation	Phenicol catB4	catB4	catB4	0	0	0	0	0	0	0	0	0	0	0	0	0	0	0	0	0	0	0	0	0	0	0	0	0	0	0	0	0	0	0	0	0	0	0	0	0	0	0	0	0	0	0	0	0	0	0	0	0	0	0	0	0	0	0	0	0	0	0	0	0	0	0	0	0	0	0	0	0	0	0	0	0	0	0	0	0	0	0	0	0	0	0	0	0	0	0	0	0	0	0	0	0	791.26	0	0	0	0	0	0	0	0	0	0	0	0	0	0	0	0	0	0	0	0	0	0	0	0	0	0	0	0	0	0	0	0	0	0	0	0	0	0	0	0	0	0	0	0	0	0	0	0	0	0	0	0	0	0	0	0	0	0	0	0	0	0	0	0	0
Beta-lactam	Inactivation	Beta-lactam cfxA 2366 Branch	blaCFXA	cfxA 2366	2269.02	0	1783.77	10574.89	0	0	0	0	0	0	2690.98	4019.74	0	0	0	0	0	0	0	6848.61	3793.22	0	0	2698.11	0	0	0	6737.12	2914.88	0	5492.13	0	0	0	0	6212.86	4567.98	9754.33	0	0	0	786.92	0	0	0	0	0	0	0	0	0	4754.65	4410.99	0	6383.95	0	6264.08	0	0	0	7826.6	0	0	7021.33	0	0	0	0	0	0	0	0	10371.73	12941.88	0	5422.62	0	0	0	0	12638.11	0	18938.08	7431.14	5063.05	0	8598.94	0	0	0	0	4219.07	0	0	0	0	0	7966.4	0	0	0	0	0	0	0	0	0	12117.36	0	0	0	0	0	4251.21	0	0	0	0	0	9290.49	0	7378.29	5214.79	1726.98	0	0	0	0	8169.19	6070.98	7185.6	4356.73	0	0	4201.37	0	0	0	0	2394.7	0	3424.91	0	0	0	0	0	0	3214.4	0	0	0	0	2224.23	0	5090.95	5160.33	2117.22	3627.87
Beta-lactam	Inactivation	Beta-lactam cfxA 2367 Branch	blaCFXA	cfxA 2367	0	12151.36	0	0	7370.38	10774.59	8312.11	5601.96	7965.68	7167.1	0	0	17533.52	6941.63	10590.1	17459.81	2043.41	5739.79	4464.98	0	0	6265.02	9886.11	0	4509.81	7907.36	16704.47	0	0	8655.36	0	15032.22	8725.49	11698.47	7841.09	0	0	0	7543.44	7343.24	8725.27	0	7548.42	3767.14	4920.36	6040.11	7856.24	7421.87	9517.36	4720.54	8565.53	0	0	15840.67	0	5590.41	0	6868.9	8282.27	5436.04	0	0	6479.06	0	8771.7	10834.35	8019.93	6838.01	3372.91	7476.35	6721.42	13556.83	0	0	9685.61	0	11191.85	11496.82	5131.97	5007.3	0	4183.6	0	0	0	4534.21	0	6902.36	9067.15	10375.72	5558.78	0	13364.29	7321.89	7233.4	6719.94	7222.83	0	7406.98	13290.74	9128.87	11128.78	8127.03	10674.95	9195.43	11686.49	6016.83	0	9338.35	12216.06	11119.08	13591.44	12289.77	0	8150.8	8100.6	0	8053.33	7025.26	0	7192.43	0	0	0	13774.18	6881.28	6955.58	8784.81	0	0	0	0	11259.91	3787.99	0	6696.19	10292.51	11667.61	5948.14	0	4409.96	0	13275.08	10150.02	6803.58	7898.92	6676.08	5255.11	0	15420.25	7791.36	9517.97	7236.35	0	6172.67	0	0	0	0
Beta-lactam	Inactivation	Beta-lactam cfxA2	blaCFXA	cfxA2	0	0	0	0	0	0	0	0	0	0	0	0	0	0	0	0	0	0	0	0	0	0	0	0	0	0	0	0	0	0	0	0	0	0	0	0	0	0	0	0	0	0	0	0	0	0	0	0	0	0	0	0	0	0	0	0	0	0	0	0	0	0	0	0	0	0	0	0	0	0	0	0	0	0	0	0	0	0	0	0	0	0	0	0	0	0	0	0	0	0	0	0	0	0	0	0	0	0	0	0	0	0	0	0	0	0	0	0	0	0	0	0	0	0	0	0	6834.41	0	0	0	0	0	0	0	0	0	0	0	0	0	0	0	0	0	0	0	0	0	0	0	0	0	0	0	0	0	0	0	0	0	0	0	0	0	0	0	0	0	0
Beta-lactam	Inactivation	Beta-lactam cfxA3	blaCFXA	cfxA3	0	0	0	0	0	0	0	0	0	0	0	0	0	0	0	0	0	0	0	0	0	0	0	0	0	0	0	0	0	0	0	0	0	0	0	0	0	0	0	0	0	0	0	0	0	0	0	0	0	0	0	0	0	0	0	0	0	0	0	0	0	0	0	0	0	3155.61	0	0	0	0	0	0	0	0	0	0	0	0	0	0	0	0	0	0	0	2394.6	0	0	0	0	0	0	0	0	0	0	0	0	0	0	0	0	0	0	0	0	0	0	0	0	0	0	0	0	0	0	0	0	0	0	0	0	0	0	0	0	0	0	0	0	0	0	0	0	0	0	0	0	0	0	0	0	0	0	0	0	0	0	0	0	0	0	0	0	0	0	0	0	0
Beta-lactam	Inactivation	Beta-lactam cfxA6	blaCFXA	cfxA6	1907.01	3391.69	1496.69	3487.09	2497.97	2608.39	0	4502.28	1925.17	2476.63	1247.28	1221.48	3090.72	2149.99	2575.2	7193.21	0	1539.65	3663.76	3017.76	1729.06	1720.23	2825.27	731.95	863.74	4481.49	0	2892.77	0	1475.58	1893.89	2781.63	2075.11	3273.42	0	1885.56	1576.95	2508.32	2336.41	0	2540.87	0	0	0	1176.45	2502.21	3158.01	3668.85	2241.98	2547.19	2599.93	2357.09	0	2584.09	3094.44	2016.86	2146.03	1833.53	2338.63	1468.02	0	2077.03	2069.71	0	1604.5	5321.65	4194.06	1090.81	0	3074.97	0	4237.83	3101.63	3805.42	2126.76	5784.94	0	1663.9	1865.1	3910.98	0	0	2147.03	1687.77	2156.86	1953.67	4189.76	1776.65	3019.27	1925.26	0	1784.45	3378.36	1933.46	2364.66	0	1962.39	0	2163.82	2859.99	0	1985.83	1830.25	2793.81	2920.71	1884.47	0	2895	2360.48	2284.06	1887.59	0	4004.45	3457.96	4521.81	1564.87	5002.13	2414.53	2384.69	0	0	2642.28	2469.65	0	3007.28	2935.26	2942.31	2193.95	1916.15	2188.18	0	3859.16	2047.65	1839.94	2168.93	0	2678.62	2436.54	1824.63	0	1526.05	1202.18	2712.1	3367.38	1814.26	0	0	0	1676.32	3763.31	1541.09	2447.22	0	0	1760.39	1486.26	1778.25	0	1902.91
Macrolide	Target alteration	Macrolide clbC	clbC	clbC	0	0	0	0	0	0	0	0	0	0	0	0	0	0	0	0	0	0	0	0	0	0	0	0	0	0	0	0	0	0	0	0	0	0	0	0	0	0	0	0	0	0	0	0	0	0	0	474.88	0	0	0	0	0	0	0	0	0	0	0	0	0	0	0	0	0	474.88	908.13	0	0	0	0	0	0	0	0	0	0	0	0	0	0	0	0	0	0	0	0	0	0	0	0	0	0	0	0	0	0	0	0	0	0	0	0	0	0	0	0	0	0	0	0	0	0	0	0	0	0	0	0	0	0	0	0	0	0	0	0	0	0	0	0	0	0	0	0	0	0	0	0	0	0	0	0	0	0	0	0	0	0	0	0	0	0	0	0	0	0	1279.69	0
MDR	Eflux pump	Sensor-kinase cpxA	cpxA	cpxA	0	0	0	526.66	1569.47	0	0	0	0	0	0	0	0	0	0	0	0	0	0	0	0	0	0	0	868.9	0	0	0	0	0	0	0	0	0	0	0	0	0	0	0	0	0	0	1157.16	0	0	0	0	0	0	0	0	0	696.72	0	0	0	0	0	0	0	725.37	0	0	0	0	0	0	0	0	0	0	0	0	0	0	0	615.82	1823.39	0	0	0	0	439.73	0	781.09	0	0	0	0	0	0	0	0	0	0	0	0	0	0	0	0	0	0	0	0	0	0	0	0	0	509.09	0	0	0	0	0	0	0	546.29	0	0	0	0	0	0	0	0	0	0	0	0	0	0	0	0	0	0	0	0	0	0	0	0	0	0	0	706.93	0	0	0	507.14	0	0	0	0	0	1532.97	0
MDR	Eflux pump	Regulator cpxR	cpxR	cpxR	0	0	0	0	0	0	0	567.76	0	0	0	0	0	0	0	0	0	0	0	0	0	920.54	0	0	0	0	0	0	0	0	0	0	0	0	0	0	0	484.16	0	0	0	0	0	1727.73	0	0	0	0	0	0	0	0	0	0	0	0	0	0	0	0	0	0	0	723.22	0	0	0	0	0	0	0	0	0	0	0	2392.23	0	402.88	4658.31	0	0	0	0	0	0	1707.72	0	0	0	0	0	0	0	0	0	1124.55	0	0	0	0	0	0	0	0	0	0	0	688.17	0	0	0	0	0	0	0	0	0	0	0	0	0	0	0	0	0	0	0	0	0	0	0	1392.31	0	0	0	0	1537.04	0	0	0	0	0	0	0	0	0	0	0	776.3	0	0	0	0	0	0	1196.39	0	0	0
MDR	Eflux pump	Repressor-for-mdr-efflux-pump crp	crp	crp	0	0	0	0	706.94	0	0	0	0	0	0	0	0	0	0	0	0	0	0	0	799.47	0	0	0	1012.69	0	0	0	0	0	0	0	0	0	0	0	0	0	0	0	0	0	836.96	0	0	0	0	0	0	0	0	0	0	874.72	670.44	0	0	0	0	0	0	0	0	2055.14	0	0	0	0	0	0	0	0	0	0	0	3789.85	0	1728.42	2823.98	0	0	0	0	0	0	1999.43	0	0	0	0	0	0	1653.23	0	0	0	0	0	0	0	0	0	0	0	0	0	0	0	0	0	0	1741	0	1931.16	0	0	0	0	0	0	0	0	0	0	0	1012.69	0	0	0	0	0	0	685	0	0	0	0	0	0	0	0	0	0	0	0	0	0	0	0	0	0	0	0	0	0	799.47	0	0	0
MDR	Eflux pump	Membrane-fusion-protein emrA	emrA	emrA	0	0	519.73	0	0	0	0	0	0	0	0	0	0	0	0	0	0	0	0	0	0	0	0	0	0	0	0	0	0	0	0	0	0	0	0	0	0	0	0	0	0	0	0	0	0	0	0	0	0	0	0	0	0	0	0	0	0	0	0	0	0	0	0	680.64	0	0	0	0	0	0	0	0	0	0	0	736.43	0	0	1780.95	0	0	0	0	738.77	0	0	0	0	0	0	1078.3	0	0	0	0	0	0	0	0	0	0	0	423.6	0	0	0	0	0	0	0	0	0	0	0	0	0	0	0	0	750.48	0	0	0	0	0	0	0	0	0	0	0	0	0	0	0	0	0	0	0	0	0	0	0	0	0	657.59	0	0	0	0	0	0	0	0	0	0	0	0	0
MDR	Eflux pump	Translocase emrB	emrB	emrB	0	0	0	0	1115.69	0	1081.35	0	0	0	0	0	0	0	0	0	0	0	0	0	0	629.6	0	0	0	0	0	0	0	0	0	0	0	0	0	0	0	0	0	0	0	0	0	0	0	0	0	0	0	0	438.43	0	0	0	1057.19	0	0	0	0	0	0	0	0	0	0	0	0	0	0	0	0	0	0	0	0	0	0	0	4072.25	0	0	1009.11	0	762.19	0	0	0	0	0	0	0	0	592.42	0	0	0	0	0	0	0	0	0	0	0	0	0	0	0	0	0	0	771.79	0	0	0	0	0	0	0	0	0	0	855.1	0	0	0	0	0	0	0	0	0	0	0	0	0	0	0	0	0	0	0	0	0	0	0	0	0	0	0	0	0	0	0	0	0	0	0	0
MDR	Eflux pump	MDR-transporter emrE	emrE	emrE	0	0	0	0	0	0	0	0	0	0	0	0	0	0	0	0	0	0	0	0	0	0	0	913.47	0	0	0	0	0	0	0	0	0	0	0	0	0	851.02	0	0	0	0	0	0	0	0	0	0	0	0	0	0	0	0	0	0	0	0	0	0	0	0	0	0	0	0	0	0	0	0	0	0	0	0	0	0	0	0	0	0	0	0	0	0	0	0	0	0	0	0	0	0	0	0	0	0	0	0	0	0	0	0	0	0	0	0	0	0	0	0	0	0	0	0	0	0	0	0	0	0	0	0	0	0	0	0	0	0	0	0	0	0	0	0	0	0	0	0	0	0	0	0	0	0	0	0	0	0	0	0	0	0	0	0	0	0	0	0	0
Tetracycline	Eflux pump	Membrane-fusion-protein emrK	emrK	emrK	0	0	0	0	0	0	0	0	0	0	0	0	0	0	0	0	1068.24	0	0	0	986.91	0	0	652.06	1200.19	0	0	0	0	0	0	0	0	0	0	0	0	0	0	0	0	0	0	952.33	0	0	0	0	0	0	0	0	0	0	0	0	0	0	0	0	0	797.9	0	0	0	0	0	0	0	0	0	0	0	0	0	0	0	0	2211.57	0	469.26	0	0	1450.52	0	927.09	0	0	0	0	0	0	0	2080.62	0	0	0	0	0	0	0	0	0	0	0	0	0	0	0	0	0	0	0	0	0	0	0	989.22	0	0	0	0	0	0	0	0	0	0	0	0	0	0	0	0	0	0	0	0	0	0	0	0	0	0	0	0	0	0	0	0	0	0	0	0	0	0	0	0	0
MDR	Eflux pump	Repressor-for-mdr-efflux-pump emrR	emrR	emrR	0	0	0	0	0	1902.83	0	0	0	0	0	0	0	0	0	0	0	0	0	0	0	0	0	0	0	0	0	0	0	0	0	0	0	0	0	0	0	0	0	0	0	438.55	0	0	0	0	0	0	0	0	0	0	0	0	0	0	0	888.25	0	0	754.74	0	0	0	0	0	0	0	0	0	0	0	0	0	0	0	0	0	1485.57	0	0	0	0	0	0	0	0	0	0	0	0	0	0	1164.65	0	0	0	0	0	0	0	0	0	0	776.75	0	0	0	0	0	0	0	0	0	0	0	0	0	0	0	0	0	0	0	0	0	0	0	0	0	1025.01	0	0	0	0	0	0	0	0	0	0	0	0	0	0	1002	0	0	0	0	0	0	0	0	0	603.7	0	0	0
MDR	Eflux pump	MDR-transporter emrY	emrY	emrY	0	0	0	0	0	0	0	0	0	0	0	0	0	0	0	0	0	0	0	528.6	0	0	0	0	1105.7	0	0	0	0	0	0	0	0	0	0	0	0	0	0	0	0	0	582.7	0	0	0	0	0	0	0	0	0	0	0	0	901.72	0	0	0	0	0	0	0	2002.84	0	0	0	0	0	0	0	0	0	0	0	0	0	0	476.76	0	0	0	0	0	0	0	0	543.55	0	0	0	0	0	0	0	0	0	0	0	0	0	0	0	0	0	0	0	0	0	0	0	0	0	0	0	0	0	0	0	0	0	0	0	0	0	0	0	0	0	0	0	0	0	0	0	0	0	0	0	0	982.64	0	0	0	0	0	0	0	0	0	0	0	0	0	0	0	0	0	0
Macrolide	Target alteration	Macrolide ermC	ermC	ermC	0	0	0	0	0	0	0	0	0	0	0	0	0	0	0	0	0	0	0	0	0	0	0	0	0	0	0	0	0	0	0	0	0	0	0	0	0	0	0	0	0	0	0	0	0	0	0	0	0	0	0	0	0	0	0	0	0	0	0	0	0	0	0	0	0	0	0	0	0	0	0	0	0	0	0	0	0	0	0	0	0	0	0	0	0	627.49	0	0	0	0	0	0	0	0	0	0	0	0	0	0	0	0	0	0	0	0	0	0	0	0	721	0	0	0	0	0	0	0	0	0	0	0	0	0	0	0	0	0	0	0	0	0	0	0	0	0	0	0	0	0	0	0	0	0	0	0	0	0	0	0	0	0	0	0	0	0	0	0	0
Macrolide	Target alteration	Macrolide ermG	ermG	ermG	0	0	0	0	0	0	0	0	0	0	0	0	0	0	0	1699.4	0	0	0	0	0	0	0	0	0	0	0	0	0	0	0	0	0	1279.2	0	0	889.3	0	0	0	0	0	0	0	0	0	0	0	0	0	0	0	0	0	424.56	0	0	0	0	0	0	0	0	0	0	0	0	0	1008.22	0	0	0	0	0	0	0	0	0	0	0	0	745	0	0	0	0	0	0	0	0	0	676.58	0	0	0	0	0	0	1826.35	0	0	0	0	0	0	0	0	0	894.01	0	0	0	0	0	0	0	0	0	0	0	0	477.77	0	0	0	0	0	0	0	0	0	0	0	0	0	0	0	0	0	0	0	0	0	0	0	0	0	0	0	0	0	0	0	0	676.58	1321.46	0	0	0
Macrolide	Target alteration	Macrolide ermQ	ermQ	ermQ	0	0	0	0	0	0	0	0	0	0	0	0	0	0	0	0	0	0	0	0	0	0	0	0	0	0	0	0	0	0	0	0	0	0	0	0	0	0	0	0	0	0	0	0	0	0	0	0	0	0	0	0	0	0	0	0	0	0	0	0	0	0	0	0	0	0	0	0	0	0	0	0	0	0	0	0	0	0	1701.73	0	0	0	0	0	0	0	0	0	0	0	0	0	0	0	0	0	0	0	1541.74	0	0	0	0	0	0	0	0	0	0	0	0	0	0	0	0	0	0	0	0	0	0	0	0	0	0	0	0	0	0	0	0	0	0	0	0	0	0	0	0	0	0	0	0	0	0	1674.92	0	0	0	0	0	0	0	0	0	0	0	0	0
MDR	Eflux pump	Efflux-pump evgA	evgA	evgA	0	0	0	0	935.63	0	0	0	0	0	1203.68	0	0	0	0	0	0	0	0	0	0	0	0	0	0	0	0	0	0	0	0	0	2560.35	0	0	0	0	0	0	0	0	0	0	0	0	0	0	0	0	0	0	0	0	0	0	0	0	0	0	0	0	0	0	1504.37	0	0	0	0	0	0	0	0	0	0	0	0	0	0	1027.55	0	0	0	0	0	0	791.42	0	0	0	0	0	0	466.12	0	0	0	0	0	0	0	0	0	0	0	0	0	0	0	0	0	0	703.26	0	0	0	0	0	0	0	0	0	0	0	0	0	0	0	0	0	0	0	0	0	0	0	0	0	0	0	0	0	0	0	0	0	0	0	0	0	0	0	0	0	0	0	0	0	2472.01	0
MDR	Eflux pump	Sensor-protein evgS	evgS	evgS	0	0	0	0	0	0	0	0	0	0	0	0	0	0	0	0	0	0	0	0	0	0	0	795.29	0	0	0	0	0	0	0	0	0	0	0	0	669.53	0	0	0	0	0	0	0	0	0	0	0	0	0	0	0	0	0	0	0	0	0	0	0	0	0	0	0	0	0	0	0	0	0	0	0	0	0	0	1117.58	0	0	4425.15	0	0	0	0	0	0	669.53	0	0	0	0	0	0	0	0	0	0	0	0	0	0	0	0	0	0	0	0	0	0	0	0	0	0	0	0	0	0	0	0	0	0	0	0	0	0	0	0	0	0	0	0	0	0	0	0	0	0	0	0	0	0	0	0	0	0	0	0	0	0	0	0	0	0	0	0	0	775.99	0	0	0
MDR	Eflux pump	MDR-regulator gadX	gadX	gadX	0	0	999.99	0	0	0	428.32	0	0	0	0	0	0	0	0	0	0	0	0	0	0	0	0	0	0	0	0	0	0	0	1221.66	0	1639.25	0	0	0	0	0	0	0	0	0	0	0	0	0	0	0	0	0	0	0	0	0	0	0	0	0	0	0	0	0	0	0	0	0	0	0	0	0	0	0	0	0	0	0	0	1218.74	3208.62	0	0	0	0	907.04	0	0	0	0	0	0	0	1117.23	0	0	0	0	0	0	0	0	0	0	0	0	0	0	0	0	0	0	0	1076.99	0	0	0	0	0	0	0	0	0	0	0	0	0	0	0	0	0	0	0	0	0	0	0	0	0	0	0	0	0	0	0	0	0	728.11	0	0	0	0	0	0	0	0	0	0	0	0	0
MDR	Eflux pump	H NS	H NS	H NS	0	0	0	0	0	0	0	0	0	0	0	0	0	0	0	0	0	0	0	0	0	0	0	0	419.83	0	0	0	0	0	0	0	0	0	0	0	0	0	0	0	0	0	0	0	0	0	0	0	0	0	0	0	0	0	0	0	0	0	0	0	0	1207.89	0	0	0	0	0	0	0	0	0	0	0	0	0	0	0	0	3782.69	0	0	0	0	0	0	0	0	0	0	0	0	0	0	0	0	0	0	0	0	0	0	0	0	0	0	0	0	0	0	0	0	0	0	0	0	0	0	692.84	0	0	0	0	0	0	0	0	0	0	0	0	0	0	0	0	0	0	0	0	0	0	0	0	0	0	0	0	0	0	0	0	0	0	0	1151.65	0	0	0	0	0
Macrolide	Inactivation	Macrolide l 2009 Branch	Macrolide l 2009 Branch	l 2009 Branch	0	0	0	0	0	0	0	947.39	0	0	0	0	0	0	0	0	0	0	0	0	0	0	0	0	0	0	0	0	0	0	0	0	0	0	0	0	0	0	0	0	0	0	0	0	0	0	0	0	0	0	0	0	0	0	0	0	0	0	0	0	0	0	0	0	0	0	0	0	0	0	0	0	0	0	0	0	0	0	0	0	0	0	0	0	0	0	0	0	0	0	0	0	0	0	0	0	0	0	0	0	0	0	0	0	0	0	0	0	0	0	0	0	0	0	0	0	0	0	0	0	0	0	0	0	0	0	0	0	0	0	0	0	0	0	0	0	0	0	0	0	0	0	0	0	0	0	0	0	0	0	0	0	0	0	0	0	0	0	0
Macrolide	Inactivation	Macrolide lnuC	Macrolide lnuC	lnuC	11747.47	11052.86	10251.75	15370.46	6658.84	10207.14	8622.94	8913.05	9917.78	7619.7	10341.03	12686.81	11860.87	6961.38	14264.44	15663.06	6410.65	7003.97	10727.08	8693.99	11081	6632.38	10508.67	10985.36	8650.26	13703.51	10240.59	8437.44	10301.95	10525.45	7943.42	10514.26	8377.54	8355.76	6043.22	7217.42	11131.67	9457.99	5714.9	9901.11	10324.28	6945.42	13957.63	10056.77	8388.42	8601.09	12179.09	11419.31	5938.75	10056.77	7900.16	7388.73	5476.66	15317.86	8236.14	6839.1	11374.13	9928.89	9551.95	3214.25	9612.81	13064.85	5616.34	7813.74	6210.85	13720.82	13917.17	14531.34	8024.6	11430.61	7916.38	13847.83	9226.33	8874.67	10034.52	9745.75	10251.75	11815.49	7340.5	9590.67	9182.28	11182.37	11097.89	12932.96	11906.27	9540.89	7921.79	6717.1	12641.07	5085.92	13842.05	5844.91	13242.86	15768.55	5907.45	9017.33	6315.91	12721.12	9116.26	9485.61	10430.4	7410.18	8421.1	7889.35	5559.38	5255.13	9408.29	17271.4	6153.17	19376.17	8863.71	8133	13928.73	7797.54	5342.58	6006.63	4678.71	6812.56	5761.66	10889.83	7388.73	9596.21	4876.68	6605.94	9066.78	17983.85	14438.44	8312.24	8301.36	6473.91	11980.09	4830.9	9684.79	18245.88	5419.88	11323.33	3666.49	7528.28	7458.47	3982.11	9657.1	8956.94	10553.43	6121.73	8508.31	7394.09	5959.62	14055.96	9740.2	14839.56	14496.5	11345.91	11024.73	3017.47	9303.47	9740.2	9834.49	8312.24	8852.75
Macrolide	NS	Macrolide m 2021 Branch	Macrolide 2021 Branch	m 2021 Branch	0	0	0	0	0	0	0	0	0	0	0	0	0	0	0	0	0	0	0	0	0	0	0	0	0	0	0	0	0	0	0	0	0	0	0	0	0	0	0	0	0	0	0	0	0	0	0	0	0	0	0	0	0	0	0	0	0	0	0	0	0	0	0	0	937.22	0	0	1214.53	995.35	0	0	0	0	0	0	0	0	425.13	0	971.34	0	0	0	0	0	0	0	0	0	0	1151.67	0	0	0	0	0	0	0	0	0	0	0	0	922.62	1115.51	0	0	0	0	0	0	0	0	0	0	0	0	0	0	0	0	0	0	0	0	0	851.4	0	1005.04	722.21	0	0	0	1117.27	533.44	0	0	0	0	0	0	0	0	0	0	0	0	0	0	0	0	0	0	0	0	1710.78	0	0	0
MDR	Eflux pump	MDR-Efflux-pump marA	marA	marA	0	0	0	0	1427.46	0	0	0	0	0	0	0	0	0	0	0	0	0	0	0	0	0	0	0	0	0	0	0	0	0	0	0	0	0	0	0	0	990.22	0	0	0	0	0	0	0	0	0	0	0	0	0	0	0	0	0	0	0	0	0	0	0	0	0	0	0	0	0	0	0	0	0	0	0	0	0	0	0	0	2177.9	0	0	0	0	0	0	0	0	0	0	0	0	0	0	527.92	0	0	0	0	0	0	0	0	0	0	0	0	0	0	0	0	0	0	0	0	0	0	0	0	0	0	0	0	0	0	0	0	0	0	0	0	0	0	0	0	0	0	2055.3	0	0	960.01	0	0	0	0	0	0	0	0	0	0	0	0	1524.22	0	1081.73	1524.22	0	0	0
MDR	Eflux pump	MDR-translocase mdfA	mdfA	mdfA	0	0	0	0	0	0	0	0	0	0	0	0	0	0	0	0	0	0	0	0	0	0	0	0	0	0	0	0	0	0	0	0	0	0	0	0	0	0	0	0	0	0	0	0	0	0	0	0	0	0	0	0	0	459.3	0	0	0	0	0	0	0	0	0	0	0	0	0	0	0	0	0	0	0	0	0	668.14	0	0	1717.05	0	0	0	0	0	0	0	0	0	0	0	0	0	0	0	0	0	0	0	0	0	0	0	0	0	0	0	0	0	0	0	0	0	570.62	0	0	0	0	1050.13	0	0	0	0	0	0	0	0	0	0	0	0	0	0	0	0	0	0	0	0	0	0	0	0	0	0	0	0	0	0	0	0	0	0	0	0	0	0	0	0	0
MDR	Eflux pump	MDR-Efflux-pump mdtA	mdtA	mdtA	0	0	0	0	0	0	792.08	0	0	0	0	0	0	0	0	0	677.09	0	0	0	0	0	0	0	0	0	0	0	0	0	0	0	0	0	0	0	0	0	0	0	0	0	0	0	0	0	0	0	0	0	0	0	0	695.31	0	0	0	0	0	0	0	0	0	0	0	0	0	0	0	0	0	0	0	0	0	0	0	0	2701.19	0	0	0	0	0	0	0	0	0	0	0	0	0	0	0	0	0	0	0	679.37	0	0	0	0	0	0	0	0	0	0	0	0	0	0	0	0	0	0	0	0	0	0	0	0	0	0	0	0	0	0	0	0	0	0	0	0	0	0	0	0	911.93	0	0	0	0	0	0	0	0	0	0	0	0	0	0	0	0	0	0	0
MDR	Eflux pump	MDR-Efflux-pump mdtB	mdtB	mdtB	0	0	0	0	0	0	0	0	0	0	0	0	0	0	0	0	0	0	0	0	0	0	0	0	806.86	0	0	0	0	0	0	0	0	0	0	0	0	0	0	0	0	0	0	0	0	0	0	0	0	0	0	0	0	0	0	0	0	0	0	0	0	0	0	967.72	0	0	0	0	0	0	0	0	0	0	0	856.51	0	0	2162.82	0	0	0	0	608.38	0	0	0	0	0	0	0	0	0	0	0	0	0	0	0	0	0	0	0	0	0	0	0	0	0	0	0	0	0	0	0	0	0	0	0	0	0	0	0	0	0	0	0	0	0	0	0	0	0	0	0	0	0	0	0	0	0	0	0	0	0	0	0	0	0	0	0	0	0	0	0	0	0	0	0
MDR	Eflux pump	MDR-Efflux-pump mdtC	mdtC	mdtC	0	0	0	0	0	0	0	0	0	0	0	0	0	0	0	0	0	0	0	0	0	0	0	0	0	0	0	0	0	0	0	0	0	0	0	0	0	0	0	0	0	0	0	0	0	0	0	0	0	0	0	0	0	751.92	0	0	0	0	0	0	0	0	0	0	0	0	0	0	0	0	0	0	0	0	0	0	0	0	2152.77	0	0	0	0	0	0	660.15	0	1535.8	0	0	0	0	0	0	0	0	0	0	0	0	0	0	0	0	0	0	0	0	0	0	0	0	0	0	0	0	0	0	0	0	0	0	0	0	0	0	0	0	0	0	0	0	0	0	0	0	0	0	0	0	0	0	0	0	0	0	0	0	0	0	0	0	0	0	0	0	0	0	0
MDR	Eflux pump	MDR-Efflux-pump mdtD	mdtD	mdtD	0	0	0	0	0	0	0	0	0	0	0	0	0	0	0	0	0	0	0	0	0	0	0	0	0	0	0	0	0	0	0	0	0	0	0	0	0	948.52	0	0	0	0	0	570.47	0	0	0	0	0	0	0	0	0	0	0	0	781.42	0	0	0	0	0	822.25	1448.9	0	0	0	0	0	0	0	0	0	0	0	1462.21	0	0	2995.05	0	0	0	0	0	0	0	0	635.09	0	0	0	0	0	0	0	0	0	0	0	0	0	0	0	0	0	0	0	0	0	0	0	0	0	0	0	0	0	0	0	0	0	0	0	0	0	0	0	0	0	0	1708.84	0	584.09	0	0	0	0	0	0	0	0	0	0	0	0	0	0	0	0	0	0	0	0	0	0	0	0	0	0
MDR	Eflux pump	MDR-Efflux-pump mdtE	mdtE	mdtE	0	0	0	0	0	480.24	531.01	0	0	0	0	0	0	0	0	0	1190.37	0	0	0	0	0	0	0	0	0	0	446.09	0	0	0	0	0	0	0	0	0	0	0	0	0	0	0	0	0	0	0	0	0	0	0	0	0	0	0	0	0	0	0	0	0	687.67	0	1068.21	0	0	0	0	0	0	0	0	0	0	0	0	0	0	2654.92	0	0	0	0	0	0	1311.66	0	1676.33	0	0	0	0	0	480.24	0	0	0	0	1266.64	0	0	0	0	0	0	0	0	0	0	0	0	0	0	537.99	0	0	0	0	0	0	0	0	0	0	0	0	0	0	0	0	0	0	412.35	0	0	0	549.66	0	0	1984.61	0	0	0	0	0	0	0	0	531.01	446.09	0	0	0	0	0	0	0	0	802.69
MDR	Eflux pump	Transporter-for-efflux-complex mdtF	mdtF	mdtF	0	0	0	0	0	0	0	0	0	0	0	0	0	0	0	0	0	0	0	0	0	0	0	0	1443.33	0	0	0	0	0	0	0	0	0	0	0	0	0	0	0	0	0	0	0	0	0	0	0	0	0	0	0	0	0	0	0	0	0	0	0	0	0	0	702.25	0	0	0	0	0	0	0	0	0	0	0	0	0	0	3823.36	0	0	0	0	791.17	0	0	0	0	0	0	0	0	0	0	0	0	0	0	0	0	0	0	0	0	0	0	0	0	0	0	0	0	0	0	0	0	0	0	0	0	0	0	0	0	0	0	0	0	0	0	0	0	0	0	0	0	0	0	0	0	0	0	0	0	0	0	0	0	0	0	0	959.47	0	0	0	0	0	0	0
MDR	Eflux pump	MDR-Efflux-pump mdtG	mdtG	mdtG	0	0	0	0	0	0	0	0	0	0	0	0	0	0	0	0	0	0	0	0	0	0	0	0	1736.18	0	0	0	0	0	0	0	0	0	0	0	0	0	0	0	0	0	873.53	1072.47	0	0	0	0	0	0	0	0	0	0	0	0	0	0	0	0	1025.7	0	0	0	0	0	0	0	0	0	0	0	0	0	0	0	0	0	2894.67	0	0	0	0	0	0	0	0	0	0	0	0	0	0	0	0	0	0	0	0	0	0	0	0	0	0	0	933.06	0	0	0	0	0	0	0	0	0	0	0	0	0	0	0	0	0	0	0	0	0	0	0	0	0	0	0	0	0	0	0	0	923.86	0	0	0	0	0	0	0	0	0	0	0	819.09	460.75	0	0	0	0	0	0
MDR	Eflux pump	MDR-protein mdtH	mdtH	mdtH	0	0	0	0	0	0	0	0	0	0	0	0	0	437.12	0	0	0	0	0	0	0	0	0	0	1105.05	0	0	0	0	0	0	0	0	0	0	0	0	0	0	0	514.11	0	415.49	0	0	0	0	0	0	0	0	0	0	0	0	922.9	0	0	0	0	0	838.46	0	657.14	0	0	0	0	0	0	0	0	0	0	0	0	0	0	3331.75	0	0	0	0	597.47	0	0	0	0	0	0	0	0	426.29	0	0	0	0	0	0	0	0	0	0	0	0	0	0	0	0	0	437.12	0	0	0	0	0	0	0	0	0	0	0	0	0	0	0	0	0	0	0	0	0	0	0	0	0	0	0	0	1107.55	0	0	0	0	0	0	0	0	0	0	0	0	0	0	0	0	0	592.92	0
MDR	Eflux pump	MDR-transporter mdtK	mdtK	mdtK	0	0	0	0	0	0	0	0	0	0	0	0	0	0	0	0	0	0	0	0	0	0	0	0	679.16	0	0	0	0	0	0	0	0	0	0	0	0	0	0	0	0	0	0	0	0	0	0	0	0	0	0	0	0	0	0	0	0	0	0	0	0	0	0	874.18	0	0	0	0	0	0	0	0	0	0	0	1505.25	0	701.37	1437.92	0	0	0	0	639.05	0	723.68	0	0	0	0	0	0	0	0	0	0	0	0	0	0	0	0	0	0	0	0	0	0	0	0	0	0	0	0	0	0	0	0	0	0	0	0	0	0	0	0	0	0	0	0	0	0	0	0	0	0	0	0	0	0	0	0	0	0	0	0	0	0	0	0	0	0	0	0	0	0	0	0	0
MDR	Eflux pump	MDR-protein mdtL	mdtL	mdtL	0	0	0	0	0	929.26	0	0	0	0	0	0	0	0	0	0	0	0	0	0	0	0	0	0	2067.12	0	0	0	0	0	0	0	516.29	0	0	0	0	951.26	0	0	0	0	0	0	0	0	0	0	0	0	494	0	0	0	0	0	0	0	0	0	0	0	0	0	0	0	0	0	0	0	0	0	0	0	0	438.98	0	0	1469.93	0	0	0	0	1152.41	0	0	0	0	0	0	0	0	0	0	0	0	0	0	0	0	664.57	0	449.9	0	0	0	0	0	0	0	0	0	0	0	572.65	0	0	428.1	0	0	0	0	0	0	0	0	0	0	0	0	0	0	0	0	0	0	0	0	0	0	0	0	0	0	0	0	0	0	0	0	0	0	1037.5	0	0	914.64	0	0	0
MDR	Eflux pump	MDR-protein mdtM	mdtM	mdtM	0	0	463.25	0	0	0	0	0	0	0	0	0	0	0	0	0	0	0	0	0	0	0	0	0	0	0	0	0	0	0	0	0	0	0	0	0	0	0	0	0	0	0	0	0	0	0	0	0	0	0	0	0	0	0	0	0	0	0	0	0	0	0	0	0	0	0	0	0	0	0	0	0	0	0	0	0	0	0	1795.99	0	0	0	0	0	0	0	0	0	0	0	0	0	0	0	0	0	0	0	0	0	0	0	0	0	0	0	0	0	0	0	0	0	0	0	0	0	0	0	0	0	0	0	0	0	0	0	0	0	0	0	0	0	0	0	0	0	0	0	0	0	0	0	0	0	0	527.6	0	0	0	0	0	0	0	0	0	0	0	0	0
MDR	Eflux pump	MDR-Efflux-pump mdtN	mdtN	mdtN	0	0	0	0	0	0	0	0	0	0	0	0	0	0	0	0	0	0	445.26	0	0	0	0	0	2083.58	0	0	0	0	0	0	0	0	0	0	0	0	0	0	445.26	0	0	0	0	0	0	0	0	0	0	0	0	0	0	0	0	0	470.66	0	0	0	0	0	0	0	0	0	0	0	0	0	0	0	0	0	0	0	0	3952.03	0	0	0	0	0	0	0	0	0	0	0	930.34	0	0	548.15	0	0	0	0	0	0	0	0	0	0	0	0	0	0	0	0	0	0	0	0	0	0	0	0	0	0	0	0	0	0	0	0	0	0	0	0	0	0	0	0	0	0	0	0	0	0	0	0	0	0	0	0	0	0	0	0	0	0	407.59	0	0	0	0	0	0
MDR	Eflux pump	MDR-Efflux-pump mdtO	mdtO	mdtO	0	0	0	0	0	0	0	0	0	0	0	0	0	0	0	0	0	0	0	0	0	0	0	0	1819.49	0	0	0	0	0	0	0	0	0	0	0	0	685.29	0	0	0	0	0	0	0	0	0	0	0	0	0	0	0	0	0	0	0	0	0	0	0	0	0	647.88	0	0	0	0	0	0	0	0	0	0	0	0	0	0	2579.85	0	0	0	0	0	0	765.37	0	0	0	0	0	0	0	0	0	0	0	0	0	0	0	0	0	0	0	0	0	0	0	0	0	1201.94	0	0	0	0	0	0	0	0	0	0	494.48	0	0	0	0	0	0	0	0	0	0	0	0	0	0	0	0	0	0	0	0	0	0	818.43	0	0	670.87	0	0	0	0	0	0	0	0	933.48	0
MDR	Eflux pump	MDR-Efflux-pump mdtP	mdtP	mdtP	0	0	0	0	0	0	0	0	0	0	557.96	0	757.69	0	0	0	1108.31	0	0	0	0	0	0	0	0	0	0	0	0	0	0	0	0	0	0	0	0	0	0	0	0	0	0	646.73	0	0	0	0	0	0	0	0	0	0	0	794.54	0	1018.41	0	0	0	0	0	557.96	0	0	0	0	0	0	0	0	0	0	0	757.69	0	0	2437.73	0	0	0	0	1363.91	0	597.17	0	727.18	0	0	0	0	0	782.23	0	0	0	0	0	0	0	0	0	0	0	0	0	1050.4	0	0	0	0	0	0	0	0	0	0	796.6	0	0	0	0	0	0	0	0	0	0	0	0	0	0	0	0	0	0	0	0	0	0	0	0	0	0	442.87	0	480.78	0	0	0	1063.23	0	0	0	0	0	0	0
Macrolide	Target protection	Macrolide mefA	mefA	mefA	8375.81	10920.66	11831.8	13370.71	5005.13	19073.69	11053.3	9241.29	5186.63	7868.3	6356.5	6208.49	6125.54	5811.87	11498.2	7751.83	5037.37	4871.96	9113.4	7261.2	6365.62	7571.66	10778.55	5078.54	7510.16	8301.94	5377.76	5787.03	7586.76	6471.74	7535.68	11309.39	9416.83	11036.41	4568.28	3919.93	7938.27	7694.83	4084.8	5163.2	6426.08	5445	10054.13	5277.07	5791.54	4858.67	7470.73	9229.44	4744.71	4552.88	8419.23	3984.92	2970.87	9502.35	8536.69	4571.58	5658.51	9568.92	4984.02	2772.29	6201.67	3932.92	6332.56	4250.39	4860.88	9919.17	8272.65	10247.92	5460.71	7071.88	5801.7	9025.88	5642.75	8584.89	5911.33	8371.12	9096.84	7903.28	3950.25	5857.05	7343.32	7727.4	8350.01	8869.98	14845.31	8312.49	6077.86	10021.86	12950.85	4658.61	11257.4	7297.04	7431.32	6534.59	5629.24	4518.79	4886.37	8493.21	7360.68	7490.44	8098.27	4065.23	4445.22	4676.26	10631.82	5335.22	5550.52	14983.27	5353.13	5947.54	11102.78	3910.19	9483.34	9457.2	5259.19	5750.92	7373.41	5575.25	4284.26	8321.87	6080.13	5172.13	5586.49	5091.89	7298.2	9202.19	6743.01	5097.46	6683.39	4629.95	5163.2	9182.06	8224.62	15483.92	6516.3	6313.2	7434.8	5040.71	7515.96	3940.5	3882.08	7321.33	6710.9	4602.41	4676.26	7637.87	3195.28	9114.58	6422.65	7367.62	8528.46	6964.76	7632.06	3634.34	6599.79	5635.99	10214.4	9272.1	6975.12
Macrolide	Target protection	Macrolide mel	mel	mel	0	0	0	0	0	0	0	0	0	0	0	0	0	0	0	0	0	0	0	0	0	0	0	0	0	0	0	0	0	0	0	0	0	0	0	0	0	0	0	0	0	0	0	0	0	0	0	0	0	0	0	0	0	0	0	0	0	0	0	0	0	0	0	0	0	0	0	0	0	0	0	0	0	0	0	0	0	0	0	0	1046.38	0	0	0	0	0	0	0	0	0	0	0	0	0	0	0	0	0	0	0	0	0	0	0	0	0	0	0	0	0	0	0	0	0	0	0	0	0	0	0	0	0	0	0	0	0	0	0	0	0	0	0	0	0	0	0	0	0	0	0	0	0	0	0	0	0	0	0	0	0	0	0	0	0	0	0	0	0	0
Macrolide	Target protection	Macrolide msrD	msrD	msrD	0	0	0	0	0	0	0	0	0	0	0	0	0	0	0	0	0	0	0	0	0	0	0	0	0	0	0	0	0	0	0	1113.88	0	0	0	0	0	0	0	0	0	0	0	0	0	0	0	0	0	0	0	0	0	0	0	0	0	0	0	0	0	0	0	0	0	0	0	0	0	0	0	0	0	0	0	0	0	0	0	0	0	0	0	0	0	0	0	0	0	0	0	0	0	0	0	0	0	0	0	0	0	0	0	0	0	0	0	0	0	0	0	0	0	0	0	0	0	0	0	0	0	0	0	0	0	0	0	0	0	0	0	0	0	0	0	0	0	0	0	0	0	0	0	0	0	0	0	0	0	0	0	0	0	0	0	0	0	0	0
Nitroimidazole	Inactivation	Nitroimidazole nimJ	nimJ	nimJ	0	0	0	0	0	0	0	0	0	0	0	0	0	0	0	0	0	0	0	0	0	0	0	0	0	0	0	0	0	0	0	0	0	0	0	0	0	0	0	0	0	0	0	0	0	0	0	0	0	0	0	0	0	0	0	0	0	0	0	0	0	0	0	0	0	0	0	0	0	0	0	0	0	0	0	0	0	0	0	0	0	0	0	0	0	0	0	0	0	0	0	0	0	0	0	0	0	0	0	0	0	0	0	0	0	0	0	0	0	0	0	0	0	0	0	0	0	0	0	0	0	0	0	0	0	0	0	0	0	0	0	0	0	0	0	0	0	0	0	0	0	0	0	529.35	0	0	0	0	0	0	0	0	0	0	0	0	0	0	0
Beta-lactam	Target alteration	Beta-lactam pbp2 Ecoli	PBP	pbp2	0	0	0	0	0	703.39	0	0	0	0	0	0	0	0	0	0	0	0	0	0	0	0	0	0	0	0	0	0	0	0	0	0	0	0	0	0	0	0	0	0	0	0	0	0	0	0	0	0	0	0	0	0	0	0	0	0	0	0	0	0	0	0	0	758.95	0	0	0	0	0	0	0	0	0	0	0	1744.52	0	554.94	5233.03	0	0	0	0	0	0	0	0	0	0	0	591.21	0	0	655.82	0	0	0	0	0	569.41	0	0	0	0	0	0	808.99	664.7	0	0	0	1263.55	0	0	0	0	0	0	0	0	0	0	0	0	0	0	0	0	0	0	591.21	0	0	0	0	0	0	0	0	0	613.13	0	0	0	0	0	0	0	0	0	0	504.72	0	0	0	620.46	0	0	0
Beta-lactam	Target alteration	Beta-lactam pbp4 Ecoli	PBP	pbp4	0	0	0	0	0	0	0	0	0	0	820.25	0	0	0	0	0	0	0	0	0	0	0	0	0	0	0	0	0	0	0	0	0	0	0	0	0	0	0	0	0	0	0	0	0	0	0	0	0	0	0	0	0	0	0	0	0	0	0	0	0	0	699.11	0	532.26	0	0	0	0	0	0	0	0	0	0	0	0	0	0	3722.53	0	0	0	0	0	0	0	0	0	0	0	0	0	0	0	0	0	0	0	0	0	0	0	0	0	0	0	0	0	0	0	0	646.91	0	0	0	0	0	0	0	0	0	0	720.16	0	0	0	0	0	0	0	0	0	0	0	0	0	0	0	0	0	0	0	0	0	0	0	0	0	0	0	0	0	0	0	0	0	0	0	0
MDR	Eflux pump	Repressor-of-efflux-complex phoP	phoP	phoP	0	0	0	0	0	0	0	0	0	0	0	0	0	0	0	0	453.91	0	0	0	0	0	0	0	0	0	0	0	0	0	0	0	0	0	0	0	0	0	0	0	0	0	0	0	0	0	0	0	0	0	0	0	0	0	0	0	0	0	0	0	0	0	0	0	0	0	0	0	0	0	0	0	0	0	0	0	0	468.34	1733.4	0	0	0	0	0	0	0	0	0	0	0	0	499.49	0	0	0	0	0	0	0	0	0	0	0	0	0	0	0	0	0	0	0	0	0	0	0	0	0	0	0	0	0	0	0	0	0	0	0	0	0	0	0	0	0	0	0	0	0	0	0	0	0	0	0	0	0	0	0	0	0	0	0	0	0	0	0	0	0	0	0
MDR	Eflux pump	Sensor-protein phoQ	phoQ	phoQ	0	0	0	0	0	0	0	0	0	0	0	0	0	0	0	0	718.55	0	0	0	0	0	0	0	0	0	0	0	0	0	0	0	0	0	0	0	0	0	0	0	0	0	0	0	0	0	0	0	0	0	0	0	0	0	0	0	0	0	0	0	0	514.15	0	0	0	0	0	0	0	0	0	0	0	0	0	0	0	0	3103.66	0	0	0	0	804.52	0	496.49	0	0	0	0	0	0	0	0	0	0	0	0	0	0	0	0	0	0	0	0	0	0	0	0	0	1008.5	0	0	0	0	0	0	0	0	0	0	0	0	0	0	0	0	0	0	0	0	0	0	0	0	0	0	0	0	0	0	0	0	0	0	0	0	0	0	0	0	0	0	0	0	0	0	0
Polymyxin	Target alteration	Involved-in-polymyxin-resistance pmrA	pmrA	pmrA	0	0	0	0	608.51	0	0	0	0	0	0	0	499.44	0	0	0	0	0	0	0	0	0	0	0	0	0	0	0	0	0	0	0	0	0	0	0	0	0	0	1145.5	0	0	0	570.2	0	0	0	0	0	0	0	0	0	0	0	0	0	0	0	0	0	0	0	0	0	0	0	0	0	0	0	0	0	0	0	1074.54	0	0	1961.74	0	421.11	0	0	567.82	0	0	0	0	0	0	0	0	0	0	0	0	0	0	0	0	0	0	0	0	0	0	0	0	0	0	0	0	0	0	0	0	0	0	476.19	0	0	0	0	0	0	0	0	0	0	0	0	0	0	0	0	0	0	0	0	0	0	0	0	0	0	0	0	0	0	0	0	0	881.04	0	0	0	0	0	0
Polymyxin	Target alteration	Involved-in-polymyxin-resistance pmrB	pmrB	pmrB	0	0	0	0	658.1	1475.61	0	0	0	0	0	0	0	0	0	0	0	0	0	0	0	0	0	0	0	0	0	0	0	0	0	0	0	0	0	0	0	0	0	0	0	0	0	859.77	0	0	0	0	0	0	0	0	0	0	0	0	0	0	0	0	0	0	0	0	0	0	0	0	0	0	0	0	0	0	0	0	0	0	2334.7	0	0	0	0	0	0	0	0	0	0	0	0	0	0	0	0	0	0	0	0	0	0	0	0	0	0	0	0	0	0	0	0	0	0	0	0	0	0	0	0	0	0	0	0	0	0	0	0	0	0	0	0	0	0	0	0	0	0	0	0	0	0	0	0	0	0	0	0	0	0	472.92	0	0	0	0	0	0	0	0	0
Polymyxin	Target alteration	Involved-in-polymyxin-resistance pmrC	pmrC	pmrC	0	0	0	0	0	0	0	0	0	0	0	0	0	0	0	0	508.14	0	0	0	0	0	459.93	0	732.06	0	0	0	0	0	0	0	0	0	0	0	0	0	0	0	0	0	0	0	0	0	0	0	0	0	0	0	0	0	0	0	0	884.36	0	0	0	0	0	0	0	0	0	0	0	0	0	0	0	0	0	0	0	0	3102.21	0	0	0	0	702.43	0	973.09	0	0	0	0	0	0	0	1363.61	0	0	0	0	0	0	0	0	0	0	0	0	0	0	0	0	0	619.45	0	0	1117.01	0	0	0	0	0	0	0	0	0	0	0	1419.46	0	0	0	0	0	0	0	0	0	0	603.35	0	461.47	0	490.96	0	0	0	760.2	0	0	0	0	0	0	0	0	0	0	0	0	0
Polymyxin	Target alteration	Involved-in-polymyxin-resistance pmrE	pmrE	pmrE	0	0	0	0	0	0	0	0	0	0	0	0	0	0	0	0	0	0	0	0	0	0	0	0	0	0	0	0	0	0	0	0	0	0	0	0	0	0	0	0	0	0	0	0	0	0	0	0	0	0	0	0	0	0	0	0	0	0	0	0	0	0	0	0	0	423.82	0	0	0	0	0	0	0	0	0	0	0	0	0	0	0	0	0	0	0	0	0	0	0	0	0	0	0	0	0	0	0	0	0	0	0	0	0	0	0	0	0	0	0	0	0	0	0	0	0	0	0	0	0	0	0	0	0	0	0	0	0	0	0	0	0	0	0	0	0	0	0	0	0	0	0	0	0	0	0	0	0	0	0	0	0	0	0	0	0	0	0	0	0
Polymyxin	Target alteration	Involved-in-polymyxin-resistance pmrF	pmrF	pmrF	0	0	0	0	0	0	0	0	0	0	0	0	0	0	0	0	0	0	0	0	0	0	0	0	901.27	0	0	780.69	0	535.55	0	0	0	0	0	0	0	0	0	0	0	0	0	0	611.42	0	0	0	0	0	0	0	0	0	0	0	0	0	0	0	0	466.21	0	0	0	0	0	0	0	0	0	0	0	535.55	0	0	0	0	3965.56	0	0	0	0	0	0	0	0	1393.97	0	0	0	0	0	0	0	0	0	0	0	0	0	0	0	0	0	0	0	0	0	0	0	1391.09	0	0	0	0	0	461.31	0	0	0	0	0	0	0	0	0	0	0	0	0	0	0	0	0	0	0	0	0	0	0	866.17	0	0	0	0	0	0	0	0	0	0	0	0	0	0	0	0	0
Aminoglycoside	Inactivation	Aminoglycoside sat 2182 Branch	sat 2182 Branch	sat 2182 Branch	0	0	0	0	0	0	2817.99	0	0	0	0	0	0	0	0	0	0	0	0	0	0	0	0	0	0	0	0	0	0	0	0	0	0	0	0	0	0	0	0	0	0	2873.6	0	0	0	0	0	0	0	0	946.79	0	0	0	0	0	0	0	0	0	0	0	0	0	0	0	0	0	0	0	0	0	0	0	0	0	0	0	0	0	0	0	0	0	0	0	0	0	0	0	0	0	0	0	0	0	0	0	0	0	0	0	0	0	0	0	0	0	0	0	0	0	0	0	0	0	0	0	0	0	0	0	0	0	0	0	0	0	0	0	0	0	0	0	0	0	0	0	0	0	0	0	0	0	0	1026.4	0	0	0	0	0	0	0	0	0	0	0	0	0
Tetracycline	NS	Tetracycline tet 2027 Branch	tet 2027 Branch	tet 2027 Branch	0	0	0	0	0	0	0	0	0	0	0	0	0	0	0	0	0	0	0	0	0	0	0	0	0	0	0	0	0	0	0	0	0	0	0	0	0	0	0	0	0	0	0	0	0	0	0	0	0	0	0	0	0	0	0	0	0	0	0	0	0	0	0	0	0	0	0	0	0	0	0	0	0	0	0	0	0	0	0	0	0	0	0	0	0	0	0	0	0	0	0	5403.52	0	0	2772.59	0	0	0	0	0	0	0	0	0	0	0	0	0	0	0	0	0	0	0	0	0	0	0	0	0	0	0	0	0	0	0	0	0	0	0	0	0	0	0	0	0	0	0	0	0	0	0	0	5448.84	0	0	0	0	0	0	0	0	0	0	0	0	0	0	0
Tetracycline	NS	Tetracycline tet 2105 Branch	tet 2105 Branch	tet 2105 Branch	0	0	0	0	0	0	0	0	0	0	0	0	0	0	0	0	0	0	0	0	0	0	0	0	0	0	0	0	0	0	0	0	0	0	0	0	0	0	0	0	0	0	0	0	0	0	0	0	0	0	0	0	0	0	0	0	0	0	0	0	0	0	0	0	0	0	0	0	0	0	0	0	590.2	0	0	0	0	0	0	0	0	0	0	0	0	0	0	0	0	0	0	0	0	0	0	0	0	0	0	0	0	0	0	0	0	0	0	0	0	0	0	0	0	0	0	0	0	0	0	0	0	0	0	0	0	0	0	0	0	0	0	0	0	0	0	0	0	0	0	0	0	0	0	0	0	0	0	0	0	0	0	0	0	0	0	0	0	0	0
Tetracycline	Target protection	Tetracycline tet 32	tet 32	tet 32	4062.54	7030.24	3488.68	4458.18	3578.47	2210.94	3505.47	2079.35	4593.28	6994.25	2559.93	2854.27	4804.83	2977.62	4000.42	2114.95	2250.26	1791.02	969.37	3180.87	5903.89	1450.67	5555.59	5923.25	2175.51	5565.69	3907.42	3418.29	1256.49	1513.73	4681.46	5164.33	5907.22	1763.12	3815.07	3601.55	5252.15	3800.96	4066.81	2168.53	8017.13	0	5814.14	1423.05	7089.94	3402.21	3014.07	3411.13	3774.43	4076.32	3745.48	4096.78	1643.03	2579.9	3143.38	5850.9	5800.93	4978.02	3116.24	4400.37	3858.9	1344.1	5427.45	2408.24	3223.3	4705.06	3083.26	3790.74	1066.83	3414	5722.97	4677.72	2613.93	2186.12	6093.41	2811.89	11943.59	6737.06	6083.05	4112.84	3387.18	1982.71	4620.22	5030.51	973.76	882.71	4239.76	3966.88	4001.77	2404.59	4579.35	0	4540.67	5096.46	0	3267.93	3700.55	5874.94	5469.84	962.23	5622.62	6933.67	5153.79	5412.74	8085.11	3673.02	3721.13	6239.22	4089.17	5875.97	9554.28	3632.27	5034.65	2290.84	3591.92	5665.84	6566.2	2532.55	4242.1	8530.43	4990.71	4435.81	5390.88	2655.43	6108.73	5146.94	3418.63	2481	5316.91	5245.66	918.3	5258.67	4747.75	3734.43	681.31	13789.49	3694.84	6330.17	4436.81	0	5802.4	3493.3	5514.05	0	3941.32	2272.16	6043.82	1312.54	4056.12	5856.49	5230.44	4840.32	3799.65	2151.79	5163.35	3508.08	5014.22	1929.87	3181.46
Tetracycline	Eflux pump	Tetracycline tet32	tet32	tet32	0	3597.94	2306.91	4806.25	4557.22	3754.23	0	4015.44	0	2231	2348.19	2608.54	2760.11	1501.84	3057.07	1696.97	2286.92	0	2064.31	3251.39	2370.94	0	2585.86	3197.6	2374.29	2694.35	2845.74	0	1930.91	2003.94	0	4432.46	1807.88	4658.73	1230.05	2472.66	3005.06	1398.57	1321.98	2869.4	2850.89	2567.97	2329.64	3349.68	0	2642.51	6240.49	3813.92	2077.64	2264.25	4453.48	4488.17	2035.39	3495.6	1716.69	3851.92	3593.1	1678	2680.99	1340.77	3198.28	0	2132.55	1093.99	2698.08	3455.89	0	1470.1	2374.21	1518.25	2479.49	3921.86	1309.81	2673.99	4489	1651.82	1860.79	3000.05	3631.72	3848.61	2516.65	3897.79	1317.64	4327.51	0	0	1888.2	2122.4	3381.82	0	1907.95	0	3354.09	3225.64	0	0	3842.32	1392.02	4232.86	3843.47	2758.99	0	2694.77	3335.56	0	2100.5	2880.98	1907.12	2150.95	0	1668.3	2310.03	2882.45	0	2485.64	2133.69	0	3244.59	1198.83	1336.17	1906.11	1136.88	2941.46	0	4511.06	4440.83	4271.66	2630.03	2542.32	2708.73	3126.88	3326.45	5725.24	1869.92	2481.27	4754.78	2855.14	1170.7	2738.33	0	2110.15	0	3612.53	0	2651.31	0	2927.56	3282.05	1071.4	2719.25	1059.37	3178.42	1684.45	0	1450.66	0	1973.18	0	1555.05
Tetracycline	Eflux pump	Tetracycline tet40	tet40	tet40	5545.83	9093.7	8580.96	8433.46	9351.3	14216.24	3535.35	7916.71	6201.03	10505.52	5204.43	2909.4	11398.12	8507.17	7714.43	7465.22	7333.99	3529.41	7818.31	13331.05	11559.39	8198.63	8942.38	11497.78	10639.18	7826.74	11070.49	4808.63	7047.34	8139.34	6086.24	6436.84	7630.32	8583.8	7888.58	5868.29	9162.31	4218.84	8085.73	9759.34	6712.3	4910.23	12831.42	7384.21	5009.88	4455.35	6527.59	12428.49	8094.19	8218.41	9070.84	7122.35	6097.16	9242.44	9704.63	14336.32	12404.83	8181.69	10270.6	9690.24	8023.71	9863.09	9308.31	7100.12	5475.66	12798.78	10470.68	8015.26	8583.8	10613.02	6778.6	10546.18	7490.38	7451.24	8945.23	7462.42	12428.49	6357.07	14159.24	8371.14	9489.01	9193.78	9793.91	10807.99	8413.63	10583.95	7647.14	8311.71	5990.77	8113.94	7554.71	5632.33	11029.61	11932.7	4761.42	4609.8	8464.64	7345.14	7459.63	6941.92	9672.97	6820.08	4974.18	9196.64	9299.72	5741.98	6977.96	8848.31	7568.71	7574.31	9379.97	8734.43	9750.7	15146.63	4010.32	10517.13	9033.71	5505.16	7019.58	11859.11	5594.47	8065.99	8385.3	4305.22	9099.42	12183.27	9374.24	12455.11	11213.7	9799.67	9943.87	10915.82	10316.96	9210.95	6233.87	22041.24	6886.51	10276.39	6143.6	3715.43	9802.55	8255.15	8450.46	8283.42	4237.15	5851.98	7019.58	12748.35	7468.01	10143.24	8303.22	10880.83	8204.28	4486.35	8300.39	8427.79	10241.64	6434.09	10250.33
Tetracycline	Target protection	Tetracycline tet44	tet44	tet44	4401.86	3112.15	5026.32	2222.44	2013.42	2668.29	2461.91	2755.8	4055.06	3007.4	1009.29	3136.79	2689.34	3266.79	2838.33	1644.91	2896.69	1839.14	1124.33	0	1941.25	0	1164.28	1547.81	0	4310.71	0	833.45	0	1839.14	2592.64	2653.56	3472.09	2849.99	2843.63	2604.18	3602.45	1374.31	2279.2	860.92	4573.61	3813.23	3646.03	3176.48	0	1815.98	1519.21	4642.95	1153.8	5425.38	2554.91	1048.71	2082.82	1980.86	2559.1	825.23	1917.94	2706.2	4608.26	1352.92	1114.84	2940.28	1389.89	2500.52	3034.08	0	0	0	2208.02	3261.41	719.36	4506.61	0	2115.58	2508.88	3277.56	2076.69	3012.73	4018.68	1305.44	1540.9	3133.58	4122.4	1512.32	2975.42	2767.42	2586.35	1362.64	4287.4	1776.79	3251.72	892.19	2084.87	1487.73	0	3370.34	1851.24	2281.26	3902.08	0	4348.48	1206.32	3359.54	1589.33	2133	2476.51	2518.29	4516.65	1267.79	4040.73	2877.57	0	2990.34	1669.79	809.73	2845.75	2835.15	2369.31	2785.39	853.58	894.04	2339.23	1946.33	0	3854.88	3416.84	1244.7	3454.75	2704.1	2582.15	3155.02	3253.87	1549.78	2994.6	2981.81	2533.97	1616.1	1346.12	4435.26	1525.12	2911.56	1208.24	3488.35	1158.56	2546.53	0	0	1028.98	1013.97	3022.34	1369.44	2904.12	2456.69	2805.49	3631.86	1460.25	1659.83	3149.66	3974.64
Tetracycline	Eflux pump	Tetracycline tetAP	tetAP	tetAP	2312.73	0	1387.13	0	0	0	0	0	0	0	630.06	1863.89	1191.32	0	0	0	0	1232.86	959.19	0	0	965.7	0	0	573.93	0	0	0	0	0	1119.41	0	0	0	0	0	0	660.86	0	0	0	1690.93	644.82	844.48	0	0	0	2707.18	0	0	572.72	0	5030.07	0	1044.15	725.55	1920.58	0	0	0	0	3496.33	0	1002.21	0	0	0	630.06	0	704.31	0	821.52	832.99	0	0	0	0	0	3128.14	0	0	0	0	0	1286.72	1614.28	0	0	1000.9	0	1770.83	961.79	0	0	0	0	667.04	0	0	0	0	0	0	0	0	0	0	0	0	0	0	0	0	0	0	0	2655.44	667.04	684.4	605.56	0	0	0	0	0	0	0	0	630.06	0	0	0	0	0	605.56	922.9	844.48	0	0	1342.23	1827.16	0	0	0	0	0	0	1511.87	0	0	0	0	0	0	0	0	0	0	1362.62
Tetracycline	Target protection	Tetracycline tetBP	tetBP	tetBP	0	0	1336.08	0	0	0	0	691.49	0	0	1599.26	0	0	1302.53	0	0	1099.94	0	0	0	0	1525.64	0	0	890.25	593.13	0	0	0	0	0	0	0	0	0	0	892.61	683.5	0	0	1843.3	732.76	1783.83	713.23	0	0	0	3533.31	0	0	0	0	3506.74	0	849.03	0	0	0	0	0	0	2321.71	1807.07	832.62	0	0	0	643.75	0	0	1131.57	708.65	0	0	0	1468.82	947.18	0	0	0	514.49	0	0	0	493.71	1483.95	0	880.81	0	0	1232.05	0	0	537.59	0	0	0	0	1236.98	0	0	0	0	666.42	0	0	0	0	1414.78	750.06	0	0	0	0	0	0	1085.38	0	0	0	0	0	0	0	1528.17	655.07	0	0	841.99	0	1796.74	0	0	0	532.07	535.38	0	0	0	1126.7	1525.64	0	0	1883.51	0	0	0	706.36	609.94	0	0	0	0	781.32	0	0	0	851.38	696.06
Tetracycline	Eflux pump	Tetracycline tetD	tetD	tetD	0	0	0	0	0	0	0	0	0	0	0	0	0	0	0	0	0	0	0	0	0	0	0	0	0	0	0	0	0	0	0	0	0	0	0	0	0	0	0	0	0	0	0	0	0	0	0	0	0	0	0	0	0	0	0	0	0	0	0	0	0	0	0	0	0	0	0	0	0	0	0	0	0	0	0	0	0	0	0	0	0	0	0	743.62	0	0	0	0	0	0	0	0	0	0	0	0	0	0	0	0	0	0	0	0	0	0	0	0	0	0	0	0	0	0	0	0	0	0	0	0	0	0	0	0	0	0	0	0	0	0	0	0	0	0	0	0	0	0	0	0	0	0	0	0	0	0	0	0	0	0	0	0	0	0	0	0	0	0	0
Tetracycline	Eflux pump	Tetracycline tetL	tetL	tetL	0	0	0	0	0	0	0	0	0	0	0	0	0	0	0	0	0	0	0	0	0	0	0	0	0	0	0	0	0	0	0	0	0	0	0	0	0	0	0	0	0	0	0	0	1118.98	0	0	0	0	0	0	0	0	0	0	0	0	0	0	0	0	0	0	0	0	0	0	0	0	0	0	0	0	0	0	0	0	0	0	0	0	0	0	0	0	0	0	0	0	0	0	0	0	0	0	1578.32	0	0	0	0	0	0	0	0	0	0	0	0	0	0	0	654.08	0	0	0	0	0	0	0	0	0	0	0	0	0	0	0	0	0	0	0	0	0	0	0	0	0	0	0	0	0	0	0	0	0	0	0	0	0	0	0	0	0	0	0	0	0	0	0
Tetracycline	Target protection	Tetracycline tetO	tetO	tetO	14234.65	11104.13	17632.18	10574.39	14159.12	15867.35	9495.63	12162.25	6822.49	9154.15	15131.32	12289.55	12337.28	15599.73	8716.66	9923.41	7145.34	11465.99	9356.31	6901.18	10353.3	6618.34	7377.63	9459.96	21426.47	8770.69	13031.95	14421.82	7566.86	14342.76	11571.64	9207.27	9292.48	8417.52	8667.72	7556.63	14304.85	10330.39	8204.85	8664.03	12576.51	7871.85	10608.74	5630.5	7276.02	7781.88	7704.65	12822.37	7873.85	5580.83	14792.45	7570.58	8816.77	7898.76	10491	11091.79	8013.73	9143.1	7597.79	6697.27	9206.81	10029.72	8904.98	9564	8288.23	9102.77	14058.85	7545.39	10062.3	10188.07	5157.82	12880.48	9663.45	10665.21	9661.4	12727.44	8918.07	10670.14	13078.8	6973.22	7686.62	6113.52	8405.67	10029.72	8689.81	11430.44	8671.68	14665.81	9490.21	11158.57	11969.78	10882.15	12585.81	11795.07	9992.64	9911.11	8065.18	11389.76	10398.6	7421.73	8764.38	9899.24	7284.51	9646.28	8710.82	7529.2	9693.96	8003.78	9173.99	11797.47	6325.51	7890.28	11461.93	12308.19	7690.06	8902.79	11824.87	10707.14	9555.79	11479.64	7911.38	9047.65	9471.29	5836.26	11934.83	14261.88	6974.2	10734.23	11208.03	9226.46	13085.27	9893.63	10435.31	11918.88	9147.38	13780.13	9000.45	6979.61	10081.91	3981.77	13085.27	6457.11	10264.36	10152.93	6901.55	8175.67	6640.54	15180.03	7601.27	10603.02	9731.04	12465.83	19742.2	3748.09	7904.88	8679.93	8588.03	5622.08	11171.78
Tetracycline	Target protection	Tetracycline tetQ	tetQ	tetQ	5650.64	14649.75	9247.04	7551.03	9721.4	9607.72	9837.09	8300.14	8793.55	7209.98	7241.66	7682.97	12437.89	10641.18	6884.98	13541.88	7500.13	9272.09	12815.73	11099.34	12805.2	8855.42	10754.13	6398.62	5732.77	15629.93	14415.12	6094.54	6437.97	9719.54	10296.48	12773.59	9428.14	8653.34	10953.96	9329.65	10714.59	8789.85	9541.61	7532.85	15873.22	2739.25	12598.46	3859.53	8696.67	9863.23	10987.93	10343.38	10442.87	14544.99	11587.81	12037.35	5839.82	10780.5	8992.25	10027.71	13663.28	6073.2	16111.96	8183.66	13422.52	980.45	16455.01	3633.92	13196.58	11660.88	7136.72	7706.65	3831.57	13670.99	9394.68	21876.25	11125.79	13913.14	14761.38	5574.79	14127.65	12243.18	7533.75	11814.75	6125.68	5699.2	14939.18	9456.03	7146.67	6857.06	12754.44	13197.54	10333.06	10514.25	8570.43	8176.33	10705.17	8492.19	7387.56	4324.41	11671.32	7190.08	17036.78	8088.39	16640.53	11482.56	10456.01	11810.95	16210.88	7977.7	10828.55	7121.36	12223.16	11946.93	15782.31	13817.58	6075.87	7837.04	12037.35	9988.43	9508.11	8256.1	11440.87	9666.41	8380.03	10594.15	9385.39	7415.69	16606.16	17457.58	8192.83	15497.2	15224.28	10620.49	13887.07	18513.21	9237.76	10005.26	5593.3	18374.38	11340.48	7888.16	7040.97	2186.64	8137.84	7516.49	16128.61	9567.68	11167.38	7542.84	11015.3	7481.96	9069.08	23200.8	10930.38	12159.28	4232.7	5799.1	11386.87	14851.72	10447.56	3896.85	4455.91
Tetracycline	Target protection	Tetracycline tetW	tetW	tetW	22261.93	30689.9	38701.97	39424.63	30424.54	34428.64	24154.04	24728.32	21276.5	26394.25	23977.04	16865.14	30599.41	24508.39	39451.79	19666.83	22444.75	27107.99	16801.25	32195.49	32849.31	22515.1	23953.45	39992.74	29242.66	36638.16	27990.95	14344.33	26693.12	20351.08	33857.22	23309.11	34254.32	25299.11	18194.77	36261.91	26195.57	32406.43	20904.7	21027.01	33814.61	37426.1	33336.51	29199.42	20705.66	21881.53	26164.65	41866.35	16279.62	29300.33	33225.89	18946.75	15057.12	25912.67	31453.36	21271.83	22035.96	36435.9	30269.04	16296.68	22023.08	45521.96	30061.82	17892.74	13713.23	41243.86	28255.5	27631	23909.82	27984.96	18401.77	16524.29	24514.3	27394.46	30577.7	37975.6	33511.62	22106.19	31323.99	27677.61	28220.77	22130.77	31701.37	37749.32	20313.91	27109.19	29195.81	18240.75	18841.79	23508.01	21657.08	21445.7	36208.01	41381.43	14679.48	40949.03	27868.92	44511.64	26600.21	31140.28	29576.81	27124.7	39780.23	29175.4	34522.54	21166.88	34170.23	36898.19	22019.57	21723.69	34072.77	15518.3	31812.73	27956.25	12891.36	32872.38	28872.86	28075.91	27511.51	25865.15	23625.78	33602.85	31488.44	24838.36	39776.53	51101.16	34870.28	22217.42	44351.98	35244	21110.92	26650.23	49155.87	34249.44	20813.89	28393.25	28750.49	20888.4	26490.66	26873.06	32609	15723.32	32331.25	15419.85	27141.4	19132.6	20417.3	26319.28	23492.7	28103.44	26482.33	35552.03	30144.93	21190.2	28514.28	21689.8	20172.27	26117.09	26646.66
Tetracycline	Inactivation	Tetracycline tetX	tetX	tetX	0	589.39	0	0	0	1682.4	0	0	0	0	0	0	0	0	588.37	2291.05	0	0	542.8	547.07	0	0	0	0	0	0	0	0	0	0	0	0	0	0	955.3	0	0	0	815.54	2644.94	0	0	3147.17	0	0	0	2558.98	1506.37	0	896.17	659.19	0	0	0	0	0	0	0	812.35	891.51	0	0	2983.22	0	2507.56	2478.24	525.72	0	0	0	0	516.12	0	0	0	0	0	1283.81	0	1534.01	0	0	2601.92	0	0	0	0	0	0	0	0	0	0	0	0	0	1501.77	0	809.23	0	0	700.72	722.66	3418.35	1275.23	1458.16	0	0	0	1224.67	1090.02	0	0	0	0	0	0	1623.08	1638.17	0	0	0	0	0	0	1676.57	1058.05	0	950.7	0	0	0	0	0	0	614.93	2055.43	0	784.77	0	0	0	0	1172.13	1923.38	0	712.18	0	865.73	3080.72	0	0	0	0	0	3554.24	876.46	0	0
MDR	Eflux pump	MDR-Efflux-complex tolC	tolC	tolC	509.59	0	0	0	0	0	0	0	0	0	0	0	0	0	0	0	0	0	0	0	0	0	0	0	0	0	0	0	0	0	0	0	0	0	0	0	0	0	0	0	0	0	0	670.96	0	0	0	0	0	0	0	962.04	0	0	0	0	0	448.72	0	0	0	0	0	0	0	0	0	0	0	0	0	0	0	683.77	0	3078.82	0	0	2343.22	0	469.46	0	0	0	0	1306.11	0	689.27	0	0	0	0	0	0	0	0	0	0	0	0	0	0	0	0	0	0	809.96	0	0	0	0	0	0	0	0	0	0	0	0	0	0	0	0	0	0	0	0	0	0	0	0	0	0	0	0	0	0	0	0	0	0	0	0	0	0	0	0	0	0	0	0	0	0	0	0	0	0	0	819.35
Beta-lactam	Inactivation	Bacteroides vulgatus GI 33413459	blaCFXA	cfxA 33413459	3317.94	14607.31	2394.26	10235.07	9763.93	14451.9	13650.04	9096.08	5713.51	10086.68	5951.21	2861.67	21289.33	8198.28	11541.79	19447.49	0	6076.85	4342.13	7676.19	4462.33	10154.1	8001.95	1595.6	6979.01	8526.89	18105.37	7236.17	1341.93	15572.61	5601.4	12340.85	5440.01	13902.63	12119.73	3260.36	2449.22	9415.86	7442.8	8487.37	7572.34	1105.7	10100.16	6991.84	5564.09	7884.47	12105.93	7728.19	7249.06	8368.94	12895.88	3654.8	1321.96	11981.8	11336.28	6735.92	3795.57	7017.51	4174.66	10046.26	6710.4	0	6672.14	6519.42	8619.21	11541.79	10235.07	11008.47	5850.96	4126.99	7988.89	12590.23	7146.02	12202.59	9978.95	2682.11	13565.97	5626.28	3795.57	8698.45	6190.24	5477.19	16358.94	12174.97	4619.29	6177.63	9189.2	9938.58	6354.54	9016.36	6850.92	5440.01	15929.43	6787	10967.58	2670.95	9871.36	7004.67	8658.82	14791.25	7663.2	11254.21	8672.03	8751.33	10127.13	11500.65	9135.97	6392.54	10681.93	14226.23	9109.37	12382.37	14932.93	6430.57	7754.21	10167.59	18585.42	10208.07	12382.37	9042.92	6303.92	10221.57	5813.43	3748.56	7637.23	6354.54	8513.71	8303.25	5738.47	7197.52	7624.24	9069.5	7455.74	462.82	2230.56	7197.52	7429.86	13300.21	7533.45	1961.92	7910.56	5008.89	10722.68	12756.83	6039.12	9229.14	7949.71	4043.75	2895.53	15074.79	4126.99	8198.28	9656.65	0	5514.41	3020.2	3549.74	4801.35	4162.73
Tetracycline	Eflux pump	Enterococcus faecalis GENE tetL	tetL	tetL-Ef	0	0	0	0	0	0	0	0	0	0	0	0	0	0	0	0	0	0	0	0	0	0	0	0	0	0	0	0	0	0	0	0	0	0	0	0	1723.67	0	0	0	0	0	0	0	5168.13	1257.63	0	0	0	0	1869.86	0	0	0	0	0	0	0	0	1278.5	0	0	0	0	0	0	0	0	661.79	0	0	0	0	0	0	0	0	0	0	1987.97	0	0	0	0	0	0	0	0	0	0	0	0	0	0	0	2824.54	0	0	0	0	0	0	0	0	0	0	0	0	0	0	0	0	838.65	0	0	0	0	0	0	0	0	0	0	0	0	0	0	0	0	0	0	0	0	0	0	0	929.05	0	0	0	0	0	0	0	0	0	0	0	0	0	0	0	0	0	1888.25	0	0	0	0
Aminoglycoside	Inactivation	Enterococcus faecium GENE aadE	aadD	aadE	0	0	0	0	0	0	0	0	0	0	0	0	0	0	0	0	0	0	0	0	0	0	0	0	0	0	0	0	0	0	0	0	0	0	0	0	0	0	0	0	0	0	825.06	0	0	0	0	0	0	0	0	0	0	0	0	0	0	0	0	0	0	0	0	0	0	0	0	0	0	0	0	0	0	0	0	0	0	0	0	0	0	0	0	0	0	0	0	0	0	0	0	0	0	0	0	0	0	0	0	0	0	0	0	0	0	0	0	0	0	0	0	0	0	0	0	0	0	0	0	0	0	0	0	0	0	0	0	0	0	0	0	0	0	0	0	0	0	0	0	0	0	0	0	0	0	0	0	0	0	0	0	0	0	0	0	0	0	0	0
Beta-lactam	Target protection	Escherichia coli GENE blc	blc	blc	0	0	0	2643.53	0	0	0	0	0	835.45	0	0	0	0	0	0	0	0	0	0	0	0	0	0	0	394.34	0	0	0	0	0	0	0	394.34	0	0	0	373.18	570.26	0	0	0	0	0	0	0	0	0	0	948.98	0	0	0	0	0	0	0	0	0	0	0	0	0	0	0	331.5	0	0	861.49	0	0	0	0	0	0	0	0	0	0	0	2582.9	0	0	0	0	0	0	0	0	0	441.59	0	755.95	0	0	0	415.7	0	0	0	0	1410.23	0	0	980.83	0	0	0	615.86	0	0	0	919.95	0	0	0	0	0	0	0	662.03	0	0	0	0	0	0	965.9	0	0	0	0	0	0	0	0	662.03	0	0	0	0	0	0	1629.11	0	0	0	0	0	0	0	0	0	0	0	0	0	0	0
Beta-lactam	Inactivation	Escherichia coli GENE cmy-13	blaCMY	cmy-13	0	0	0	0	0	0	0	0	0	0	0	0	0	0	0	0	0	0	0	0	0	0	0	0	0	0	0	0	0	1145.76	0	0	0	0	0	0	760.93	0	0	0	1049.43	0	0	0	0	0	0	0	0	746.13	0	0	0	0	0	0	0	0	0	0	0	0	0	0	0	0	0	0	0	0	0	0	0	529.88	0	0	0	0	0	0	0	0	0	0	0	0	0	0	0	0	0	0	0	0	0	0	1198.32	0	0	0	0	0	0	0	1208.87	0	0	0	0	0	0	520.54	830.52	0	0	0	0	0	0	0	0	0	0	0	0	0	0	553.34	0	0	0	0	0	0	0	0	0	0	0	0	0	0	0	0	0	0	0	0	0	0	0	0	0	0	0	0	0	0	0
MDR	Eflux pump	Escherichia coli GENE sugE	sugE	sugE	0	0	0	3549.74	0	0	0	0	0	803.98	0	0	0	0	0	0	0	0	0	0	0	0	0	0	0	0	0	0	0	0	0	0	0	1751.1	0	0	0	1493.27	722.33	0	0	0	0	0	0	1740.66	0	0	0	1493.27	0	0	0	0	0	0	0	0	0	0	0	0	0	0	0	0	0	0	1626.51	0	0	0	0	0	0	1813.94	0	0	0	0	0	0	767.5	0	0	0	0	0	0	0	0	2068.72	0	0	0	0	0	0	0	0	0	0	0	0	0	0	0	0	952.76	0	0	0	0	0	0	0	0	0	0	0	0	0	0	0	0	0	0	0	0	0	0	0	0	0	0	0	0	0	0	0	0	0	0	0	0	0	0	0	0	0	0	0	0	0	0	0	1392.08	0	0
Beta-lactam	Target protection	Escherichia coli GI 3334641	blc	blc 3334641	0	0	0	2423.99	0	0	0	0	0	1581.53	0	0	0	0	0	0	0	0	0	0	0	0	0	0	0	0	0	0	0	0	0	0	0	0	0	0	0	0	0	0	0	0	0	0	0	0	0	0	0	2703.29	0	0	0	0	0	0	0	0	0	0	0	0	0	0	0	0	0	0	0	0	0	0	0	0	0	0	0	0	0	0	2760.06	0	0	0	0	0	0	0	0	0	0	0	0	0	0	0	0	0	0	0	0	2364.95	0	0	1883.37	0	0	0	0	0	0	0	0	0	0	0	0	0	0	0	0	0	0	0	0	0	0	3540.91	0	0	0	0	0	0	0	0	0	0	0	0	0	0	0	0	0	0	0	0	0	0	0	0	0	0	0	0	0	0	0
Beta-lactam	Inactivation	Parabacteroides distasonis GI 32395282	blaCFXA	cfxA 32395282	0	7805.87	0	4932.79	3426.14	3438.05	6093.48	2574.63	6509.49	1584.09	337.18	2908.46	9132.36	5476.93	5083.82	6457.28	1385.69	3354.8	2303.3	0	353.22	3414.23	6392.1	2862.05	4335.43	2427.08	13445.79	0	0	3907.19	410.51	7339.2	5146.95	5579.04	5912.7	773.81	573.59	4582.98	5719.87	3773.97	3048.37	0	460.88	2551.85	3786.06	7021.51	6301.01	3943.64	5387.8	3130.43	6158.23	1873.09	0	12074.09	402.22	1894.8	1700.88	609.17	7379.04	896.85	2091.95	0	5438.71	745.88	5476.93	8533.33	3725.7	6015.91	887.27	2169.44	3071.78	8968.45	609.17	4224.7	5260.84	3165.7	7805.87	4126.62	564.76	3701.6	887.27	0	3414.23	2325.73	1303.5	2723.51	0	5438.71	5977.18	6509.49	2666.1	427.17	6119.37	4545.72	4970.49	2954.99	2236.21	0	4970.49	6197.12	4707.49	4236.98	5476.93	3283.7	6366.05	6942.39	3822.34	2213.92	5668.6	6968.75	4065.49	9023.04	7219.84	1283.09	4126.62	4870.06	5835.46	4335.43	3569.46	0	3593.44	3798.15	337.18	0	5008.23	868.17	792.52	830.19	7061.11	1754.41	5400.52	2047.88	4995.64	5071.21	3509.64	3201.03	6067.61	5146.95	896.85	0	609.17	0	8723.34	5745.53	4200.14	393.97	3858.67	4347.76	0	8886.65	4995.64	7685.5	2735.01	2815.75	2666.1	1334.22	3354.8	1765.14	2191.67
Tetracycline	Eflux pump	Salmonella Typhimurium GENE tetA	tetA	tetA	0	0	0	0	0	0	0	0	0	0	0	0	0	0	0	0	0	0	0	0	0	0	0	0	0	0	0	0	0	0	0	0	0	0	0	0	0	0	0	0	0	0	0	0	0	0	0	0	0	0	0	0	0	0	0	0	0	436.49	0	0	0	0	0	0	0	0	0	0	0	0	0	0	0	0	0	0	0	0	0	0	0	0	0	0	0	0	0	0	0	0	0	0	0	0	0	0	0	0	0	0	0	0	0	0	0	0	0	0	0	0	0	0	0	0	0	0	0	0	0	0	0	0	0	0	0	0	0	0	0	0	0	0	0	0	0	0	0	0	0	0	0	0	0	0	0	0	0	0	0	0	0	0	0	0	0	0	0	0	0