Family,Genus,1.1_MSU977,12.1_MSU977,13.1_MSU977,14.1_MSU977,15.1_MSU977,17.1_MSU977,22.1_MSU977,23.1_MSU977,24.1_MSU977,26.1_MSU977,28.1_MSU977,31.1_MSU977,32.1_MSU977,33.1_MSU977,35.1_MSU977,37.1_MSU977,39.1_MSU977,4.1_MSU977,5.1_MSU977,9.1_MSU977,10.1_MSU977,11.1_MSU977,16.1_MSU977,18.1_MSU977,19.1_MSU977,2.1_MSU977,20.1_MSU977,21.1_MSU977,25.1_MSU977,29.1r_MSU997,3.1_MSU977,30.1_MSU977,34.1_MSU977,36.1_MSU977,38.1_MSU977,40.1_MSU977,41.1_MSU977,6.1_MSU977,7.1_MSU977,8.1_MSU977,1.2_MSU977,12.2_MSU977,13.2_MSU977,14.2_MSU977,15.2_MSU977,17.2_MSU977,22.2_MSU977,23.2_MSU977,24.2_MSU977,26.2_MSU977,28.2_MSU977,31.2_MSU977,32.2_MSU977,33.2_MSU977,35.2_MSU977,37.2_MSU977,39.2_MSU977,4.2_MSU977,5.2_MSU977,9.2_MSU977,10.2_MSU977,11.2_MSU977,16.2_MSU977,18.2_MSU977,19.2_MSU977,2.2_MSU977,20.2_MSU977,21.2_MSU977,25.2_MSU977,29.2_MSU977,3.2_MSU977,30.2_MSU977,34.2_MSU977,36.2_MSU977,38.2_MSU977,40.2_MSU977,41.2_MSU977,6.2_MSU977,7.2_MSU977,8.2_MSU977,1.5_MSU977,12.5_MSU977,13.5_MSU977,14.5_MSU977,15.5_MSU977,17.5_MSU977,22.5_MSU977,23.5_MSU977,24.5_MSU977,26.5_MSU977,28.5_MSU977,31.5_MSU977,32.5_MSU977,33.5_MSU977,35.5_MSU977,37.5_MSU977,39.5_MSU977,4.5_MSU977,5.5_MSU977,9.5_MSU977,10.5_MSU977,11.5_MSU977,16.5_MSU977,18.5_MSU977,19.5_MSU977,2.5_MSU977,20.5_MSU977,21.5_MSU977,25.5_MSU977,29.5_MSU977,3.5_MSU977,30.5_MSU977,34.5_MSU977,36.5_MSU977,38.5_MSU977,40.5_MSU977,41.5_MSU977,6.5_MSU977,7.5_MSU977,8.5_MSU977,1.7_MSU977,12.7_MSU977,13.7_MSU977,14.7_MSU977,15.7_MSU977,17.7_MSU977,22.7_MSU977,23.7_MSU977,24.7_MSU977,26.7_MSU977,28.7_MSU977,31.7_MSU977,32.7_MSU977,33.7_MSU977,35.7_MSU977,37.7_MSU977,39.7_MSU977,4.7_MSU977,5.7_MSU977,9.7_MSU977,10.7_MSU977,11.7_MSU977,16.7_MSU977,18.7_MSU977,19.7_MSU977,2.7_MSU977,20.7_MSU977,21.7_MSU977,25.7_MSU977,3.7_MSU977,30.7_MSU977,34.7_MSU977,36.7_MSU977,38.7_MSU977,40.7_MSU977,41.7_MSU977,6.7_MSU977,7.7_MSU977,8.7_MSU977
Acholeplasmataceae,Candidatus Phytoplasma,0,0,0,0,0,0,0,0,0,0,0,0,0,0,0,0,0,0,0,0,0,0,0,1.51,0,0,0,0,0,0,0,0,0,0,0,0,0,0,0,0,0,0,0,0,3.38,0,0,0,0,0,0,0,0,0,0,0,0,0,0,0,0,0,0,0,0,0,0,3.09,3.09,0,0,0,0,2.53,0,0,0,0,0,0,0,0,0,0,0,0,0,0,0,0,0,0,0,0,0,0,0,0,0,0,0,0,0,0,0,0,0,0,0,0,3.07,1.75,0,0,0,0,0,0,0,0,0,0,0,0,0,0,0,0,0,0,0,0,2.53,0,0,0,0,1.75,0,0,0,0,0,0,0,0,0,0,0,0,0,0,0,0,0,0,0,0,0
Acidaminococcaceae,Succiniclasticum,0,0,0,0,0,6.42,0,0,0,0,0,0,0,0,0,0,0,0,0,0,0,0,0,0,0,0,0,0,0,0,0,0,0,0,0,0,0,0,0,0,0,0,0,0,0,0,0,0,0,0,0,0,0,0,0,0,0,0,0,0,0,0,0,0,0,0,0,2.14,0,0,0,0,0,0,0,0,0,0,0,0,0,0,0,0,0,0,0,0,0,0,0,0,0,0,0,0,0,0,0,0,0,0,0,0,0,0,0,0,0,0,0,0,0,0,0,0,0,0,0,0,0,0,0,0,0,0,0,0,0,0,0,0,0,0,0,0,0,0,0,0,0,0,0,7.94,0,0,0,0,0,0,0,0,0,0,0,0,0,0,0
Acidithiobacillaceae,Acidithiobacillus,0,0,0,0,0,0,0,0,0,0,0,0,0,0,0,0,0,0,0,6.1,0,0,0,0,0,0,0,0,0,3.45,0,0,0,0,0,0,0,0,0,0,0,0,0,0,0,0,0,0,0,0,0,0,0,0,0,0,0,0,0,0,0,0,0,0,0,0,0,0,0,0,0,0,0,0,0,0,0,0,0,0,0,0,4.86,0,3.97,0,0,0,0,0,0,5.13,0,0,0,0,0,0,0,0,0,0,0,0,3.52,3.62,0,3.58,5.03,0,0,0,5.06,5.08,3.49,0,0,0,0,0,0,0,0,0,0,0,0,0,7.14,0,0,0,0,0,0,0,0,0,0,0,0,0,0,0,0,0,0,0,0,0,0,0,0,0,0,0,0,0,0
Actinobacteria_u_f,Actinobacteria_u_g,4.41,0,0,0,0,0,0,0,0,0,0,0,0,0,0,0,0,0,0,14.23,6.34,0,0,4.41,0,0,0,0,0,0,0,0,5.35,0,0,0,0,0,0,0,0,0,0,0,0,0,0,0,0,0,9.53,0,0,0,0,0,0,0,0,0,0,0,0,0,0,0,0,0,0,0,0,0,0,0,0,0,0,0,0,0,0,0,7.37,0,0,0,0,0,0,0,0,0,0,0,0,0,0,0,0,0,0,0,0,0,0,0,0,0,0,0,0,0,0,0,0,0,0,4.41,0,0,0,0,0,0,0,0,0,0,0,0,0,0,0,0,0,0,0,0,0,0,0,0,0,0,0,0,0,0,0,0,0,0,0,0,0,0,0,0,0
Actinobacteria_u_f,Thermobispora,0,0,0,0,0,0,0,0,0,0,0,0,0,0,0,0,0,0,0,0,0,0,0,0,0,0,0,0,0,0,0,0,0,0,0,0,0,0,0,0,0,0,0,0,0,0,0,0,0,0,0,11.21,14.16,31.57,29.25,0,0,0,0,0,0,0,0,0,0,0,0,0,0,0,0,7.84,43.23,38.38,0,0,0,0,0,6.72,0,0,0,0,0,0,0,0,19.4,13.45,0,0,0,0,0,0,0,0,0,0,0,0,0,0,0,0,0,0,16.06,0,0,0,0,0,0,0,0,0,0,0,0,0,0,0,0,0,0,0,0,0,0,0,0,0,0,0,0,0,0,0,0,0,0,0,0,0,0,0,0,0,0,0,0,0,0,0,0,0,0
Alcaligenaceae,Taylorella,0,0,0,0,0,0,0,0,0,0,0,0,0,0,0,0,0,0,0,3.84,0,0,0,0,0,0,0,0,0,0,0,0,0,0,0,0,0,0,0,0,0,0,0,0,0,0,0,0,0,0,0,0,0,0,0,0,0,0,0,0,0,0,0,0,0,0,0,0,0,0,0,0,0,0,0,0,0,0,0,0,0,0,0,0,0,0,0,0,0,0,0,0,0,0,0,0,0,0,0,0,0,0,0,0,0,0,0,0,0,0,0,0,0,0,0,0,0,0,0,0,0,0,0,0,0,0,0,0,0,0,0,0,0,0,0,0,0,0,0,0,0,0,0,0,0,0,0,0,0,0,0,0,0,0,0,0,0,0,0
Alphaproteobacteria_u_f,Alphaproteobacteria_u_g,0,0,0,0,0,0,0,0,0,0,0,0,0,0,0,0,0,0,0,6.84,1.83,0,0,0,0,0,0,0,0,0,0,3.64,0,0,0,0,0,0,0,0,0,0,11.35,0,0,1.89,0,4.11,0,0,7.47,0,0,0,0,4.06,5.42,0,0,0,0,0,1.84,0,0,9.22,0,58.07,0,0,1.34,0,0,0,0,0,0,4.49,0,0,0,10.95,5.83,2.63,0,9.52,0,2.94,27.08,0,5.66,0,0,0,0,0,0,6.19,0,0,0,0,0,0,6.4,0,0,2.79,0,0,0,0,0,0,0,0,0,14.37,3.17,0,0,1.33,0,0,0,0,0,0,0,0,5.07,0,0,0,0,0,0,0,0,0,0,0,0,0,0,0,0,0,4.4,0,0,19.09,0,0,7.47,0,0,0,5.02
Anaeromyxobacteraceae,Anaeromyxobacter,0,0,0,0,1.18,0,0,0,0,0,0,0,0,0,0,0,0,0,0,0,0,0,0,0,0,0,0,0,0,0,0,0,0,0,1.42,0,0,0,0,0,0,0,0,0,0,1.14,0,0,0,0,1.26,0,0,0,0,0,0,0,0,0,0,0,0,0,0,1.45,1.72,0,0,0,0,0,0,0,0,0,0,0,0,1.66,0,0,1.37,0,1.16,0,1.3,0,1.58,0,0,0,0,0,0,0,0,0,0,0,0,0,0,0,0,0,0,0,0,0,0,0,1.4,0,0,0,0,0,1.16,0,0,0,0,0,0,0,0,0,0,0,0,0,0,0,0,0,0,0,0,0,0,0,0,0,0,0,0,0,0,0,1.8,0,0,0,0,0,0,0,0
Atopobiaceae,Atopobium,22.09,0,570.03,0,58.45,89.79,0,1.2,0,5536.08,0,682.32,0,0,0,303.49,1.21,4.26,0,295.58,0,46.14,5.97,1.22,712.56,0,723.99,1329.4,44.11,21.47,0,125.75,385.74,1.52,817.5,44.07,0,1.07,5.43,0,0,0,0,1.48,0,0,0,0,0,29.55,0,32.71,0,0,0,25.59,35.26,0,0,0,0,0,0,0,0,4.91,0,0,8.97,0,0,0,0,0,0,0,16.59,2.64,0,1.3,0,0,0,0,0,2.13,8.44,0,21.07,0,0,0,0,0,0,0,0,0,0,0,4.57,0,0,31.82,0,0,44.93,0,36.34,0,0,0,0,0,0,0,0,0,0,0,1.02,0,0,0,0,0,0,0,12.53,23.06,0,0,0,0,0,0,0,6.15,0,0,0,0,0,0,0,0,0,0,49.76,0,2.42,0,0,0,0,0,0,0,1.98
Atopobiaceae,Olsenella,7,34.88,79.99,19.61,6.42,346.7,36.7,25.32,26.83,1514.99,0,297.39,21.75,46.35,25.86,29.68,53.17,0,7.63,10.97,16.86,28.03,27.35,34.35,7.16,6.99,51.67,54.37,69.09,124.32,0,116.81,72.57,48.41,318.51,23.33,16.83,0,8.6,6.11,13.93,114.5,3.68,0,62.25,0,11.95,0,0,9.92,0,57.57,0,0,3.57,0,0,0,0,11.92,0,17.31,0,11.17,0,57.94,51.73,66.8,102.45,0,0,0,0,0,6.56,106.59,8.18,0,125.87,0,0,0,0,59,0,0,56.35,10.67,78.48,7.28,0,61.36,0,52.65,10.8,0,57.36,0,0,0,0,0,58.32,0,0,0,6.72,49.92,0,0,0,0,0,0,7.65,0,0,0,130.2,0,20.14,0,47.5,11.98,57.92,18.08,0,49.22,0,29.81,3.52,53.93,0,7.36,0,0,0,16.14,0,18.15,0,4.2,15.92,0,0,0,109.31,54.67,0,0,0,0,9.93,0,12.31,61.25,0,51.64,0
Bacillaceae,Bacillus,24.26,16.31,43.28,37.1,52.83,23.36,9.82,0,23.81,94.14,7.1,0,33.25,36.65,52.75,100.28,9.61,13.8,12.87,26.72,14.74,23.99,0,27.01,0,14.3,5.2,20.74,25.17,6.32,30.23,19.26,0,77.44,26.64,22.36,12.41,13.9,12.74,7.86,17.78,0,0,2.24,0,65.26,3.66,0,63.82,19.62,130.23,71.8,108.7,330.92,115.23,64.52,98.98,10.93,31.25,15.86,0,3.66,17.75,39.99,54.31,3.62,5.91,27.26,30.2,148.77,31.2,62.29,107.45,134.8,73.44,155.93,111.47,13.98,9.57,153.56,21.01,15.55,27.32,0,26.96,23.72,17.96,24.73,854.74,68.07,77.41,60.57,59.9,46.57,68.31,48.13,60.75,3.2,6.12,33.82,25,20.37,57.33,24.69,52.01,9.46,44.5,27.3,138.4,31.2,6.73,40.3,132.63,64.1,102.57,35.66,92.13,0,8.07,0,20.66,3.32,27.75,34.48,23.91,0,51.89,24.71,2.35,24.24,0,22.64,9.48,59.22,51.37,0,39.04,17.68,1.05,5.83,3.32,26.4,0,0,0,31.27,0,0,2.44,22.05,0,30.62,92.76,24.53,65.12,41.75,5.71,17.14,0
Bacillaceae,Geobacillus,0,0,0,0,0,0,0,0,0,0,0,0,0,0,0,0,0,0,0,0,0,0,0,0,0,0,0,0,0,0,0,0,0,0,0,0,0,0,0,0,0,0,0,0,0,0,0,0,0,0,14.1,14.79,7.51,0,0,0,0,0,0,0,0,0,0,0,0,0,0,0,0,0,0,11.78,0,0,0,0,0,0,0,0,0,0,0,0,0,0,0,0,9.54,0,0,0,0,0,0,0,0,0,0,0,0,0,12.15,0,0,0,0,12.39,3.04,0,0,0,0,0,0,0,0,0,0,0,0,0,0,0,0,0,0,0,0,0,0,0,0,0,0,0,0,0,0,0,0,0,0,0,0,0,0,0,0,0,0,0,0,0,0,0,0,0,0
Bacillales_u_f,Gemella,2.52,0,0,0,0,0,0,7.37,0,0,0,0,0,0,0,0,0,0,0,0,0,0,0,0,0,0,0,0,0,0,0,0,0,0,0,0,0,0,0,0,0,0,0,0,0,0,0,0,0,0,0,0,0,0,0,0,0,0,0,0,0,0,0,0,0,0,0,0,0,0,0,0,0,0,0,0,0,0,0,0,0,1.23,0,0,0,0,0,0,0,0,0,0,0,0,0,0,0,0,0,0,0,0,0,0,0,0,0,0,0,0,0,0,0,0,0,0,0,0,0,0,0,0,0,0,0,0,0,0,0,0,0,0,0,0,0,0,0,0,0,0,0,0,0,0,0,0,0,0,0,0,0,0,0,0,0,0,0,0,0
Bacteroidales_u_f,Bacteroidales_u_g,235.36,53.29,74.66,719.97,4872.2,10794.9,1296.89,887.82,335.57,5498.35,1766.06,4100.86,21370.16,916.93,71.74,157.58,67.42,1830.83,431.3,92.93,427.88,510.84,3709.82,121.87,4029.07,1742.38,1067.12,845.57,88.42,1611.4,7403.59,2118.34,9069.24,2004.36,168.46,1963.09,624.5,2273.02,2876.18,6481.24,93.78,2330.87,81.27,715.01,504.87,1182.76,3601.78,167.64,3582.93,655.96,2190.49,1089.46,1315.27,1683.01,586.58,90.63,882.81,610.09,1763.16,89.82,1532.9,1400.04,1827.15,128.79,1482.29,1067.31,240.59,1120.66,100.86,117.97,9841.62,264.72,1228.85,2183.61,3064.64,57.61,393.43,5707.1,3343.57,176.58,107.18,940.8,97.04,979.75,95.04,1484.1,115.59,279.24,5110.2,1072.66,830.09,1955.65,2727.78,1558.9,868.04,161.78,339.86,469.76,2589.41,86.84,1169,3747.75,1309.02,129.43,346.82,618,1688.68,805.79,98.75,1969.59,4540.5,3308.66,4026.91,3170.16,4511.88,69.07,267.28,110.72,734.78,3704.55,232.77,1686.83,90.69,440.7,1451.62,1273.22,294.5,906.05,3649.34,754.27,6573.13,52.27,5589.61,104.29,2509.52,5408.25,761.85,8532.2,907.33,106.16,1190,4685.45,2054.83,8869,2155.68,14918.23,127.41,3662.84,109.81,5600.84,1340.01,2543.5,963.06,10847.11,60.58,1412.46,74.5,2414.08,13879.43
Brachyspiraceae,Brachyspira,0,0,0,0,0,0,0,0,0,0,0,0,0,0,0,0,0,0,0,0,0,0,0,0,0,1.11,0,0,0,0,0,0,0,0,0,1.35,0,0,0,0,0,0,0,0,0,0,0,0,0,0,0,0,0,0,0,0,0,0,0,0,0,0,0,0,0,0,0,0,0,0,0,0,0,0,0,0,1.05,0,0,0,0,0,0,0,0,0,0,0,0,0,0,0,0,0,0,0,0,1.45,0,0,0,0,0,0,0,0,0,0,0,0,0,0,0,1.08,0,0,0,0,0,1.95,0,0,0,0,0,0,0,0,0,0,0,0,0,0,0,0,0,0,0,0,0,0,0,0,0,0,0,0,0,0,0,0,0,0,0,0,0,0,0
Brucellaceae,Ochrobactrum,0,0,0,0,0,0,0,7.05,0,0,6.47,0,0,4.45,0,0,0,9.47,0,6.46,0,0,4.21,0,0,0,0,0,0,0,0,0,0,4.49,0,0,0,0,0,0,0,0,0,0,0,0,0,0,0,0,0,0,0,0,0,0,0,6.89,0,7.11,0,0,0,0,0,0,0,0,0,0,0,0,22.24,0,0,0,0,0,5.53,0,0,0,0,0,0,0,0,0,5.58,0,0,0,0,0,0,0,0,0,0,0,0,0,0,0,0,0,0,0,0,0,0,0,0,0,0,0,0,0,0,0,0,0,0,0,0,0,0,0,0,4.31,0,0,0,0,0,0,0,0,0,0,0,0,0,0,0,0,0,0,0,0,0,0,0,0,0,0,0,0,0
Campylobacteraceae,Campylobacter,0,0,0,0,1.21,0,0,0,0,0,0,0,0,0,0,0,0,8.56,0,0,0,0,0,0,0,2.52,0,0,0,0,0,0,0,0,0,0,0,0,0,0,0,0,0,0,0,2.25,0,0,0,0,0,5.95,0,0,0,0,0,0,0,0,0,0,0,0,0,0,0,0,0,0,0,0,0,0,0,0,0,0,0,0,0,0,0,0,1.64,0,0,0,0,0,0,0,0,0,0,0,0,0,0,0,0,0,0,0,0,0,0,0,0,0,0,0,0,0,0,0,0,0,0,0,0,0,0,0,0,0,5.95,0,0,0,0,0,0,0,0,8.56,0,0,0,0,0,0,0,0,0,0,0,0,0,0,0,0,0,0,0,0,0,0,0
Candidatus Paracaedibacteraceae,Candidatus Paracaedibacteraceae_u_g,0,0,0,0,0,0,1.61,0,0,0,1.53,0,0,0,0,0,0,0,0,0,0,0,0,0,0,0,0,0,0,0,0,0,0,0,0,0,0,0,0,0,0,0,0,0,0,0,0,0,0,0,0,0,0,0,0,0,0,0,2.33,0,0,0,0,0,0,0,0,0,0,0,0,0,0,0,0,0,0,0,0,0,0,0,0,0,0,0,0,0,0,0,0,0,0,0,0,0,0,0,0,0,0,0,0,0,0,0,0,0,0,0,0,0,0,0,0,0,0,0,0,0,0,0,0,0,0,0,1.53,0,0,0,0,0,0,0,0,0,0,0,0,0,0,0,0,0,0,0,0,0,0,0,0,0,0,0,0,27.35,0,0,0
Cardiobacteriaceae,Cardiobacterium,0,0,0,0,0,0,0,0,0,0,0,0,0,0,0,0,0,0,0,0,0,0,0,0,0,0,0,0,0,0,0,0,0,0,0,0,0,0,0,0,0,0,0,0,0,0,0,0,0,0,0,0,0,0,0,0,0,0,0,0,0,0,0,0,0,0,0,0,0,0,0,0,0,0,0,0,0,0,0,1.54,0,0,0,0,0,0,0,0,2.15,0,0,0,0,0,0,0,1.7,0,0,0,0,0,0,0,0,0,0,0,0,0,0,0,0,0,0,0,0,0,0,0,0,0,0,0,0,0,0,0,0,0,0,0,0,0,0,0,0,0,0,1.79,0,0,0,0,0,0,0,0,0,0,0,0,0,0,0,0,0,0,0
Catabacteriaceae,Catabacter,10.27,143.96,46.84,62.43,46.76,96.45,124.19,136.6,167.68,0,36.08,127.9,158.65,213.84,205.36,78.63,32.68,39,114.85,130.54,59.6,84.37,105.64,265.17,65.96,146.66,49.7,304.81,33.24,43.86,53.84,64.48,43.42,209.97,44.49,148.8,96.31,99.76,101.89,93.47,136.11,120.95,85.52,211.3,153.71,431.78,164.06,174.29,134.32,67.38,127.99,199.5,144.89,110.5,148.68,57.9,93.59,56.56,166.51,242.37,149.24,85.21,98.97,221.75,380.87,107.72,94.74,1392.47,236.74,108.81,132.37,134.4,73.45,169.76,81.11,344.2,165.86,173.04,148.83,174.42,202.63,333.35,156.85,277.6,76.96,197.5,195.2,170.57,185.44,76.64,85.35,185.26,133.87,113.47,254.55,86.15,86.98,85.64,134.81,180.77,132.81,208.16,139.19,114.5,108.37,118.48,106.39,227.54,209.83,30.12,102.17,58.65,102.44,112.92,84.28,101.17,112.81,108.01,167.88,84.52,49.7,71.67,59.71,84.31,121.12,134.57,100.24,69.48,150.68,51.44,15.04,54.75,129.72,109.07,98,68.88,61.52,76.02,73.74,197.38,78.03,79.98,161.75,96.36,106.09,30.64,118.61,35,82.5,70.15,58.39,51,102.15,16,133.01,70.86,39.87,120.98,114.61
Clostridiaceae,Alkaliphilus,0,0,0,0,0,0,5.88,0,0,0,0,0,0,0,0,0,0,0,0,0,0,0,0,0,0,0,0,0,0,0,0,0,0,0,0,0,0,0,0,0,0,0,0,0,4.78,0,0,0,0,0,0,0,0,0,0,0,0,0,0,0,0,0,0,0,0,0,0,0,0,0,4.52,0,0,5.07,4.5,0,0,0,0,0,0,0,0,0,0,0,0,0,0,0,6.22,4.77,0,0,0,0,0,0,6.56,0,0,0,0,0,0,0,0,0,0,0,4.59,0,0,0,0,0,4.62,6.05,0,0,0,0,0,0,0,0,0,0,0,0,0,0,0,0,0,0,0,0,0,0,0,0,0,0,0,0,0,0,0,0,0,0,0,0,0,0,0,0,0
Clostridiaceae,Butyricicoccus,17.95,9.31,18.42,12.04,12.34,20.41,18.28,14.62,0,9.4,11.94,11.19,11.88,13.34,0,0,13.29,18.84,20.5,20.41,19.13,15.31,19.37,11.15,9.77,12.1,18.34,13.71,20.72,8.08,10.53,7.54,11.58,14.79,0,8.87,8.26,19.15,15.45,0,0,14.35,16.5,17.79,20.52,17.04,13.69,23.44,11.13,12.03,13.73,10.65,18.63,15.94,0,14.24,13.88,8.88,14.18,23.83,18.04,16.32,11.76,15.86,10.39,10.75,21.83,16.29,12.36,14.98,11.52,3.78,10.7,13.81,10.71,9.24,8.16,10.51,14.5,14.96,23.66,16.5,16.82,12.74,16.88,20.32,11.41,16.69,19.23,13.17,19.56,11.56,12.44,11.85,10.49,10.44,15.57,13.63,12.67,15.78,12.25,22.91,9.77,8.97,18.73,14,13.6,11.41,19.57,0,11.78,9.65,18.46,12.81,12.56,15.14,12.03,16.47,13.72,13.44,11.8,10.84,16.76,11.56,16.67,16.56,16.41,9.72,13.19,15.16,12.2,0,12.99,20.45,17.07,14.62,12,19.09,14.62,32.8,10.39,11.26,21.05,11.64,27.96,7.91,9.65,11.59,10.38,11.01,11.35,16.87,13.92,19.94,12.97,8.72,9.92,14.46,26.06
Clostridiaceae,Caloramator,3.65,0,3.19,0,5.38,0,0,0,0,0,0,0,3.74,0,3.19,0,0,0,3.04,0,0,0,0,4.81,0,0,0,6.47,0,0,0,0,3.97,0,0,3.25,0,0,2.8,0,0,0,0,0,0,0,0,0,0,0,0,0,4.09,4.91,0,0,0,0,0,4.59,0,7.65,0,0,0,0,0,4.2,3.38,0,0,0,0,4.28,2.92,0,0,0,0,0,7.19,0,3.03,0,0,0,0,0,0,0,0,3.56,0,0,0,0,0,0,0,4,0,0,2.44,0,0,4.18,0,0,0,0,0,0,0,0,3.86,0,0,0,0,0,0,0,0,8.38,7.16,0,0,0,4.25,0,0,5.35,0,0,4.9,0,0,7.35,0,0,0,0,0,2.64,0,0,4.83,5.18,0,0,0,0,0,0,4.3,0,2.94,0,4.95
Clostridiales Family XIII. Incertae Sedis,Clostridiales Family XIII. Incertae Sedis_u_g,559.95,959.65,473.16,549.12,447.8,1020.12,877.64,637.3,831.57,187.31,396.59,661.62,527.34,958.11,692.48,914.5,217.04,445.77,410.14,785.19,319.75,759.74,838.31,1399.17,194.13,579.19,779.59,884.33,569.83,224.87,344.3,375.47,609.99,1234.77,767.49,740.4,453.93,418.04,519.13,577.63,486.15,507.31,336.48,458.36,327.84,353.59,625.98,310.34,300.15,494.3,499.24,420.45,325.6,275.23,333.3,244.34,275.96,101.87,326.35,1174.07,292.7,473.89,313.92,315.1,306.74,293.18,370.81,728.39,407.43,345.84,295.75,392.12,240.38,427.59,421.26,1490.5,453.66,217.98,150.71,720.75,57.23,320.67,375.39,338.51,183.79,121.07,261.65,390.59,455.61,487.75,230.76,276.83,221.28,64.17,120.71,322.91,113.38,149.29,54.09,688.36,147.15,283.36,113.04,147.88,204.16,53.37,181.1,646.57,665.56,107.63,70.31,247.76,308.53,134.76,181.59,165.16,152.74,95.96,62.43,235.05,88.24,55.24,67.9,87.48,261.52,107.43,152.5,181.8,95.64,177.04,17.2,96.03,250.92,173.3,150.63,136.76,78.12,154.53,96.45,207.16,187.81,41.36,147.22,334.23,31.59,29.38,173.18,175.03,113.03,30.82,144.24,45.78,326.25,47.83,193.96,89.62,49.11,21.78,186.44
Clostridiales Family XIII. Incertae Sedis,Mogibacterium,0,12.35,0,0,0,0,0,9.08,9.9,0,0,0,0,15.44,0,10.85,0,0,0,0,0,0,8.68,13.8,0,7.01,8.38,0,0,0,0,0,0,10.44,0,0,0,0,0,0,0,0,0,0,0,0,0,0,0,0,0,0,9.2,8.74,0,0,0,0,0,0,0,0,0,0,0,0,0,10.54,0,0,0,0,0,0,0,13.07,0,0,0,10.14,7.21,0,0,0,0,0,10.45,0,17.21,0,0,0,0,0,0,0,0,0,0,7.58,0,8.88,0,0,0,0,0,0,9.93,0,0,0,0,0,0,0,0,0,8.73,0,0,0,0,0,0,0,0,0,0,0,0,0,0,0,0,0,0,0,0,0,0,0,0,0,0,0,0,0,0,0,0,0,0,0,0,0,0,0,0
Clostridiales Family XVII. Incertae Sedis,Thermaerobacter,0,0,3.33,0,0,0,0,0,0,0,0,0,0,3.71,0,0,0,0,0,0,0,4.7,0,0,0,0,0,0,0,0,0,0,0,0,0,0,0,0,0,0,0,0,0,0,0,0,0,0,0,0,4.92,0,0,0,0,0,0,0,0,6.7,0,0,0,0,0,0,0,0,0,0,0,0,0,0,0,0,0,0,0,0,0,0,0,0,0,0,0,0,0,0,0,0,0,0,0,0,0,6.24,0,0,3.79,0,0,0,0,3.58,0,0,3.57,0,0,0,0,3.21,0,0,0,3.38,0,0,0,0,0,0,0,0,0,0,0,0,0,0,0,0,0,0,0,0,0,0,0,0,0,0,0,0,0,0,0,0,0,0,0,0,0,0,0,0,0
Coriobacteriaceae,Collinsella,21.11,31.98,36.06,40.72,28.68,68.4,32.34,45.86,12.46,258.03,39.11,108.44,7.57,11.45,9.33,57.32,24.26,53.7,7.52,28.09,27.6,34.97,32.65,41.62,75.18,64.23,80.4,29.97,116.08,27.8,5.45,53.98,89.08,23.42,52.81,16.78,24.52,12.9,31.29,24.13,0,16.65,10.88,17.49,8.03,5.11,13.53,14.74,14.01,20.27,18.87,3.92,6.2,3.72,17.85,9.19,6.73,31.72,6.78,35.15,13.68,17.8,15.32,10.2,25.72,7.33,79.05,6.92,26.76,16.37,8.27,2.49,5.33,6.9,8.02,11.25,6.88,11.44,4.55,20.55,5.98,4.32,4.9,4.9,4.21,6.26,6.6,2.53,157.06,11.19,17.22,10.7,3.47,3.61,3.96,4.98,4.4,7.88,6.35,6.92,6.43,14.19,110.91,4.93,25.42,2.8,28.38,5.77,20.47,3.62,4.82,6.25,3.52,5.57,4.73,3.47,3.47,6.25,5.98,4.51,10.69,1.71,12.82,8.05,16.84,4.21,12.7,3.47,28.04,17.43,12.46,5.77,4.2,42.57,9.55,7.32,11.68,5.54,7.37,15.08,18.27,7.49,6.78,6.88,31.99,13.05,46.47,7.58,16.07,5.86,9.74,5.33,8.61,3.45,9.22,25.18,10.46,8.49,9.46
Corynebacteriaceae,Corynebacterium,0,15.84,0,0,0,21.75,28.62,72.57,69.62,205.98,9.34,0,28.25,117.04,60.41,40.88,0,0,15.53,0,8.74,88.86,71.15,87.12,0,0,19.15,80.03,111.71,0,0,10.24,11.38,181.02,0,0,0,117.64,10.19,0,17.6,53.77,40.44,48.4,10.02,60.46,47.02,39.96,88.94,22.09,45.31,299.28,45.27,86.85,46.69,28,47.18,9.09,28.3,63.12,32.3,29.21,100.02,34.17,50.61,0,112.63,65.78,266.89,21.6,12.25,106.92,53.22,80.46,70.15,142.65,90.98,6.63,73.58,32.7,46.86,5.79,16.51,0,10.73,0,70.79,137.3,118.8,27.59,38.85,114.85,698.17,30.19,34.4,0,44.82,31.77,117.52,90.98,17.09,48.58,8.45,3.06,0,0,38.29,32.61,32.05,0,20.32,36.03,50.99,76.08,43.15,14.69,62.35,3.5,31.84,89.6,23.81,0,0,7.04,0,0,0,0,6.77,8.2,0,0,0,0,0,0,0,35.39,0,13.82,0,0,0,0,0,0,0,0,43.54,9.41,0,0,16.98,0,0,0,12.62,19.86,0
Cytophagaceae,Cytophaga,0,0,0,0,0,0,0,0,0,0,0,0,0,0,0,0,0,0,0,0,0,0,0,0,0,0,0,0,0,0,0,0,0,0,0,0,0,0,0,0,0,0,0,0,0,0,0,0,1.15,0,0,0,1.13,0,0,0,0,0,1.09,0,0,0,0,0,1.61,0,0,0,0,0,0,0,0,0,0,0,0,0,0,0,0,0,0,0,0,0,0,0,1.08,0,0,0,0,0,0,0,0,0,0,0,1.51,1.3,1.08,0,0,0,0,0,0,0,0,0,0,0,0,0,0,0,0,2,0,0,0,0,0,1.3,0,0,0,0,0,0,0,0,0,0,0,0,1.33,0,0,0,1.77,0,0,0,0,0,0,0,1.07,0,0,0,0,0,0,0,0
Cytophagaceae,Runella,0,0,0,0,0,0,0,0,0,0,0,0,0,0,0,0,0,0,0,0,0,0,0,0,0,0,0,0,0,0,0,0,0,0,0,0,0,0,0,0,0,0,0,0,0,0,0,1.58,0,0,0,0,0,0,0,0,0,0,0,0,0,0,0,0,0,0,0,0,0,0,0,0,0,0,0,0,0,0,0,0,0,0,0,0,0,0,0,0,0,0,0,0,0,0,0,0,0,0,0,0,0,0,0,0,0,0,0,0,0,0,0,0,0,0,0,0,0,0,0,0,0,0,1.05,0,0,0,0,0,0,0,0,0,0,0,0,0,0,0,0,0,0,0,0,0,0,0,0,0,0,0,0,0,0,0,0,0,0,0,0
Deinococcus-Thermus_u_f,Deinococcus-Thermus_u_g,0,0,0,0,0,0,0,0,0,0,0,0,0,0,0,0,0,0,0,0,0,0,0,0,0,0,0,0,0,0,0,0,0,0,0,0,0,0,0,0,0,0,0,0,0,0,2.19,0,0,0,0,0,11.39,0,0,0,0,0,0,0,0,0,0,0,0,0,0,0,0,0,0,0,0,0,0,0,0,0,0,0,0,0,0,0,0,0,0,0,2.83,0,0,0,0,0,0,0,0,0,0,0,0,0,0,0,0,0,0,0,2.83,0,0,0,0,0,0,0,0,0,0,0,10.85,0,0,0,0,0,0,0,0,0,0,0,0,0,0,0,0,0,0,0,0,0,0,0,0,0,0,0,0,0,0,0,0,0,0,0,0,0,0
Desulfobulbaceae,Desulfobulbus,0,0,0,0,0,0,0,0,0,1.85,0,0,0,0,0,0,0,0,0,0,0,0,0,0,0,0,0,0,0,0,0,0,0,0,0,0,0,0,0,0,0,0,0,0,0,0,0,0,0,0,0,1.3,0,0,0,0,0,0,0,0,0,0,0,0,0,0,0,0,0,0,0,0,0,0,0,0,0,0,0,0,0,0,0,0,0,0,0,0,1.54,0,0,0,1.28,0,0,0,0,0,0,0,0,0,0,0,0,0,0,0,1.29,0,0,0,0,0,0,0,0,0,0,1.4,0,0,0,0,0,0,0,0,0,0,0,0,0,0,0,0,0,0,0,0,0,0,0,0,0,0,0,0,0,0,0,0,0,0,0,0,0,0,0
Desulfomicrobiaceae,Desulfomicrobium,0,0,0,0,0,0,0,0,0,0,0,0,0,0,0,0,2.78,0,0,0,0,0,2.44,0,0,0,0,0,0,0,0,0,0,0,0,0,0,0,0,0,0,0,0,2.84,0,0,0,0,0,0,0,0,0,0,0,0,2.41,0,0,3.38,0,2.4,0,0,0,0,4.84,0,0,0,0,0,0,0,0,0,0,0,0,3.15,0,0,0,0,0,3.68,0,0,0,0,0,0,2.26,0,0,2.26,0,0,0,0,0,2.04,0,0,0,0,0,0,0,0,0,0,0,0,0,0,0,2.88,0,0,0,0,0,0,0,0,0,0,0,0,0,0,0,0,0,0,0,0,0,0,1.79,2.36,0,0,0,0,0,3.89,3.3,0,0,0,0,0,0,0,2.66,2.57,0
Desulfurellaceae,Hippea,0,1.57,0,0,0,0,0,0,0,0,0,0,0,0,0,0,0,0,0,0,0,0,0,0,0,0,0,0,0,0,0,0,0,0,0,0,0,0,0,0,0,0,0,0,0,0,0,0,0,0,0,0,0,0,0,0,0,0,0,1.24,0,0,0,0,0,0,0,0,0,0,0,0,0,0,0,0,1.28,0,0,0,0,0,0,0,0,0,0,0,0,0,0,0,0,0,0,0,0,0,0,0,0,0,0,0,0,0,0,0,0,0,0,0,0,0,0,0,0,0,0,0,0,0,0,0,0,0,0,0,0,0,0,0,0,0,0,0,0,0,0,0,0,0,0,0,0,0,0,0,0,0,0,0,0,0,0,0,0,0,0
Eggerthellaceae,Slackia,9.85,19.95,21.91,11.47,7.11,15.91,8.09,8.89,0,8.87,6.63,9.61,0,10.82,11.66,13.89,0,10.68,0,15.88,0,30.3,10.13,18.51,0,0,18.22,10.79,25.25,0,0,6.59,9.25,10.94,11.53,7.34,9.36,0,7.03,143.06,0,9.16,15.71,0,0,0,0,0,0,0,0,0,0,0,0,0,0,0,0,25.95,0,18.25,0,0,0,0,7.56,8.08,12.27,0,0,0,0,0,0,9.56,0,0,0,33.96,0,12.59,6.62,0,0,0,7.25,0,8.3,0,0,0,0,0,0,0,0,0,0,0,0,0,0,0,0,0,0,0,0,0,0,0,0,0,0,0,0,0,6.36,0,0,0,0,0,0,0,0,0,0,0,0,0,0,6.67,0,0,0,0,0,0,0,0,0,0,0,0,0,0,0,0,0,0,0,0,0,0,0,0,0
Enterobacteriaceae,Escherichia,24.83,1.72,40.14,9.06,2.81,110.54,12.52,237.01,315.29,23.94,0,201.1,11.38,177.76,301.08,90.69,44.67,223.63,85.09,54.27,21.24,242.78,17.8,86.11,11.15,21.33,25.6,14.23,20.63,13.99,54.57,0,56.52,3.77,10.36,29.26,0,15.35,167.58,28.3,0,22.97,36.74,0,159.86,112.82,224.01,138.38,68.76,52.65,0,0,0,503.9,30.25,3.93,0,38.71,5.41,75.79,22.35,37.03,0,12.09,149.12,0,8.7,0,0,26.08,79.05,0,3.2,109.17,0,30.07,0,16.63,11.29,2.79,139.9,88.39,22.82,0,0,0,1.9,83.84,120.06,10.78,0,0,0,9.52,31.84,0,3.26,2.53,43.02,28.39,0,55.25,0,0,40.74,16.51,0,0,0,0,41.88,0,0,13.43,0,7.82,0,3.01,210.4,0,35.73,0,21.07,13.33,2.92,7.43,2863.2,0,943.99,245.44,0,0,0,71.33,5.48,27.18,0,14.42,49.91,20.45,6.64,468.51,5.3,3.95,84.49,37.07,213.86,0,7.69,38.25,0,0,0,16.25,0,0,39,35.99,6.11
Enterobacteriaceae,Leclercia,0,0,0,0,0,0,0,0,0,0,0,0,0,0,0,0,0,0,0,0,0,0,0,0,0,0,0,0,0,0,0,0,0,0,0,0,0,0,0,0,0,0,0,0,0,0,0,0,0,0,0,0,0,0,0,0,0,0,0,0,0,0,0,0,0,0,0,0,0,0,0,0,0,0,0,0,0,0,0,0,0,0,0,0,0,0,0,0,0,0,0,0,0,0,0,0,0,0,0,0,0,0,0,0,0,0,0,0,0,0,0,0,0,0,0,0,0,0,0,0,0,0,0,0,0,0,10.41,0,0,0,0,0,0,0,0,0,0,0,0,0,0,0,0,0,0,0,0,0,0,0,0,0,0,0,0,0,0,0,0
Enterobacteriaceae,Salmonella,0,0,0,0,0,0,0,1.92,0,0,0,0,0,0,0,0,0,0,0,0,0,0,0,0,0,0,0,0,0,0,0,0,0,0,0,0,0,0,0,0,0,0,0,0,0,0,0,0,0,0,0,0,0,0,0,0,0,0,0,0,0,0,0,0,0,0,0,0,0,0,0,0,0,0,0,0,0,0,0,0,0,0,0,0,0,0,0,0,0,0,0,0,0,0,0,0,0,0,0,0,0,0,0,0,0,0,0,0,0,0,0,0,0,0,0,0,0,0,0,0,0,0,0,0,0,0,0,0,0,0,0,0,0,0,0,0,0,0,0,0,0,0,0,0,0,0,0,0,0,0,0,0,0,0,0,0,0,0,0
Enterobacteriaceae,Shigella,3.79,0,2.99,0,0,23.45,2.66,19.07,10.49,0,1.9,0,0,31.8,12.7,3.52,4.14,47.27,15.7,5.02,8.6,14.4,14.82,22.88,1.9,1.83,16.51,2.49,0,0,11.87,0,8.56,0,3.32,0,0,3.52,34.46,0,0,5.36,9.1,0,5.16,1.07,28.35,4.59,0,15.43,0,0,0,13.71,3.17,0,0,4.5,3.99,3.6,0,14.51,0,0,1.8,0,17.74,0,0,7.75,7.44,0,0,2.85,0,0,0,0,0,0,11.04,3.04,0,0,0,0,0,10.56,7.44,3.99,0,0,0,6.83,9.04,0,0,0,7.91,0,0,10.8,0,0,37.02,0,0,0,0,0,5.08,0,0,2.49,0,5.41,0,0,6.91,0,7.02,0,2.41,5.85,2.67,0,1181.59,0,11.81,4.89,0,0,0,18,0,0,0,0,10.44,0,0,17.23,5,0,14.36,8.58,30.87,0,0,0,0,0,0,0,0,0,3.52,13.86,0
Erysipelotrichaceae,Erysipelotrichaceae_u_g,106.17,648.58,119.4,149.11,121.63,1918.26,445.73,181.46,366.27,1173.43,125.94,172.73,216.29,373.71,529.09,632.53,90.31,338.88,200.6,255.69,257.63,399.83,389.06,397.76,37.02,202.78,645.12,109.35,144.34,68.99,77.32,195.86,198.05,489.02,509.64,164.71,408.95,94.92,131.25,303.44,252.97,466.17,416.61,402.77,227.37,259.92,369.88,108.34,211.28,447.11,281.23,140.72,115.67,40.35,84.06,87.49,99.97,83.06,303.5,1254.93,255.81,323.52,164.69,223.99,229.4,187.56,264.88,387.17,212.68,138.84,108.07,158.96,59.65,73.64,88.08,514.67,168.55,138.89,64.31,1036.15,194.86,253.74,198.54,83.09,48.03,159.39,232.96,83.46,186.24,64.77,86.02,85.37,49.38,11.34,58.44,133.94,47.05,181.97,60.96,177.39,78.37,154.02,130.64,34.63,135.05,68.81,142.53,167.17,132.43,16.27,66.8,79.87,96.46,14.92,49.05,46.04,47.39,94.01,18.61,250.27,198,46.19,66.66,59.31,126.34,69.79,88.09,45.73,36.98,215.55,51.82,36.1,67.45,107.73,65.85,126.13,19.94,152.4,86.9,422.03,99.23,30.76,81.96,85.41,23.66,23.95,86.5,92.97,30.27,63.8,70.7,36.88,72.65,12.35,75.13,48.29,48.12,21.1,168.34
Erysipelotrichaceae,Kandleria,0,357.82,16.43,12.31,7.55,1585.76,0,0,0,860.84,0,46.46,0,0,2.05,451.63,2.05,0,0,1.66,0,23.18,9.88,25.34,0,0,513.4,0,12.86,14.27,0,219,167.75,0,779.44,77.02,181.29,0,0,132.91,0,0,0,0,0,0,0,0,0,0,0,0,0,0,0,0,0,0,0,0,2.39,0,0,0,0,0,0,0,0,0,0,0,0,0,0,0,0,0,0,0,0,0,0,0,0,0,0,0,2.07,0,0,0,0,0,0,0,0,0,0,0,0,0,0,0,0,0,0,0,0,0,0,0,0,0,0,0,0,0,0,0,24.74,0,0,0,0,0,0,0,0,24.87,0,0,0,0,0,0,0,0,0,0,0,0,0,0,0,0,0,0,0,2.3,0,0,0,0,0,0,0,0,0
Erysipelotrichaceae,Turicibacter,216.02,18.86,634.27,180.02,219.99,733.2,12.81,408.91,172.12,0,15.36,111.97,16.07,24.88,182.75,95.15,25.46,118.96,8.61,495.15,12.03,17.86,308.79,1200.89,75.04,17.58,277.6,243.19,228.44,14.18,108.39,197.76,249.99,237.64,605.68,344.94,272.33,2.87,597.61,167.6,28.96,1.41,89.07,11.55,23.8,3.24,147.71,120.08,1.99,19.14,16.44,3.23,14.01,81.98,16.14,10.66,3.16,2.06,21.27,152.3,2.69,25.45,1.3,15.06,5.1,0,0,2.36,4.18,1.91,80.94,18.83,0,15.85,3.58,18.05,75.2,20.42,1.4,12.12,12.91,2.16,103.95,1.49,0,79.08,2.59,62.34,10.74,76.21,92.85,1.97,30.24,0,77.36,8.93,2.94,46.93,99.43,11.18,9.04,0,14.33,1.16,1.47,10.78,0,77.29,3.55,26.06,11.14,2.11,1.59,0,10.04,3.77,11.61,2.59,109.2,1.39,84.5,4.67,116.73,184.09,762.64,14.41,396.34,235.16,126.64,184.93,113.49,682.37,15.73,539.75,25.99,3.15,5.99,424.87,143.73,246.99,3.98,8.16,18.81,323.3,94.38,89.19,11.47,12.59,112.4,22.43,17.41,18.93,335.54,16.18,10.98,246.74,110.96,16.12,16.69
Ferrimonadaceae,Ferrimonas,0,0,0,0,0,0,0,0,0,0,0,0,0,0,0,0,0,0,0,0,0,0,0,0,0,0,0,0,0,0,0,0,0,0,0,0,0,0,0,0,0,0,0,0,0,0,0,0,0,0,0,0,0,0,0,0,0,0,0,1.17,0,0,0,0,0,0,0,0,0,0,0,0,0,0,0,0,0,0,0,0,0,0,0,0,0,0,0,0,0,0,0,0,0,0,0,0,0,0,0,0,0,0,0,0,0,0,0,0,0,0,0,0,0,0,0,0,0,0,0,0,0,0,0,0,0,0,0,0,0,0,0,0,0,0,0,0,0,0,0,0,0,0,0,0,0,0,0,0,0,0,0,0,0,0,0,0,0,0,0
Firmicutes_u_f,Firmicutes_u_g,50.53,58.81,82.83,48.51,80.85,118.17,62.31,59.59,52.54,55.97,63.63,61.87,29.4,63.61,23.18,115.76,39.77,63.12,48.73,70.48,43.7,39.24,44.89,60.74,34.91,43.22,97.87,57.72,160.48,44.92,30.62,14.23,106.78,64.05,33.05,40.14,48.2,33.12,55.16,58.13,40.11,85.33,45.8,45.42,67.05,40.55,58.13,54.51,32.66,50.59,72.6,42.46,50.42,58.15,17.38,46.89,36.09,21.78,48.75,67.18,53.72,46.69,32.25,39.88,32.04,39.42,62.39,56.1,80.88,33.52,38.7,25.62,39.88,62.17,51.4,92.69,42.43,28.29,38.36,68.33,39.03,59.29,53.87,21.49,29.32,51.4,44.37,40.43,69.27,43.37,52.34,46.06,45.88,25.74,39.29,37.48,29.17,47.48,39.41,69.34,30.59,57.94,16.61,17.22,29.63,26.94,44,44.76,59.07,12.57,29.84,18.17,43.95,44.03,39.45,16.58,29.91,31.76,39.37,34.54,30.87,19.73,16.15,495.51,30.18,51.8,34.3,26.07,27.45,24.73,27.49,5.58,32.66,51.82,38.73,24.88,17.13,42.71,85.35,46.27,25.74,12.63,45.72,24.29,43.19,18.71,33.49,31.07,28.37,25.51,27.14,14.66,26.83,30.39,36.59,23.24,29.91,30.97,44.55
Flavobacteriaceae,Imtechella,0,0,0,0,0,0,0,67.39,50.09,0,0,0,0,0,0,0,0,0,0,0,0,0,0,0,0,0,0,0,0,0,0,0,0,0,0,0,0,0,0,0,0,0,0,0,0,0,0,46.7,41.54,45.37,0,0,0,0,0,0,0,0,0,0,0,0,0,0,0,0,0,0,0,17.73,0,0,0,0,0,0,0,0,0,0,0,0,0,0,0,0,0,61.97,0,0,0,37.37,0,23.96,24.59,48.03,25.35,0,0,0,0,0,0,0,0,0,0,0,0,0,0,0,0,0,0,0,27.79,0,0,0,0,33.19,0,57.18,0,0,56.72,42.81,0,0,0,0,0,0,0,0,0,31.47,0,0,24.8,0,28.65,31.62,0,31.28,55.35,0,0,0,0,0,0,0,0,0,30.53,0,25.34
Flavobacteriales_u_f,Flavobacteriales_u_g,0,0,0,0,0,0,0,0,0,0,0,0,0,0,0,0,0,0,0,0,0,0,0,0,0,0,0,0,0,0,0,0,0,0,0,0,0,0,0,0,0,0,0,0,3.98,0,0,0,0,0,0,0,0,0,0,0,0,0,0,0,0,0,0,0,0,0,0,0,0,0,0,0,0,0,0,0,0,0,0,0,0,0,0,0,0,0,0,0,0,0,0,0,0,0,0,0,0,0,0,0,0,0,0,0,0,0,0,0,0,0,0,0,0,0,0,0,0,0,0,0,0,0,0,0,0,0,0,0,0,0,0,0,0,0,0,0,0,0,0,0,0,0,0,0,0,0,0,0,0,0,0,0,0,0,0,0,0,0,0
Fusobacteriaceae,Cetobacterium,0,0,0,1.15,0,0,0,2.15,0,0,0,0,0,0,2.67,0,0,0,1.39,0,0,0,0,0,0,1.09,1.39,0,0,0,0,1.35,0,0,2.83,1.62,0,0,2.65,0,0,1.27,0,0,0,0,0,0,0,0,0,0,0,1.25,0,0,1.4,0,0,0,0,0,0,0,0,0,0,0,0,0,0,0,0,1.13,0,0,0,0,0,0,0,0,0,0,0,0,0,0,1.46,0,0,0,0,0,0,0,0,0,0,0,0,0,0,0,0,0,0,0,0,0,0,0,0,0,2.59,0,0,0,0,0,0,0,0,0,0,1.43,0,1.25,0,0,1.66,0,1.25,1.61,0,0,0,0,0,0,0,0,0,0,0,0,0,0,0,0,0,0,0,0,0,2.38,0,0,1.23
Glycomycetaceae,Glycomyces,0,0,0,0,0,0,0,6.49,0,0,0,0,0,0,0,0,0,0,0,0,0,0,0,0,0,0,0,0,0,0,0,0,0,0,0,0,0,0,0,0,0,0,0,0,0,0,0,0,0,0,0,0,0,0,0,0,0,0,0,0,0,0,0,0,0,0,0,0,0,0,0,0,0,3.69,0,5.35,0,0,3.63,0,0,0,0,0,0,0,0,0,0,0,0,0,0,0,0,0,0,0,0,0,0,0,0,0,0,0,0,0,0,0,0,0,0,0,0,0,0,0,0,0,0,0,0,0,0,0,0,0,0,0,0,0,0,0,0,0,0,0,0,0,0,0,0,0,0,0,0,0,0,0,0,0,0,0,0,0,0,0,0
Gordoniaceae,Gordonia,0,0,17.07,10.64,11.86,0,0,0,0,0,0,0,0,0,0,0,0,0,0,0,0,0,0,0,0,0,0,0,18.37,0,0,0,0,0,0,0,0,0,0,0,0,0,0,0,0,0,0,0,0,0,0,0,0,10.41,7.82,0,0,0,0,0,0,0,0,0,0,0,0,0,0,0,0,0,8.34,9.26,11.55,13.84,5.98,0,0,0,0,0,0,0,0,0,0,0,11.65,0,0,11.49,6.41,0,0,0,0,0,0,0,0,0,0,0,0,0,0,0,6.84,0,0,0,0,0,0,0,0,0,0,0,0,0,0,0,0,0,0,0,0,0,0,0,0,11.05,16.66,0,0,0,0,0,0,0,0,0,0,0,0,0,0,0,0,6.6,19.62,0,0,0,0,0,0
Halorubraceae,Halorubrum,0,1.46,0,0,0,1.46,0,0,0,0,0,0,1.46,0,0,0,0,0,0,1.46,0,0,0,0,0,0,0,1.46,0,0,0,0,0,5.23,0,0,0,0,0,0,0,0,1.46,0,0,0,0,0,0,0,1.46,0,0,0,0,0,1.46,0,0,1.46,0,0,0,0,0,0,0,0,0,1.46,0,0,0,0,0,0,0,0,0,1.46,0,0,0,0,0,0,0,0,0,0,0,0,0,0,0,0,0,0,0,0,0,0,0,0,0,0,0,0,0,0,0,0,0,0,1.46,0,0,0,0,0,3.48,0,0,0,0,0,0,0,0,0,1.46,0,0,0,0,0,0,0,0,0,0,0,0,0,0,0,0,0,0,0,0,0,1.46,0,0,0,0,0,0
Holophagaceae,Holophagaceae_u_g,0,1.54,1.03,0,5.64,0,0,1.01,0,0,0,0,0,0,0,0,0,1.37,1.19,1.08,0,0,0,0,0,0,0,0,0,0,0,0,0,0,0,0,0,0,1.03,0,0,0,0,0,1.39,0,0,1.08,0,0,0,1.04,0,0,0,0,0,0,0,1.05,0,0,0,0,0,0,0,0,1.11,0,0,0,0,0,0,0,0,0,0,0,0,0,1.04,0,0,0,0,0,1.1,5.64,0,0,0,0,0,0,0,0,0,1.18,0,0,0,0,0,0,0,0,0,0,0,0,0,0,0,0,0,0,0,0,0,0,0,0,0,1.05,0,0,0,0,1.2,0,0,0,0,0,0,0,0,0,0,0,0,0,1.29,0,0,0,0,0,0,0,0,0,1.27,0,0,0,0
Holosporaceae,Holospora,0,0,0,0,0,0,0,8.18,0,0,6.74,0,11.27,0,0,0,0,0,0,0,0,0,0,0,0,0,0,0,0,0,0,0,0,0,0,0,0,0,0,6.74,0,0,0,0,6.74,0,0,0,0,6.74,0,0,0,0,0,0,0,0,0,0,0,12.9,0,14.58,0,8.18,6.74,0,0,14.58,0,0,0,0,0,0,0,0,0,0,11.27,0,0,0,0,12.9,0,9.69,0,8.18,0,0,0,0,0,0,8.18,0,0,0,0,9.69,35.78,0,0,0,8.18,8.18,0,0,8.18,0,0,0,0,0,0,0,0,8.18,0,0,0,0,0,0,0,0,0,0,0,0,0,0,0,0,0,0,0,0,0,0,0,0,0,0,0,25.61,12.9,0,16.31,0,0,8.18,0,0,0,0,0
Hungateiclostridiaceae,Hungateiclostridiaceae_u_g,0,0,0,0,0,0,0,0,0,0,0,0,0,0,0,0,0,0,0,0,0,0,0,0,0,0,0,0,9.99,0,0,0,0,0,7.03,0,0,0,0,0,0,0,0,0,0,0,0,0,0,0,0,0,0,0,0,0,0,0,0,0,0,0,0,0,0,0,0,0,0,0,0,0,0,0,0,0,0,0,0,0,0,0,0,0,0,0,0,0,0,0,0,0,0,0,0,0,0,0,0,0,0,0,0,0,0,0,0,0,0,0,0,0,0,0,0,0,0,0,0,0,0,0,0,0,0,0,0,0,0,0,0,0,0,10.74,0,0,0,0,0,0,0,0,0,9.91,0,0,0,0,0,0,0,0,14.9,0,6.44,0,0,0,0
Lachnospiraceae,Coprococcus,22.51,0,11.85,66.85,23.05,36.85,14.45,24.62,7.4,21.74,8.92,40.86,15.68,9.85,0,0,41.5,34.13,25.66,32.55,30.4,0,19.58,30.36,19.27,11.66,53.52,28.52,18.85,20.62,28.84,14.44,63.93,24.09,18.81,37.42,45.02,11.11,78.15,0,0,5.02,0,8.29,0,0,0,12.9,0,6.9,0,0,0,0,0,0,0,0,10.22,0,0,0,0,14.19,0,0,10.52,0,0,0,0,0,0,0,0,0,0,0,0,0,0,0,0,0,0,0,0,0,7.44,0,0,0,0,0,0,0,0,0,0,0,0,0,0,0,0,0,0,0,0,0,0,0,0,0,0,0,0,0,0,0,0,0,0,0,0,0,8.8,0,0,19.52,8.19,0,0,29.39,0,7.65,0,8.99,22.67,30.1,0,0,0,22.18,0,0,8.41,6.64,0,6.13,0,0,4.64,7.65,0,25.16,0,0,10.48
Lachnospiraceae,Dorea,0,0,6.58,87.79,0,79.16,0,7.45,0,0,0,20.99,0,14.53,0,0,42.12,15.84,9.66,8.25,0,0,0,4.11,0,0,104.32,0,8.29,3.51,9.62,0,47.51,16.5,0,15.45,65.26,0,160.13,0,0,0,0,5.44,0,0,0,0,0,0,0,0,0,0,0,0,0,0,0,9.08,0,0,0,0,0,0,0,0,0,0,0,0,0,0,0,0,0,0,0,0,0,0,0,0,0,0,0,0,0,0,0,0,0,0,0,0,0,0,0,0,0,0,0,0,0,0,0,0,0,0,4.21,0,0,0,0,0,0,0,0,0,12.91,0,0,0,0,0,0,0,0,8.21,8.34,0,0,6.47,0,0,0,0,0,0,0,0,0,4.91,8.64,0,0,0,0,0,0,0,0,8.64,6.59,0,0,0,0
Lachnospiraceae,Lachnobacterium,0,0,0,62.07,31.31,49.49,0,16.13,0,0,0,22.36,0,0,0,0,49.01,14.4,9.84,19.77,0,7.5,22.64,18.44,0,0,36.96,17.25,11.52,3.98,5.19,0,15.31,17.65,16.89,13.48,56.26,0,18.17,0,0,0,0,12.24,0,0,0,0,0,4.67,0,5.86,0,0,0,0,0,0,0,9.25,0,0,0,0,0,0,0,5.97,0,0,0,0,0,0,0,0,0,0,0,5.84,0,0,6.28,0,0,0,0,3.88,18.8,0,0,0,0,0,0,0,0,0,0,0,0,0,0,0,0,0,0,0,0,0,0,0,0,0,0,0,0,0,0,0,0,0,0,0,7.82,0,4.68,5.91,0,5.08,0,12.88,3.07,18.08,5.65,0,0,10.42,9.61,14.62,0,0,0,14.42,0,0,3.7,0,0,0,0,0,0,2.74,0,10.26,0,0,0
Lachnospiraceae,Lachnoclostridium,72.21,62.22,53.99,53.61,63.24,85.87,60.73,56.99,42.75,45.15,34.78,71.41,52.2,71.96,26.6,38.99,55.29,72.74,56.47,85.89,44.18,42.46,45.47,42.81,43.38,59.73,57.67,49.6,81.4,45.1,55.83,63.12,96.13,122.97,36.19,43.32,71.51,49.54,123.44,44.71,39.06,77.86,50.64,46.62,49.64,41.34,61.58,48.01,33.79,45.45,53.29,40.84,57.29,39.23,40.89,41.16,54.33,35.35,53.53,48.33,49.4,60.13,37.08,45.5,55.75,35.21,79.77,97.37,59.17,47.37,41.69,37.18,40.4,56.58,66.1,52.34,31.95,41.87,47.79,60.53,59.79,53.69,63.23,43.86,46.32,60.9,68.07,51.27,94.81,41.41,62.33,47.48,55.86,64.98,42.49,49.06,58.81,60.15,55.69,58.38,56.08,73.26,45.87,46.28,51.91,46.85,52.88,59.37,79.85,32.58,48.48,37.59,85.5,64,59.2,51.93,53.25,58.85,45.62,49.3,51.16,28.08,33.45,28.76,47.8,56.9,62.47,47.99,59.6,59.12,56.43,21.1,235.03,78.49,73.86,71.32,54.33,55.13,53.17,60.48,38.34,34.87,65.72,65.25,63.69,30.07,35.59,64.88,55.46,45.47,65.32,50.34,71.05,58.06,60.17,40.7,36.71,63.11,67.6
Lachnospiraceae,Lachnospira,25.07,34.41,45.39,67.39,22.01,130.37,42.88,23.13,30.93,50.87,33.41,35.94,24.11,60.3,38.7,40.59,36.08,18.21,17.12,30.55,48.33,38.39,21.87,34.78,43.12,21.62,45.99,29.54,38.58,34.24,15.9,35,50.3,50.81,39.65,33.19,41.77,11.39,66.34,49.84,136.78,34.63,16.31,13.34,28.02,26.63,78.37,24.73,98.37,35.02,58.7,11.34,194.24,39.26,32.6,26.08,20.75,7.5,39.95,11.64,41.78,29.84,26.28,33.25,23.66,35.54,22.57,25.73,19.79,55.52,43.76,48.06,31.38,117.9,38.6,22.89,31.28,8.09,74.81,32.94,25.87,77.12,55.39,64.97,53.12,51.43,159.1,58.85,177.25,67.8,51.19,133.02,208.07,216.37,67.01,25.14,33.99,12.09,63.94,98.75,64.69,64.37,18.62,43.17,69.7,60.84,127.71,104.6,58.31,17.46,36.56,43.58,130.58,112.6,37.88,61.16,45.89,79.06,61.57,122.37,28.66,8.65,31.64,47.19,43.28,206.36,36.23,54.95,132.7,35.79,61.48,32.42,249.17,60.9,271.12,106.26,103.42,86.06,76.03,179.22,32.78,33.27,67.14,41.83,48.21,58.66,79.09,58.97,140.35,72.63,67.15,32.35,90.21,6.47,42.36,135.18,67.9,33.58,80.13
Lachnospiraceae,Pseudobutyrivibrio,18.55,33.52,24.37,67.69,33.43,31.66,16.52,37.94,13.96,14.76,2.2,25.27,14.86,37.32,12.16,27.38,43.95,9.58,17.54,29.4,61.04,12.67,11,54.01,4.79,21.95,48.74,40.46,20.72,21.25,24.82,6.53,51.1,38.12,17.99,37.98,35.67,21.8,29.81,19.55,5.85,18.11,5.32,20.67,11.24,16.01,15.34,6.65,0,8.6,8.14,4.18,13.07,8.88,2.94,0,3.76,2.89,20.39,38.6,10.9,17.97,7.83,21.88,18.85,8.43,6.24,22.26,15.46,13.09,18.97,13.8,12.35,5.73,419.16,8.08,16.49,13.43,5.77,14.76,15.55,12.89,11.66,18.23,5.53,7.74,15.33,17.29,24.8,20.97,8.3,7.7,11.91,5.57,13.09,4.25,9.57,6.55,10.88,21.52,8.26,3.22,10.82,4.36,3.6,4.74,6.55,13.3,13.58,1.62,0,8.48,10.93,18.87,6.62,9.12,25.03,9.79,2.74,11.65,13.08,3.44,20.32,13.75,14.56,17.21,17.64,19.52,9.82,11.33,13.17,15.99,43.73,19.61,19.2,6.81,11.83,29.76,12.8,35.72,6.44,7.67,23.99,49.07,8.69,11.87,17.97,18.72,9.88,15.32,9.45,5.7,123.58,15.63,16.26,13.71,11.19,10.12,15.41
Lachnospiraceae,Roseburia,12.84,0,24.58,125.64,58.94,87.05,0,57.99,0,26.05,0,87.87,10.31,11.61,0,0,91.01,27.63,23.02,86.45,19.73,0,61.22,77.81,45.51,0,126.37,79.25,60.18,34.12,35.69,0,115.33,28.63,66.15,78.68,93.13,11.04,187.46,7.11,0,0,0,9.3,2.59,12.2,14.11,3.32,2.95,10.28,2.75,0,6.02,0,0,0,0,1.01,3.54,8.27,5.63,6.78,5.12,10.06,0,2.52,7.18,0,0,6.94,0,0,0,0,9.42,0,0,0,0,7.62,6.82,0,2.91,3.15,0,0,0,0,0,0,0,0,0,0,0,0,7.03,0,4.7,3.02,0,0,3.35,0,3.02,0,0,0,0,0,0,0,0,0,3.54,0,0,4.99,0,0,6.66,0,0,14.78,16.8,0,20.73,56.04,2.8,26.63,8.65,22.65,0,45.04,0,10.58,0,31.1,20.76,12.17,7.83,0,7.42,50.77,38.9,0,35.62,0,3.4,0,0,0,66.55,14.54,2.9,45.16,0,17.65,11.82
Lachnospiraceae,Shuttleworthia,0,0,0,0,0,0,0,0,0,0,0,0,0,0,0,0,0,0,0,0,0,0,0,15.43,0,0,0,0,0,0,0,0,0,0,0,0,0,0,0,0,0,0,0,0,0,0,0,0,0,0,0,0,0,0,0,0,0,0,0,0,0,0,0,0,0,0,0,0,0,0,0,0,0,0,0,0,0,0,0,5.81,0,0,0,0,0,0,0,0,14.13,0,0,0,0,0,0,0,0,0,0,0,0,0,0,0,0,0,0,0,0,0,0,0,0,0,0,0,0,0,0,0,0,0,0,0,0,0,0,0,0,0,0,0,0,0,0,0,0,0,0,0,0,0,0,0,0,0,0,0,0,0,0,0,0,0,0,0,0,0,0
Lachnospiraceae,Tyzzerella,0,0,7.36,32.39,14.33,14.79,0,19.97,4.06,9.75,0,27.02,1.95,0,0,6.88,23.47,3.07,7.88,16.42,5.85,0,8.57,15.67,10.62,6.75,27.14,14.63,16.37,11.4,6.37,3.05,49.89,7.97,18.14,19.68,15.63,5.33,52.28,0,0,11.24,0,0,0,0,0,0,3.07,0,3.38,0,0,0,0,3.38,0,0,0,3.74,0,3.38,0,0,0,0,6.75,0,2.52,2.62,0,0,0,0,0,0,3.21,0,0,0,0,2.75,4.72,0,0,0,0,3.53,6.02,0,4.57,0,0,0,4.25,0,0,0,0,12.96,3.45,9.34,0,0,0,0,0,0,0,0,0,0,0,0,2.7,0,0,3.03,0,3.43,6.06,0,0,6,0,6.84,3.95,11.31,0,8.36,0,0,0,14.34,0,0,0,6.59,5.92,6.33,0,0,0,0,7.42,0,0,0,0,0,0,0,7.03,3.83,5.31,13.67,0,0,6.15
Methanosarcinaceae,Methanosarcina,0,0,0,0,0,0,0,0,0,0,0,0,0,0,0,0,0,0,0,0,0,0,0,0,0,0,0,0,0,0,0,0,0,0,0,0,0,0,0,0,0,0,0,0,0,0,10.5,0,0,5.59,7.86,0,0,0,0,0,1.58,0,0,0,0,0,0,0,0,0,0,0,0,0,0,0,0,0,1.14,0,0,0,0,5.7,0,0,1.43,0,0,9.28,3.22,0,0,0,0,0,0,0,0,0,0,1.05,0,0,0,4.41,0,1.1,0,0,0,4.94,0,0,0,0,0,0,0,0,0,0,0,0,0,0,0,0,0,0,0,0,0,0,0,0,0,0,0,0,0,0,0,0,0,0,0,0,0,0,0,0,0,0,0,0,0,0,0,0,0,0,0
Methylobacteriaceae,Methylobacterium,3.94,0,0,0,0,0,3.52,0,0,0,0,0,0,0,0,3.07,0,0,0,0,0,0,0,0,0,0,0,0,0,0,0,0,0,0,0,0,0,0,0,0,0,0,0,2.66,2.57,0,0,0,0,0,1.18,0,0,0,0,3.16,0,0,3.68,0,0,0,0,0,0,0,0,0,0,0,0,0,0,1.51,0,0,0,0,0,0,0,0,0,0,0,0,0,1.57,0,0,0,0,0,0,0,0,1.62,0,0,0,0,0,0,0,0,0,0,0,3.49,0,0,0,0,0,0,0,0,0,0,0,0,1.52,0,0,1.44,4.08,0,0,0,0,3.27,1.91,1.92,0,3.95,0,0,0,0,11.59,0,0,0,0,0,3.38,0,0,0,0,3.69,0,0,0,13.12,0,1.45,2.26,6.51
Methylobacteriaceae,Microvirga,0,0,0,0,0,0,0,6.39,0,0,0,0,0,0,0,0,0,2.27,0,0,5.44,2.63,0,0,0,0,0,0,0,0,0,0,0,0,0,0,0,0,0,0,0,0,0,0,0,0,0,0,0,0,3.72,0,0,0,0,0,0,0,0,3.38,0,0,0,0,0,0,0,0,0,0,0,0,0,0,0,0,0,0,0,0,0,0,0,0,0,0,0,0,6.54,0,0,0,0,0,0,0,0,0,0,0,0,3.06,0,0,0,0,2.54,0,0,0,0,0,0,0,0,0,0,0,0,0,0,0,0,0,0,0,0,0,0,0,0,0,0,0,0,0,0,0,0,0,0,0,0,0,0,0,0,0,0,0,0,0,0,4.94,0,0,1.44,0,0
Microbacteriaceae,Clavibacter,0,0,0,0,0,0,0,0,0,0,0,0,0,0,0,0,0,0,0,0,0,0,0,0,0,0,0,0,0,0,0,0,0,0,0,0,0,0,0,0,0,0,0,0,0,0,0,2.1,0,0,0,0,0,0,0,0,0,0,0,0,0,0,0,0,0,0,0,0,0,0,0,0,0,0,0,0,0,0,0,0,0,0,0,0,0,0,0,4.64,0,0,0,0,0,0,0,0,0,0,0,0,0,0,0,0,0,0,0,0,0,0,0,0,0,0,0,0,0,0,0,0,0,0,0,0,0,0,0,0,0,0,0,0,0,0,0,0,0,0,0,0,0,0,0,0,0,0,0,0,0,0,0,0,0,0,0,0,0,0,0
Microbacteriaceae,Microbacterium,71.17,0,0,0,4.53,0,0,0,0,0,0,0,0,0,0,0,0,24.04,90.02,6.3,0,4.74,0,0,0,0,167.76,0,0,0,0,0,0,0,0,0,0,165.51,0,170.04,0,0,0,0,0,0,0,0,0,0,13.08,0,0,0,0,0,0,0,1.19,0,0,8.59,0,7.4,3.62,0,0,0,0,0,0,0,0,0,0,0,1.74,0,3.54,11.02,0,0,0,0,0,0,0,0,0,0,0,0,0,0,0,0,49.7,0,0,0,0,0,0,3.35,0,0,5.05,0,0,0,0,0,0,0,54.52,41.51,70.91,0,0,0,0,0,0,0,0,0,0,0,0,0,0,0,0,97.55,86.14,69.15,46.16,0,0,0,0,0,0,0,0,0,0,3.32,0,0,0,46.11,168.24,26.49,116.38,51.18,0,0,0
Micrococcaceae,Kocuria,0,17.94,5.27,14.37,0,2.37,0,4.4,0,6.14,0,0,0,0,0,16.11,0,0,0,0,0,6.66,7.36,0,0,5.35,0,0,16.76,0,5.03,0,0,0,11.35,5.49,0,0,0,12.41,10.33,10.96,0,20.72,0,0,8.7,23.86,10.47,0,0,27.34,19.47,11.35,10.6,3.06,19.23,0,33.15,0,10.5,11.88,6.62,8.72,0,16.15,0,6.27,5.96,12.3,13.68,9.89,0,0,27.73,35.46,42.32,14.2,24.92,10.04,11.79,5.88,0,0,0,0,14.11,8.81,29.79,4.45,5.11,12.78,18.46,0,7.39,5.16,17.25,0,12.11,9.37,0,0,0,0,0,2.06,3.27,2.39,12.25,0,0,13.56,0,0,14.69,0,10.07,7.29,4.87,11.36,0,0,0,2.37,29.59,12.19,7.58,0,4.21,0,0,23.57,27.24,15.86,9.76,0,0,0,12.73,0,6.57,0,0,0,0,0,0,0,0,12.68,0,0,29.25,0,0,0,0,0,0
Micrococcaceae,Micrococcaceae_u_g,0,0,0,0,0,0,0,0,1.88,0,0,0,0,0,0,0,0,0,0,0,0,0,1.38,0,0,0,0,0,0,0,0,0,0,1.88,0,1.41,0,0,1.91,1.61,0,0,0,0,0,0,0,0,0,0,0,0,0,0,0,0,1.36,0,0,0,0,1.36,2.43,0,0,0,0,0,3.36,0,0,0,0,0,0,0,0,0,0,0,1.14,0,0,1.12,1.12,0,0,1.61,15.56,0,1.61,0,0,0,0,0,0,1.61,0,0,0,0,0,0,0,0,3.66,0,6.1,1.36,0,0,0,2.76,0,0,0,0,1.36,1.64,0,0,0,0,0,0,0,0,1.36,0,1.36,2.15,0,0,0,1.65,3.01,0,0,0,0,0,0,0,3.04,0,0,0,1.36,0,0,1.36,0,0,1.36,0,0,0,1.88
Micromonosporaceae,Micromonospora,0,0,0,7.94,0,0,0,0,0,0,0,0,0,0,0,10.87,0,0,0,0,0,0,0,0,0,0,0,0,0,0,0,0,0,0,0,0,0,0,0,0,0,0,0,0,0,0,0,0,0,0,0,9.31,11.39,7.58,13.91,0,0,0,0,0,0,0,0,0,0,0,0,0,0,0,0,4.54,11.17,0,0,0,0,0,0,0,0,0,0,0,0,0,0,0,9.42,0,0,0,0,0,0,0,0,0,0,0,0,0,0,0,0,0,0,0,16.91,0,0,0,0,0,0,0,0,0,0,0,0,0,0,0,15.41,0,0,0,0,0,0,14.44,0,0,0,0,0,0,5.81,0,10.11,0,0,0,0,0,0,0,0,0,0,0,0,0,0,0,0,0,0
Mycoplasmataceae,Ureaplasma,0,0,0,0,0,0,0,1.75,0,0,0,0,0,0,0,0,0,1.53,0,0,0,0,1.92,0,0,0,0,0,0,0,1.67,0,0,0,1.48,0,2.02,0,0,0,1.67,0,0,0,2.07,0,0,3.29,1.66,0,0,0,0,0,0,0,0,0,0,1.66,0,1.79,0,2.47,0,0,0,0,0,1.68,0,0,1.54,0,0,0,0,0,0,0,0,0,1.86,0,1.53,2.17,0,0,0,0,1.67,0,0,1.57,0,0,2.71,0,0,1.66,0,0,2.06,0,0,0,0,0,0,0,0,0,0,0,0,0,0,0,0,1.6,0,0,0,0,1.74,0,0,0,0,1.7,1.85,0,1.7,0,0,0,1.55,0,0,0,0,0,0,0,0,0,0,0,0,2.49,0,0,0,0,0,1.66,0,0,0
Myxococcaceae,Myxococcaceae_u_g,4.13,0,2.86,0,5.8,0,0,0,0,0,0,0,0,0,0,0,0,0,0,0,0,2.91,0,0,0,0,0,0,0,0,0,0,0,0,0,0,0,0,0,0,0,0,0,0,0,0,1.96,0,0,0,0,0,0,0,0,0,0,0,0,4.15,0,0,0,0,0,0,0,0,0,0,0,0,0,0,0,0,0,0,0,0,0,0,0,0,0,0,0,0,0,0,0,0,0,0,0,0,0,0,0,0,0,0,0,0,0,0,0,0,1.12,0,0,0,0,0,0,0,0,0,0,0,0,0,0,0,0,0,0,0,0,0,0,0,4.45,0,0,0,0,0,0,0,4.52,0,0,0,0,0,0,0,0,0,0,0,0,0,0,0,0,0,0
Nitrospiraceae,Nitrospiraceae_u_g,0,0,0,0,0,0,0,0,0,0,0,0,0,0,0,0,0,0,0,0,0,0,0,0,0,0,0,0,0,0,1.11,0,0,0,0,0,0,0,0,0,0,0,0,0,0,0,0,0,0,0,0,0,0,0,0,0,0,0,0,0,0,0,0,0,0,0,0,0,0,0,0,0,0,0,0,0,0,0,0,0,0,0,0,1.11,0,0,0,0,0,1.11,0,0,0,0,0,0,0,0,0,0,0,0,0,0,0,0,0,0,0,0,0,0,0,0,0,0,0,0,0,0,0,0,0,0,0,0,0,0,0,0,0,0,0,0,0,0,0,0,0,0,0,1.11,0,0,0,0,0,0,0,0,0,0,0,0,0,0,0,0,0
Nocardiopsaceae,Thermobifida,10.27,8.56,138.43,125.32,85.98,0,0,0,3.24,0,4.57,0,13.13,105.71,51.92,6.8,3.63,0,0,5.91,9.05,9.91,0,0,0,4.57,0,0,2.73,0,9.74,4.4,7.97,227.74,9.76,6.86,18.76,1.93,10.4,0,0,0,0,0,0,0,10.55,0,0,10.75,297.15,227.73,301.99,162.6,181.68,251.77,13.22,0,0,9.54,0,0,0,0,0,0,0,0,0,112.41,0,161.45,215.52,221.14,3.83,10.97,4.56,0,0,5,7.15,11.97,2.85,0,0,132.02,0,0,466.98,127,298.3,3.71,3.2,26.44,19.44,10.1,0,11.31,13.65,0,0,3.82,205.44,48.01,54.6,2.73,157.74,207.76,360.86,50.43,4.4,0,44.92,36.26,3.43,2.36,13.65,6.74,4.03,9.95,0,0,0,0,0,0,0,0,0,16.73,0,1.53,0,25.19,17.41,0,0,0,0,0,0,0,0,0,0,0,0,0,0,0,0,9.52,39.49,3.51,0,15.61,0,0,0
Opitutales_u_f,Opitutales_u_g,0,0,0,0,0,0,0,0,0,9.64,0,0,0,0,0,0,0,0,0,0,186.4,0,0,0,0,0,0,0,0,0,0,12.22,0,0,122.19,0,0,22.54,0,0,0,0,0,0,0,0,0,0,0,0,0,0,0,0,0,0,0,0,0,0,0,0,0,0,0,0,0,0,0,0,0,0,0,0,0,0,0,8.29,0,0,0,0,0,0,0,0,0,0,0,0,0,0,0,0,0,0,0,0,0,0,0,0,0,0,0,0,0,0,0,0,0,0,0,0,0,0,0,0,0,0,0,0,0,0,0,0,0,0,0,0,0,0,0,0,0,0,0,0,0,0,0,0,0,0,0,0,0,0,0,0,0,0,0,0,0,0,0,0,0
Paenibacillaceae,Saccharibacillus,0,0,0,0,0,0,0,0,0,0,0,0,0,0,0,0,0,0,0,0,0,0,0,0,0,0,0,0,0,0,0,0,0,0,0,0,0,0,0,0,0,0,0,1.32,0,0,0,0,0,0,0,0,0,0,0,0,0,0,0,0,0,0,0,0,0,0,0,0,0,0,0,0,0,0,0,0,0,0,0,0,1.33,0,0,0,0,0,0,0,0,0,0,0,0,0,0,1.3,0,0,0,0,0,0,0,0,0,0,0,0,0,0,0,0,0,0,0,0,0,0,0,0,0,0,0,0,0,0,0,0,0,0,0,0,0,0,0,0,0,0,0,0,0,0,0,0,0,0,0,0,0,0,0,0,0,1.32,0,0,0,0,0
Pasteurellaceae,Gallibacterium,0,0,0,0,0,0,0,0,0,0,0,0,0,0,0,0,0,0,0,0,0,0,0,0,0,0,0,0,0,0,0,0,0,0,0,0,0,0,0,0,0,0,0,0,0,0,0,0,0,0,0,0,0,0,0,0,0,0,0,0,0,0,0,0,0,0,0,0,0,0,0,0,0,0,0,0,0,0,0,0,0,0,0,0,0,0,0,0,0,0,0,0,0,0,0,0,0,0,0,0,0,0,0,0,0,0,0,0,0,0,0,0,0,0,0,0,0,0,0,0,0,0,0,0,0,0,0,0,0,0,0,0,0,0,0,0,0,0,0,0,0,0,0,0,0,0,0,0,0,0,0,0,0,10.91,0,0,0,0,0
Peptococcaceae,Desulfotomaculum,1.33,0,1.81,0,0,0,1.77,0,0,0,1.85,0,0,0,0,0,0,2.19,0,4.83,0,0,2.62,0,2.4,0,3.58,0,0,0,0,0,0,0,0,0,0,0,0,0,0,0,0,0,2.06,0,0,1.45,0,0,0,0,0,0,0,0,0,0,0,0,0,0,0,0,0,0,0,0,0,0,0,0,0,0,0,0,0,0,0,0,0,0,0,0,1.89,0,2.37,0,0,0,0,0,0,0,1.05,0,1.67,0,0,0,0,0,0,0,0,0,0,0,0,0,0,0,0,0,1.86,0,0,0,0,1.92,0,0,0,0,2.36,0,0,0,0,0,0,0,0,0,0,0,0,0,0,0,2.34,0,2.16,0,0,2.21,0,0,0,0,0,0,0,0,0,0,0,3.43,0
Peptococcaceae,Peptococcaceae_u_g,0,0,0,0,0,0,0,0,0,0,0,0,0,0,0,0,4.9,0,0,0,0,0,0,0,0,0,0,0,0,0,0,0,0,0,0,0,0,0,0,0,0,0,0,0,0,0,0,5.03,0,0,0,0,0,0,0,0,0,0,4.43,7.31,0,0,0,0,0,0,0,0,0,0,0,0,0,0,0,0,0,0,0,0,0,0,0,0,0,0,0,0,4.66,0,0,0,0,0,0,0,0,0,7.13,10.85,0,0,0,0,4.66,0,4.86,0,0,0,0,0,0,0,5.17,5.14,0,0,0,0,0,0,0,0,0,0,0,0,0,0,4.93,0,4.83,4.7,0,0,0,0,5.41,8.88,0,0,0,0,5.72,0,0,0,4.36,0,4.6,0,0,0,0,0,0,4.1,0
Peptoniphilaceae,Anaerococcus,0,0,0,0,0,0,0,0,0,0,0,0,0,0,0,0,0,0,0,0,0,0,0,0,0,0,0,0,0,0,0,0,0,0,0,0,0,0,0,0,0,0,0,0,0,0,0,0,0,0,0,0,0,0,0,0,0,0,0,0,0,0,0,0,0,0,2.99,0,0,0,0,0,0,0,0,0,0,0,0,0,0,0,0,0,0,0,0,0,0,0,0,0,0,0,0,0,0,0,0,0,0,3.15,0,0,0,0,0,0,0,0,0,0,0,0,0,0,0,0,0,0,0,0,0,0,0,0,0,0,0,0,0,0,0,0,0,0,0,0,0,0,0,0,0,0,0,0,0,0,0,0,0,0,5.86,0,0,0,0,0,0
Peptoniphilaceae,Helcococcus,0,0,0,0,0,0,0,0,0,1.33,0,0,0,0,0,0,1.12,1.87,0,0,0,0,0,0,1.16,0,0,0,0,0,13.79,0,0,0,0,0,1.06,0,1.75,0,0,1.61,0,0,3.35,1.08,1.39,0,2.01,1.04,0,0,2.35,0,0,1.71,0,0,0,2.49,2.37,1.82,2.35,1.79,1.03,1.41,2.22,0,2.12,0,1.69,0,1.73,1.4,0,0,0,1.04,1.7,0,2.16,2,1.03,1.65,0,1.22,1.86,0,17.22,1.02,2.38,0,1.33,1.18,1.71,1.18,1.23,0,1.95,1.37,0,0,0,1.71,1.46,1.32,0,1.2,1.44,0,1.33,0,11.36,1.18,1.92,1.89,0,0,1.47,2.13,0,0,0,1.56,0,0,0,0,1.12,0,2.44,0,0,0,2.6,0,0,0,11.33,0,0,2.42,1.29,0,2.46,0,0,0,0,1.2,1.32,1.79,0,1.35,0,0,0,2.9,2.14
Peptoniphilaceae,Parvimonas,0,0,0,4.05,2.26,0,0,0,0,0,0,0,4.24,0,0,0,0,3.43,0,0,0,0,0,0,0,1.93,0,0,0,0,0,0,2.41,0,0,1.99,0,1.74,2.47,0,0,0,3.58,0,0,0,0,3.83,0,0,12.71,1.89,2.99,2.9,0,0,0,0,3.15,0,5.57,0,2.13,0,2.24,0,0,0,0,0,0,0,0,0,0,0,0,0,0,0,3.49,0,2.18,0,0,6.13,0,0,4.18,0,4.46,0,2.82,0,0,0,0,0,4.76,0,0,0,0,0,2.28,0,3.28,3.63,2.53,3.61,0,0,0,4.9,0,0,2.57,0,0,0,0,0,0,3.99,0,3.43,0,0,5.21,3.46,0,0,0,0,0,0,0,0,0,0,0,0,3.89,0,0,0,0,6.05,0,0,2.26,2.13,0,0,0,0,1.81,0,2.52
Peptostreptococcaceae,Intestinibacter,10.23,14.51,24.62,14.06,13.61,56.98,0,25.59,12.47,7.09,0,16.04,0,13.79,12.48,0,0,0,0,28.73,0,0,17.73,64.99,0,9.93,17.21,17.67,16.72,0,0,12.14,15.29,9.75,32.24,17.59,14.95,0,22.33,11.89,0,0,0,0,0,0,0,0,0,0,0,0,0,0,11.77,0,0,0,0,13.12,0,0,0,0,0,0,0,0,0,0,0,0,0,0,0,0,0,0,0,0,0,0,0,0,0,8.1,0,0,0,0,0,0,0,0,0,0,0,0,0,0,0,0,0,0,0,0,0,0,0,0,0,0,0,0,0,0,0,0,0,0,7.17,0,0,0,31.07,7.9,20.35,11.75,0,15.15,0,22.94,0,25.66,0,0,0,11.79,0,17.77,0,0,0,15.31,7.63,0,0,0,10.05,0,0,0,13.4,0,0,8.82,0,0,0
Peptostreptococcaceae,Paeniclostridium,18.2,23.03,13.04,18.94,29.52,6.68,13.98,11.84,22.45,0,18.18,14.85,7.53,27.68,25.88,0,8.45,11.85,0,7.22,15.4,29.53,37.3,23.19,0,20.62,35.62,27.5,8.62,10.6,0,22.25,24.86,15.85,13.15,35.42,30.13,0,36.51,20.6,7.63,0,13.23,0,22.98,0,0,21.75,0,11.03,9.44,0,0,13.83,21.62,0,0,0,0,17.59,0,0,0,11.01,0,0,0,0,0,0,0,0,0,0,0,0,0,0,0,12.92,0,0,0,0,0,12.5,0,12.07,16.32,0,0,0,0,0,10.66,0,0,0,0,11.4,0,0,10.01,0,0,0,0,0,0,0,0,0,0,0,0,0,0,0,0,0,13.18,0,10.3,11.91,17.43,15.99,8.76,23.17,23.03,31.43,15.12,14.63,19.74,43.01,13.98,0,0,23.66,10.47,6.58,0,8.45,16.16,29.31,9.36,9.29,17.65,13.62,15.63,15.17,16.3,0,27.87,0,15.92,23.66,0,12.47,16.29
Peptostreptococcaceae,Peptostreptococcaceae_u_g,20.45,27.99,33.42,13.61,15.66,32.65,6.71,66.77,26.01,11.93,15.85,18.33,12.76,30.7,26.43,12.51,6.79,13.14,22.71,27.51,11.64,24.98,38.24,57.75,7.18,20.59,40.63,30.48,42.86,9.66,0,24.37,38.86,21.14,65.59,39.52,31.6,19.47,20.19,22.01,5.65,8.73,9.14,0,20.1,16.65,4.87,11.14,9.44,6.92,13.92,23.83,6.69,7.97,26.45,9,0,32.89,7,12.88,17.16,9.39,8.95,11.14,10.44,4.44,4.52,10.24,23.25,17.8,17.31,5.5,12.5,0,8.55,8.04,0,14.13,5.59,14.96,0,16.37,5.89,14.2,11.59,13.97,4.74,14.03,15.13,8.15,0,25,0,0,6.47,18.02,10.68,4.91,5.06,7.25,15.29,0,5.84,15.89,13.52,0,10.68,0,10.4,0,5.16,0,20.34,14.79,0,27.9,17.08,17.81,5.3,18.88,14.35,21.78,16.25,9.12,87.11,18.47,48.67,28.6,20.21,32.3,16.84,59.62,20.94,22.19,16.34,18.69,10.85,14.89,8.63,41.94,9.61,5.3,8.87,19.18,13.23,6.03,12.12,9.01,16.34,10.87,21.74,14.82,17.37,6.07,16.88,24.46,6.96,8.47,9.59
Peptostreptococcaceae,Peptostreptococcus,1.96,1.27,1.89,0,29.96,52.78,0,21.64,2.48,0,0,0,0,1.12,0,0,0,1.19,0,1.47,0,1.57,1.73,50.57,0,0,0,0,27.08,0,0,1.52,1.33,2.13,3.39,0,49.55,1.79,26.02,0,0,0,0,1.25,0,0,0,3.12,0,0,0,1.18,0,0,0,0,0,1.45,0,0,1.86,0,1.62,0,0,0,0,0,0,0,0,1.41,0,0,0,1.1,0,0,1.29,1.45,0,0,0,0,1.43,3.28,0,2.23,1.98,0,1.48,0,0,1.23,0,0,0,0,2.23,0,0,0,1.15,0,0,0,0,0,0,0,1.37,0,0,0,0,0,0,0,1.29,0,1.31,0,0,0,1.17,1.66,1.74,0,1.46,0,0,1.28,1.47,22.52,0,0,0,0,11.55,3.4,0,0,14.08,19.11,0,0,0,0,0,0,11.99,0,0,0,0,13.44,0,0,0
Phyllobacteriaceae,Aminobacter,0,0,0,0,0,0,0,0,0,0,0,0,0,0,0,0,0,0,0,0,0,0,0,0,0,0,0,0,0,0,0,0,0,0,0,0,0,0,0,0,0,0,0,0,0,0,0,0,0,0,0,0,0,0,0,0,0,0,0,0,0,0,0,0,0,0,0,0,0,0,0,0,0,0,0,0,0,0,0,0,0,0,0,0,0,0,0,0,8.02,0,0,0,0,0,0,0,0,0,0,0,0,0,0,0,0,0,0,0,0,0,0,0,0,0,0,0,0,0,0,0,0,0,0,0,0,0,0,0,0,0,0,0,0,0,0,0,0,0,0,0,0,0,0,0,0,0,0,0,0,0,0,0,0,0,0,0,0,0,0
Phyllobacteriaceae,Phyllobacteriaceae_u_g,0,0,0,0,0,0,0,0,0,0,0,0,0,0,0,0,0,0,0,1.76,0,0,0,0,0,0,0,0,0,0,0,0,0,0,0,0,0,0,0,0,0,0,0,0,0,0,0,0,0,0,0,0,0,0,0,0,0,0,0,0,0,0,0,0,0,0,0,0,0,0,0,0,6.07,0,0,0,0,0,0,0,0,0,0,0,0,0,0,0,0,0,0,0,0,0,0,0,0,0,0,0,0,0,0,0,0,0,0,0,0,0,0,0,0,0,0,0,0,0,0,0,0,0,0,0,0,0,0,0,0,0,0,0,0,0,0,0,0,0,0,0,0,0,0,0,0,0,0,0,0,0,0,0,0,0,0,0,0,0,0
Planococcaceae,Ureibacillus,0,0,0,0,0,0,0,0,0,0,0,0,0,15.04,10.36,0,0,0,0,0,0,0,0,0,0,0,0,0,0,0,0,0,0,25.99,0,0,0,0,0,0,0,0,0,0,0,0,0,0,0,0,9.37,6.23,10.19,29.86,8.94,11.67,0,0,0,0,0,0,0,0,0,0,0,0,0,0,0,0,11.49,23.15,0,0,0,0,0,0,0,0,0,0,0,0,0,0,22.17,10.56,7.58,0,0,0,0,0,0,0,0,0,0,0,7.65,0,0,0,7.62,6.13,15.81,6.51,0,0,7.46,0,7.61,0,6.04,0,0,0,0,0,0,0,0,0,0,0,0,0,0,0,0,0,0,0,0,0,0,0,0,0,0,0,0,0,0,0,0,0,0,0,0,0,0,0,0,0,0
Porphyromonadaceae,Porphyromonas,14.63,3.04,5.8,3.75,14.36,20.32,9.39,7.14,1.94,3.53,14.56,0,13.52,38.5,0,6,9.81,77.84,7.13,13.53,9.91,1.46,3.91,1.18,11.51,9.45,5.25,3.36,3.19,7.12,8.79,5.12,27.63,7.31,1.39,8.5,4.18,11.07,7.72,3.25,5.55,17.79,11.82,11.79,10.64,20.29,12.87,22.21,9.65,12.03,10.63,15.35,11.35,17.38,1.28,7.82,2.43,16.04,10.55,42,17.91,3.46,7.41,10.94,14.54,64.69,10.93,17.59,9.04,17.39,16.22,17.77,29.73,17.23,7.16,2.15,3.09,6.12,8.89,7.37,11.42,12.68,13.51,10,12.5,10.04,19.57,56.54,13.28,26.52,17.77,23.99,7.82,47.64,9.44,9.12,10.06,12.33,9.55,10.57,9.9,8.62,10.53,20.66,19.6,8.13,49.81,7.14,9.89,8.1,17.8,44.45,10.26,13.82,65.94,13.35,6.6,21.79,18.35,14.85,2.06,26.6,12.7,10.15,9.52,42.08,8.69,7.23,45.35,4.93,20.45,2,6.98,18.83,61.35,10.65,30.88,26.66,38.77,11.91,8.46,10.08,20.51,7.4,18.07,7.6,7.78,13.64,8.89,7.68,9.49,44.91,4.64,14.52,7.27,9.43,22.71,12.27,14.39
Propionibacteriaceae,Acidipropionibacterium,0,0,0,0,0,0,0,0,0,0,0,0,0,0,0,0,0,0,0,0,0,0,9.03,0,0,0,0,0,0,0,0,0,0,0,0,52.99,0,0,0,0,0,0,0,0,0,0,0,0,0,0,0,6.08,0,0,0,0,0,0,7,0,0,0,0,0,0,0,0,0,0,0,0,0,0,0,0,0,0,0,0,0,0,0,0,0,0,0,0,0,4.73,0,0,0,0,0,0,0,13.83,0,0,0,0,0,0,0,0,0,0,6.83,0,0,3.21,0,0,8.98,0,0,10.6,0,0,0,0,0,0,0,0,0,0,0,0,0,0,0,0,0,0,0,0,0,0,0,0,0,0,0,0,0,0,0,0,0,0,2.9,4.04,0,0,0,0,0,0
Propionibacteriaceae,Cutibacterium,0,0,0,0,0,0,0,0,0,0,0,0,0,0,0,0,0,0,0,0,0,0,0,0,0,0,0,0,0,0,0,0,0,0,0,0,0,0,0,0,0,0,0,0,0,0,0,0,0,0,0,0,0,1.61,7.44,0,0,0,0,0,0,0,0,0,0,0,0,0,0,0,0,0,0,0,0,0,0,0,0,0,0,0,0,0,0,0,0,0,0,0,0,0,0,0,0,0,0,0,0,0,0,0,0,0,0,0,15.98,0,0,0,0,0,0,0,0,0,0,0,0,0,0,0,0,0,0,0,0,0,0,0,0,1.52,0,0,0,0,0,0,0,0,0,0,0,0,0,0,0,0,0,0,0,0,0,0,0,0,0,0,0
Propionibacteriaceae,Propionibacteriaceae_u_g,0,0,0,0,0,0,0,0,0,0,0,0,0,0,0,0,0,0,0,0,0,0,0,0,0,0,0,0,0,0,0,0,0,0,0,0,0,0,0,0,0,0,0,0,0,0,0,0,0,0,0,0,0,7.69,5.79,0,0,0,0,0,0,0,0,0,0,0,0,0,0,0,0,0,0,0,0,0,0,0,0,0,0,0,0,0,0,0,0,0,0,0,0,0,0,0,0,0,0,0,0,0,0,0,0,0,0,0,8.54,0,0,0,0,0,0,0,0,0,0,0,0,0,0,0,0,0,0,0,0,0,0,0,0,0,0,0,0,0,0,0,0,0,0,0,0,0,0,0,0,0,0,0,0,0,0,0,0,0,0,0,0
Pseudonocardiaceae,Pseudonocardia,0,0,0,0,0,0,0,0,0,0,0,0,0,0,0,0,0,0,0,0,0,0,0,0,0,0,0,0,0,0,0,0,0,0,0,0,0,0,0,0,0,0,0,0,0,0,0,0,0,0,0,0,0,0,0,0,0,0,0,0,0,0,0,0,0,0,0,0,0,0,0,0,0,0,0,0,0,0,0,0,0,1.05,0,0,0,0,0,0,0,0,0,0,0,0,0,0,0,0,0,0,0,0,0,0,0,0,0,0,0,0,0,0,0,0,0,0,0,0,0,0,0,0,0,0,0,0,0,0,0,0,0,0,0,0,0,0,0,0,0,0,0,0,0,0,0,0,0,0,0,0,0,0,0,0,0,0,0,0,0
Pseudonocardiaceae,Saccharomonospora,0,0,22.72,16.62,14.45,0,0,0,0,0,0,0,5.84,245.91,145.17,6.44,0,0,0,0,0,0,0,0,0,0,0,0,0,0,0,0,0,324.41,19.7,16.26,0,0,0,0,9.93,0,0,0,0,0,0,0,0,0,271.43,47.52,53.51,14.28,24.19,11.7,24,0,0,0,0,0,0,0,0,0,0,0,0,113.34,0,30.66,32.77,38.04,50.16,119.75,54.33,0,0,0,0,0,0,0,0,142.39,0,0,133.15,11.29,10.1,37.42,33.39,57.92,58.06,23,21.02,0,0,0,0,0,252.1,39.51,56.03,0,128.49,179.61,43.7,13.1,0,10.63,152.76,54.16,9.78,7.82,17.77,0,0,0,10.58,0,0,0,0,0,0,0,0,4.62,0,0,0,5.2,0,0,6.56,0,0,0,0,0,0,0,0,0,0,0,0,0,0,0,5.78,14.51,17.31,58.48,0,0,0
Pseudonocardiaceae,Saccharopolyspora,0,0,74.23,39.73,18.72,0,0,0,0,0,0,0,0,5.13,22.07,20.32,0,0,0,0,0,0,0,0,0,0,0,0,0,0,0,0,0,72.85,0,0,0,0,0,20.02,0,0,0,0,0,0,0,0,0,0,14.53,5.91,15.36,0,0,12.08,6.73,0,0,0,0,0,0,0,0,0,0,0,0,10.35,0,13.04,10.97,0,16.77,3.22,9.76,0,0,0,0,0,0,0,0,126.47,0,0,250.99,0,21,10.43,13.47,0,6.94,25.27,21.13,0,0,0,3.67,0,119.1,7.12,49.9,0,20.74,55.96,57.47,0,0,12.23,7.14,0,30.87,38.11,12.09,0,0,0,43.29,0,0,0,0,0,0,0,0,0,0,0,0,0,0,0,0,2.05,0,0,0,0,0,0,0,42.3,0,0,0,0,0,0,0,0,0,0,5.62,7.11,0
Rhodobacteraceae,Halocynthiibacter,0,0,0,0,0,0,0,0,0,0,0,0,0,0,0,0,0,0,0,0,0,0,0,0,0,0,0,0,0,0,0,0,0,0,0,0,0,0,0,0,0,0,0,0,0,0,0,0,0,0,0,1.25,0,0,0,0,0,0,0,0,0,0,0,0,0,0,0,0,1.76,0,0,0,0,1.01,0,0,0,1.05,0,0,0,0,0,0,0,0,0,0,0,0,0,1.19,0,0,0,0,0,1.06,0,1.05,0,0,0,0,0,0,0,0,0,0,0,0,0,0,0,0,0,0,0,0,0,0,0,1.21,0,0,0,0,0,0,0,0,0,0,0,0,0,0,0,0,0,0,0,0,0,0,0,0,0,0,0,1.23,0,0,0,0,0,0,0
Rhodospirillaceae,Thalassospira,0,0,0,0,0,0,0,0,0,0,0,0,0,0,0,0,0,0,0,0,0,0,0,0,0,0,0,0,0,0,0,0,0,0,0,0,0,0,0,0,0,0,0,0,0,0,0,0,0,0,0,0,0,0,0,0,0,0,0,0,0,0,0,0,0,0,2.39,0,0,0,0,0,0,0,0,0,0,0,0,0,0,1.84,0,0,0,0,0,0,0,0,0,0,0,0,0,0,0,0,0,0,0,0,0,0,0,0,0,0,0,0,0,0,0,0,0,0,0,0,0,0,0,0,0,0,0,0,0,0,0,0,0,0,0,0,0,0,0,0,0,2.44,0,0,0,0,0,0,0,0,0,0,0,0,0,0,0,0,0,0,0
Rickettsiales_u_f,Rickettsiales_u_g,0,0,0,0,0,0,0,0,0,0,0,0,0,0,0,0,0,0,0,0,0,0,0,0,0,0,0,0,0,0,0,0,0,0,0,0,0,0,0,0,0,0,0,0,0,0,0,0,0,0,0,0,0,0,0,0,0,0,0,0,0,0,0,0,0,0,0,0,0,0,0,0,0,0,0,0,0,0,0,0,0,0,0,0,1.4,0,0,0,0,0,0,0,0,0,0,0,0,0,2.58,0,0,0,0,0,0,0,0,0,0,0,0,0,0,0,0,1.49,0,2.04,0,0,0,0,0,0,0,2.59,0,3.66,3.37,0,0,0,0,0,0,0,0,0,0,0,0,0,0,0,2.83,0,0,0,1.39,0,0,2.19,0,6.32,0,0,0,0,3.11
Rikenellaceae,Rikenellaceae_u_g,0,0,0,0,0,0,0,5.86,0,0,0,0,0,0,0,0,0,0,0,0,0,2.8,0,0,1.61,0,0,0,0,0,0,0,0,0,0,0,0,0,0,0,0,0,0,0,0,0,6.75,5.16,0,0,0,0,0,0,0,0,0,0,0,0,0,0,0,0,0,0,0,0,0,0,0,0,4.15,0,0,0,0,0,0,0,0,0,0,0,0,0,0,0,0,0,0,0,0,0,0,0,0,0,0,0,0,0,0,0,0,0,0,0,0,0,0,0,0,0,0,0,0,0,0,0,0,0,0,0,0,0,0,0,0,0,0,0,0,0,0,0,0,0,0,0,0,0,0,0,0,0,0,0,0,0,0,0,0,0,0,0,0,0,0
Ruminococcaceae,Anaerotruncus,0,0,0,0,0,0,0,0,0,0,0,0,0,0,0,0,0,0,0,0,0,0,0,0,0,0,0,0,0,0,0,0,0,0,0,0,0,0,0,0,0,0,1.81,0,0,0,0,0,0,0,0,0,0,0,0,0,0,0,0,0,0,0,0,0,0,0,0,0,0,0,0,0,0,0,0,0,0,0,0,0,0,0,0,0,0,0,0,0,2.49,0,0,0,0,0,0,0,0,0,0,0,0,0,0,0,0,0,0,0,0,0,0,0,0,0,0,0,0,0,0,0,0,0,0,0,0,0,0,0,0,0,0,0,0,0,0,0,0,0,0,0,0,0,0,0,0,0,0,0,0,0,0,0,0,0,0,0,0,0,0
Ruminococcaceae,Ethanoligenens,0,0,0,0,0,6.94,0,0,0,0,0,0,0,0,0,0,0,0,0,0,0,0,0,0,0,0,0,0,0,0,0,0,0,0,5,0,0,0,0,0,0,0,0,0,0,0,0,0,0,0,0,0,0,0,0,0,0,0,0,0,0,0,0,0,0,0,0,0,0,0,0,0,0,0,0,0,0,0,0,0,0,0,0,0,0,0,0,0,0,0,0,0,0,0,0,0,0,0,0,0,0,0,0,0,0,0,0,0,0,0,0,0,0,0,0,0,0,0,0,0,0,0,0,0,0,0,0,0,0,0,0,0,0,0,0,0,0,0,0,0,0,0,0,0,0,0,0,0,0,0,0,0,0,0,0,0,0,0,0
Selenomonadaceae,Megamonas,0,0,0,4.48,0,0,0,5.13,0,0,0,0,0,0,0,0,0,0,0,0,0,0,0,3.21,0,0,0,4.35,0,0,0,0,0,0,0,4.56,3.8,0,0,0,0,0,2.68,0,0,0,0,6.13,0,0,0,0,0,0,0,0,0,0,0,0,0,0,0,7.89,0,0,4.02,0,0,0,0,0,0,0,0,0,0,0,2.92,0,0,0,0,0,0,0,2.32,0,0,0,0,0,0,0,0,0,0,7.66,0,5.71,0,0,0,1.98,0,0,3.59,0,0,0,0,0,0,5.5,0,0,0,0,2.8,0,0,0,0,0,0,0,3.69,2.9,0,0,5.02,0,0,4.73,0,0,0,0,0,0,0,0,0,0,0,0,0,0,0,0,0,0,2.9,0,0,0,0,0,6.23
Selenomonadaceae,Selenomonadaceae_u_g,6.18,0,0,0,20.34,0,0,0,0,0,0,0,0,0,0,0,0,0,0,0,0,0,0,0,0,0,0,14.19,6.22,0,0,0,5.5,0,222.33,0,0,0,21.55,0,0,0,0,0,0,0,0,0,0,0,0,0,0,0,0,0,0,0,0,0,0,0,0,0,0,0,0,0,0,0,0,0,0,0,0,0,0,0,0,0,0,0,0,0,0,0,0,0,0,0,0,0,0,0,0,0,0,0,0,0,0,0,0,0,0,0,0,0,0,0,0,0,0,0,0,0,0,0,0,0,0,0,0,0,0,0,0,0,0,7.51,0,0,0,0,0,0,0,0,0,0,0,0,0,0,0,0,0,0,0,0,0,0,0,0,0,0,0,0,0
Shewanellaceae,Shewanella,1.34,0,0,0,0,0,0,0,0,0,0,0,0,0,0,0,1.14,0,0,0,0,0,0,0,0,0,1.59,0,0,0,0,0,0,0,0,0,1.09,0,0,0,1.11,0,0,0,0,0,0,0,0,0,0,0,0,0,0,0,0,0,1.32,0,0,0,0,0,0,0,0,0,0,0,0,0,0,0,0,0,0,0,0,0,0,0,0,0,0,0,0,0,0,0,0,0,0,0,0,0,0,0,0,0,0,0,0,0,0,0,0,0,0,0,0,0,0,0,0,0,0,0,0,0,0,0,0,0,0,0,1.62,0,0,0,0,0,0,0,0,0,0,0,0,0,0,0,0,0,0,0,0,0,0,0,0,0,0,0,0,0,0,0,0
Sphaerobacteraceae,Sphaerobacteraceae_u_g,0,0,0,0,0,0,0,0,0,0,0,0,0,0,0,0,0,0,0,0,0,0,0,0,0,0,0,0,0,0,0,0,0,0,0,0,0,0,0,0,0,0,0,0,0,0,0,0,0,0,0,0,0,0,0,0,0,0,0,0,0,0,0,0,0,0,0,0,0,0,0,0,0,0,0,0,0,0,0,0,0,0,0,0,0,0,0,0,2.66,0,0,0,0,0,0,0,0,0,0,0,0,0,0,0,0,0,0,0,0,0,0,0,0,0,0,0,0,0,0,0,0,0,0,0,0,0,0,0,0,0,0,0,0,0,0,0,0,0,0,0,0,0,0,0,0,0,0,0,0,0,0,0,0,0,0,0,0,0,0
Sphingobacteriaceae,Sphingobacteriaceae_u_g,0,0,0,0,0,0,0,0,0,0,0,0,0,0,0,0,0,0,0,0,0,0,0,0,0,0,0,0,0,0,0,0,0,0,0,0,0,0,0,0,0,0,0,0,0,0,0,0,0,0,0,0,0,0,0,0,0,0,0,0,0,0,0,0,0,0,0,0,0,0,0,0,0,0,0,0,0,0,0,0,0,0,0,0,0,0,0,0,0,0,0,0,0,0,0,0,0,0,0,0,0,0,0,0,0,0,0,0,0,0,0,0,0,0,0,0,0,0,0,0,0,0,0,0,0,0,0,0,0,0,0,0,0,0,0,0,0,0,0,0,0,3.93,0,0,0,0,0,0,0,0,0,0,0,0,0,0,0,0,0
Spirochaetaceae,Treponema,55.12,0,2.97,45.78,34.59,93.87,14.28,37.23,1.05,21.85,23.79,4.98,15.05,19.43,0,0,77.94,15.85,28.6,43.25,4.33,17.25,27.39,5.6,121.5,5.32,47.83,5.88,147.74,160.21,34.71,2.19,54.79,18.74,15.01,158.01,117.04,2.51,39.11,1.68,4.12,15.36,0,23.03,7.94,20.48,0,15.17,6.7,17.19,10.05,9.46,11.69,0,5.19,7.91,9.43,6.84,4.42,5.39,1.54,6.91,11.93,6.85,7.98,11.94,7.66,5.58,21.09,9.3,1.65,6.82,10.06,5.79,0,13.92,0,0,5.92,0,8.44,5.36,9.58,9.21,0,9.09,4.44,7.26,15.44,9.54,15.29,0,4.69,0,5.2,9.52,7.39,8.44,11.62,6.77,6.71,8.18,7.9,5.44,8.77,8.16,6.92,3.02,5.65,7.87,7.5,0,11.76,0,12.55,5.44,2.05,10.61,5.66,1.45,0,5.3,15.1,11.57,9.54,10.46,19.99,14.13,9.04,5.77,29.9,0,1.45,10.45,11.05,2.03,0,17.18,26.19,15.16,6.28,11.55,10.82,9.39,22.68,12.83,29.74,37.94,7.43,15.6,17.49,1.34,12.12,34.12,0,63.27,0,0,17.13
Sporolactobacillaceae,Sporolactobacillus,0,1.56,0,0,0,0,1.91,0,0,0,0,0,0,0,0,0,0,0,0,0,1.6,0,0,0,0,0,0,1.75,1.51,0,0,0,0,0,0,0,1.53,0,0,0,0,0,1.47,0,0,0,0,0,0,0,0,0,1.8,2.37,0,0,0,0,0,1.58,0,0,0,0,0,0,0,0,0,0,0,0,0,1.71,0,0,0,0,0,0,0,0,0,0,0,0,1.74,0,0,0,0,0,0,0,0,0,0,0,0,0,0,1.57,0,0,0,0,0,0,0,0,0,0,0,0,0,0,0,0,0,0,0,0,0,0,0,0,0,0,0,0,0,0,0,0,0,0,0,0,0,0,0,0,0,0,0,0,0,0,0,0,0,0,0,0,0,0,0,0,0
Sporomusaceae,Pelosinus,0,0,0,12.04,0,0,0,0,0,13.28,0,0,0,0,0,9.14,0,70.48,0,0,21.82,0,16.61,4.62,4.02,11.82,0,0,0,9.16,0,0,23.98,4.01,0,6.43,0,0,0,0,0,0,0,0,0,0,0,0,10.39,0,0,0,5.21,0,0,8.37,0,0,14.87,0,0,19.45,0,10.91,8.77,9.71,18.75,5.76,0,0,0,0,12.56,0,0,0,0,8.65,0,13.47,7.8,0,0,0,0,0,0,0,67.71,5.34,18.35,5.32,0,0,0,0,0,0,9.04,0,0,0,0,0,3.98,0,0,0,0,0,0,0,0,0,5.01,0,8.79,0,6.24,4.9,0,0,0,0,32.64,0,0,0,0,0,0,0,4.41,0,0,0,11.61,0,0,14.9,5.54,0,10.4,14.23,0,0,0,0,0,0,0,0,9.25,0,4.25,0,0,0,0
Staphylococcaceae,Staphylococcus,0,0,0,0,0,0,0,0,0,0,0,0,0,0,0,0,0,0,0,0,0,0,0,0,0,0,0,0,4.01,0,0,0,0,0,0,3.18,0,0,0,0,0,0,0,0,0,0,0,0,1.44,0,0,0,0,0,0,0,0,0,0,0,0,0,0,0,0,0,0,0,0,0,0,0,0,0,0,0,0,0,0,0,0,0,0,0,0,3.06,0,0,5.85,0,0,0,0,1.11,0,0,0,0,0,0,0,0,0,2.42,0,0,8.77,0,0,0,0,0,0,0,0,0,0,0,0,0,0,0,0,0,0,0,0,0,0,0,0,0,0,0,0,0,0,0,0,0,0,0,0,0,0,0,0,0,0,0,0,0,0,0,0,0,0,0,0
Succinivibrionaceae,Succinatimonas,0,0,9.03,41.6,15.86,22.5,0,61.13,0,0,0,29.4,0,0,0,93.75,98.97,0,12.98,64.69,0,0,0,15.09,0,0,175.91,13.36,43.26,51.92,0,0,77.38,0,75.05,106.32,61.76,0,136.58,0,0,0,0,0,0,0,0,0,0,4.36,0,0,0,0,0,0,0,0,0,0,0,0,0,0,0,0,0,6.51,0,0,0,0,0,0,7.21,0,0,0,0,0,0,0,0,0,0,0,0,0,0,0,0,0,0,0,0,0,0,0,0,0,0,8.91,0,0,0,0,0,0,0,0,0,0,0,2.32,0,0,0,3.31,0,0,0,0,0,0,0,0,0,0,0,2.66,0,0,29.61,77.46,0,0,0,0,0,0,0,0,0,53.5,0,0,7.56,0,0,0,0,0,3.17,19.61,0,11.66,0,0,0
Succinivibrionaceae,Succinivibrio,197.9,7.97,3194.24,19536.67,2733.62,4849.51,52.83,5515.77,66.55,608.47,6.21,15619.36,34.68,743.41,6.99,45.51,8896.67,37.66,4544.96,12187.58,202.88,51.83,114.33,2893.4,748.79,112.81,13564.24,1887.05,4425.38,7319.67,354.67,42.02,12507.05,249.42,5682.42,10959.16,5080.3,85.69,21462.29,6.49,0,25.17,5.33,11.31,0,5.12,7.8,3.35,4.01,0,0,7.74,0,0,0,18.07,0,7.51,15.05,5.28,10.7,3.2,14.82,4.16,7.11,5.28,5.6,4.16,0,0,8.96,15.66,0,0,29.49,4.16,3.25,3.5,13.24,11.62,0,0,10.46,0,0,0,0,0,8.61,12.24,6.6,9.08,0,0,5.06,26.77,0,0,0,0,0,0,56.53,0,0,0,0,0,7.56,30.37,0,0,4.43,13.92,3.25,0,0,0,6.32,0,41.13,0,11.74,3.96,0,0,0,5.49,9.02,1522.22,0,11.37,95.1,4082.03,6.1,16.57,9.62,20.56,2369.22,0,0,21.21,20.6,5283.43,9.5,0,4.22,0,6.94,0,120.02,10.1,22.93,14.82,8.79,2894.02,0,6.32,5.49
Thermoactinomycetaceae,Laceyella,0,0,0,0,0,0,0,0,0,0,0,0,0,0,0,0,0,0,0,0,0,0,0,0,0,0,0,0,0,0,0,0,0,0,0,0,0,0,0,0,0,0,0,0,0,0,0,0,0,0,0,0,0,0,0,0,0,0,0,0,0,0,0,0,0,0,0,0,0,0,0,0,0,0,0,0,0,0,0,0,0,0,0,0,0,0,0,0,6.38,0,0,0,0,0,0,0,0,0,0,0,0,0,0,0,0,0,0,0,0,0,0,0,0,0,0,0,0,0,0,0,0,0,0,0,0,0,0,0,0,0,0,0,0,0,0,0,0,0,0,0,0,0,0,0,0,0,0,0,0,0,0,0,0,0,0,0,0,0,0
Thermoactinomycetaceae,Thermoactinomyces,36.58,0,0,0,0,1.23,0,0,0,0,0,0,59.2,289.95,246.34,301.48,0,26.51,17.5,0,0,0,0,0,0,42.51,0,0,0,0,32.84,39.42,18.8,508.17,17.73,17.3,10.67,34.47,23.47,0,0,0,0,0,0,0,0,0,0,0,44.47,1860.4,2297,518.18,444.79,42.28,48.38,0,7.87,0,0,0,0,0,0,0,0,3.62,0,14.84,0,1889.58,592.46,671.96,114.03,137.51,127.03,0,0,0,0,0,0,0,0,19.79,10.34,27.19,3865.58,382.15,60.15,71.67,86.9,172.49,238.49,22.48,192.54,0,0,0,0,0,36.74,12.23,7.67,0,14.6,23.31,2494.84,20.43,0,66.51,328.34,193.88,118.14,49.36,136.76,0,0,0,0,7.11,10.22,19.15,10.02,0,0,0,14.73,11.16,0,37.87,0,59.61,15.34,9.56,54.83,0,0,0,0,7.72,0,0,7.96,0,0,0,11.98,0,0,8.64,81.65,73.63,130.55,244.76,0,0,0
Thermoanaerobacterales_u_f,Thermoanaerobacterales_u_g,0,0,2.55,1.48,0,0,63.97,0,0,19.78,0,0,0,0,0,0,0,0,0,0,0,0,0,5.69,0,3.12,0,0,0,0,0,0,0,0,2.15,0,0,3.42,13.05,0,0,0,0,0,0,0,0,0,0,0,0,0,0,0,0,0,10.77,0,0,0,0,0,0,0,0,0,0,0,0,0,0,0,0,0,8.84,24.78,10.72,0,0,0,0,0,0,0,0,0,6.14,0,2.5,3.24,0,6.07,8.26,0,2.99,2.13,6.28,0,0,0,0,0,0,0,0,0,0,0,0,0,0,0,9.15,0,42.9,3.66,5.11,0,0,0,0,0,0,0,0,6.38,0,0,0,0,0,3.54,0,0,0,0,0,0,2.74,0,0,0,0,0,0,0,0,0,0,0,0,0,3.4,0,0,0,0,0,0
Veillonellaceae,Megasphaera,0,0,27.07,0,0,104.22,13.22,0,0,25.88,0,0,0,0,0,24.07,17.82,0,0,0,0,0,0,21.35,0,0,0,8.33,0,0,4.32,0,22.17,0,365.11,9.21,19.72,0,39.92,19.35,0,0,0,0,0,5.66,0,7.49,0,0,0,0,0,0,0,0,0,0,5.83,0,0,0,0,0,0,4.42,0,0,0,0,0,0,0,5.74,0,0,0,0,0,7.69,0,0,7.7,0,3.83,0,0,0,9.22,0,0,0,0,0,0,0,0,0,14.27,0,0,5.71,0,0,5.36,4.39,0,0,0,0,0,0,1.77,0,0,0,0,0,0,0,0,0,0,0,0,0,0,0,0,0,0,0,6.17,0,0,0,0,0,0,8.11,0,0,0,18.69,0,0,0,0,0,0,0,0,0,0,0,0,0,0,0
Veillonellaceae,Veillonellaceae_u_g,8.7,0,4.82,32.2,12.24,31.45,0,45.19,8.55,17.66,0,39.81,0,0,0,0,29.9,9.43,6.64,0,7.38,0,35.91,33.83,11.92,3.55,52.85,31.33,9.58,9.95,3.81,0,65.93,4.91,18.58,11.86,37.76,3.59,36.36,0,0,0,0,0,0,0,0,0,0,0,0,0,0,0,0,0,0,0,31.64,0,0,0,0,0,0,0,0,0,0,0,0,0,0,0,0,0,6.54,0,0,0,0,0,0,0,0,0,0,0,0,0,0,0,0,0,0,0,0,0,0,0,0,0,0,0,0,0,0,0,0,0,0,0,0,0,0,0,0,0,0,0,9.95,0,0,0,0,0,0,0,0,0,0,0,0,0,0,0,0,11.54,7.99,0,0,0,0,31.64,0,0,0,0,0,4.04,0,0,0,0,0,26.71,0,7.43,0
Xanthomonadaceae,Pseudoxanthomonas,0,0,0,0,0,0,0,3.54,0,0,0,0,0,0,0,0,0,0,0,0,0,0,0,2.11,0,0,0,0,0,0,0,0,0,0,0,0,0,0,0,2.11,0,0,1.81,0,0,0,0,2.11,0,0,0,0,0,0,0,0,0,0,0,0,0,0,0,0,0,1.79,1.79,0,0,2.11,0,0,0,0,2.11,0,0,0,0,0,0,0,0,0,0,0,0,0,0,0,0,0,0,0,0,2.11,1.83,0,0,0,0,0,0,0,0,0,0,0,0,0,0,0,0,1.83,1.82,0,0,0,1.85,0,0,0,0,0,0,0,1.79,0,0,0,0,0,0,0,1.88,0,0,0,0,0,2.13,0,0,0,0,0,0,0,0,0,0,0,0,0,0,0,0,0,0
Xanthomonadaceae,Xylella,0,0,0,0,0,0,0,0,0,0,0,0,0,0,0,0,2.97,0,0,0,0,0,0,0,0,0,0,0,0,0,0,0,0,0,0,0,0,0,0,0,0,0,0,0,0,0,0,0,0,0,0,0,0,0,0,0,0,0,0,0,0,0,0,0,0,0,0,0,0,0,0,0,0,0,0,0,0,0,0,0,0,0,0,0,0,0,0,0,0,0,0,0,0,0,0,0,0,0,0,0,0,0,0,0,0,0,0,0,0,0,0,0,0,0,0,0,0,0,0,0,0,0,0,0,0,0,0,0,0,0,0,0,0,0,0,0,0,0,0,0,0,0,0,0,0,0,0,0,0,0,0,0,0,0,0,0,0,0,0
Yersiniaceae,Yersinia,0,0,0,0,0,0,0,0,0,0,0,0,0,0,0,0,0,0,0,0,0,0,0,0,0,0,0,0,0,0,0,0,0,0,0,0,0,0,0,0,0,0,0,0,0,0,0,0,0,0,0,0,0,0,0,0,0,0,0,0,0,0,0,0,0,0,0,0,0,0,0,0,0,0,0,0,0,0,0,0,0,0,0,0,0,0,0,0,0,0,0,0,0,0,0,0,0,0,0,0,0,0,0,0,0,0,0,0,0,0,0,0,0,0,0,0,1.77,0,0,0,0,0,0,0,0,0,0,0,0,0,0,0,0,0,0,0,0,0,0,0,0,0,0,0,0,0,0,0,0,0,0,0,0,2.54,0,0,0,0,0